{
	"camera_data":
	{
		"location_worldframe": [ 6819.14208984375, -12.961099624633789, 0 ],
		"quaternion_xyzw_worldframe": [ 0, 0, 0.73390001058578491, 0.67919999361038208 ]
	},
	"objects": [
		{
			"class": "ExoRomper_FullPayload",
			"instance_id": 0,
			"visibility": 0.98669999837875366,
			"location": [ 0, 0, 24.704700469970703 ],
			"quaternion_xyzw": [ 0, 0.70709997415542603, 0, 0.70709997415542603 ],
			"pose_transform": [
				[ 1, 0, 0, 0 ],
				[ 0, 0, -1, 0 ],
				[ 0, -1, 0, 0 ],
				[ 0, 0, 24.704700469970703, 1 ]
			],
			"cuboid_centroid": [ 0, 0, 24.704599380493164 ],
			"projected_cuboid_centroid": [ 981.478271484375, 558.21331787109375 ],
			"bounding_box":
			{
				"top_left": [ -4023.620849609375, -4565.44970703125 ],
				"bottom_right": [ 2572.671630859375, 2237.978515625 ]
			},
			"cuboid": [
				[ 19.291000366210938, -20.600000381469727, -4.8403000831604004 ],
				[ 19.291000366210938, -20.600000381469727, 54.249500274658203 ],
				[ 19.291000366210938, 20.600000381469727, 54.249500274658203 ],
				[ 19.291000366210938, 20.600000381469727, -4.8403000831604004 ],
				[ -19.291000366210938, -20.600000381469727, -4.8403000831604004 ],
				[ -19.291500091552734, -20.600000381469727, 54.249500274658203 ],
				[ -19.291500091552734, 20.600000381469727, 54.249500274658203 ],
				[ -19.291000366210938, 20.600000381469727, -4.8403000831604004 ]
			],
			"projected_cuboid": [
				[ -4955.5, 6919.75634765625 ],
				[ 1511.1456298828125, -9.3086996078491211 ],
				[ 1511.1456298828125, 1125.735107421875 ],
				[ -4955.5, -5803.3291015625 ],
				[ 6918.697265625, 6919.755859375 ],
				[ 451.81478881835938, -9.3088998794555664 ],
				[ 451.81478881835938, 1125.7354736328125 ],
				[ 6918.697265625, -5803.32958984375 ]
			]
		},
		{
			"class": "ExoRomper_Sat",
			"instance_id": 0,
			"visibility": 0.9090999960899353,
			"location": [ -0.8628000020980835, 8.2898998260498047, 41.364898681640625 ],
			"quaternion_xyzw": [ -0.14720000326633453, 0.17430000007152557, 0.6283000111579895, 0.74379998445510864 ],
			"pose_transform": [
				[ 0.026000000536441803, 0.15330000221729279, 0.31360000371932983, 0 ],
				[ 0.052400000393390656, 0.3091999888420105, -0.15549999475479126, 0 ],
				[ 0.34509998559951782, -0.058499999344348907, 0, 0 ],
				[ -0.8628000020980835, 8.2898998260498047, 41.364898681640625, 1 ]
			],
			"cuboid_centroid": [ -0.8628000020980835, 8.2898998260498047, 41.364898681640625 ],
			"projected_cuboid_centroid": [ 950.4359130859375, 857.7327880859375 ],
			"bounding_box":
			{
				"top_left": [ 677.41510009765625, 757.638916015625 ],
				"bottom_right": [ 1003.02880859375, 1144.26318359375 ]
			},
			"cuboid": [
				[ 4.673799991607666, 11.898300170898438, 44.103500366210938 ],
				[ 3.8350000381469727, 6.9510998725891113, 46.591201782226562 ],
				[ -5.7392997741699219, 8.5746002197265625, 46.591201782226562 ],
				[ -4.9004001617431641, 13.52180004119873, 44.103500366210938 ],
				[ 4.013700008392334, 8.0051002502441406, 36.138599395751953 ],
				[ 3.174799919128418, 3.0578999519348145, 38.626300811767578 ],
				[ -6.3994002342224121, 4.6813998222351074, 38.626300811767578 ],
				[ -5.5605001449584961, 9.6287002563476562, 36.138599395751953 ]
			],
			"projected_cuboid": [
				[ 1139.3204345703125, 961.41552734375 ],
				[ 1104.090576171875, 781.18878173828125 ],
				[ 798.02117919921875, 833.26837158203125 ],
				[ 815.98687744140625, 1016.4320068359375 ],
				[ 1146.90771484375, 889.27337646484375 ],
				[ 1103.92529296875, 676.53070068359375 ],
				[ 734.7197265625, 739.348876953125 ],
				[ 752.31317138671875, 956.41632080078125 ]
			]
		}
	]
}