{
	"camera_data":
	{
		"location_worldframe": [ 6817.98974609375, -12.999199867248535, 0 ],
		"quaternion_xyzw_worldframe": [ 0, 0, 0.70310002565383911, 0.71109998226165771 ]
	},
	"objects": [
		{
			"class": "ExoRomper_FullPayload",
			"instance_id": 0,
			"visibility": 0.98669999837875366,
			"location": [ 0, 0, 24.705600738525391 ],
			"quaternion_xyzw": [ 0, 0.70709997415542603, 0, 0.70709997415542603 ],
			"pose_transform": [
				[ 1, 0, 0, 0 ],
				[ 0, 0, -1, 0 ],
				[ 0, -1, 0, 0 ],
				[ 0, 0, 24.705600738525391, 1 ]
			],
			"cuboid_centroid": [ 0, 0, 24.705499649047852 ],
			"projected_cuboid_centroid": [ 981.4783935546875, 558.21331787109375 ],
			"bounding_box":
			{
				"top_left": [ -4023.579833984375, -4565.5234375 ],
				"bottom_right": [ 2572.652099609375, 2237.99365234375 ]
			},
			"cuboid": [
				[ 19.291000366210938, -20.600000381469727, -4.8393998146057129 ],
				[ 19.291000366210938, -20.600000381469727, 54.250400543212891 ],
				[ 19.291000366210938, 20.600000381469727, 54.250400543212891 ],
				[ 19.291000366210938, 20.600000381469727, -4.8393998146057129 ],
				[ -19.291000366210938, -20.600000381469727, -4.8393998146057129 ],
				[ -19.291500091552734, -20.600000381469727, 54.250400543212891 ],
				[ -19.291500091552734, 20.600000381469727, 54.250400543212891 ],
				[ -19.291000366210938, 20.600000381469727, -4.8393998146057129 ]
			],
			"projected_cuboid": [
				[ -4955.61962890625, 6919.67529296875 ],
				[ 1511.1461181640625, -9.3090000152587891 ],
				[ 1511.1461181640625, 1125.7354736328125 ],
				[ -4955.61962890625, -5803.2490234375 ],
				[ 6918.626953125, 6919.6806640625 ],
				[ 451.81478881835938, -9.3088998794555664 ],
				[ 451.81478881835938, 1125.7354736328125 ],
				[ 6918.626953125, -5803.25390625 ]
			]
		},
		{
			"class": "ExoRomper_Sat",
			"instance_id": 0,
			"visibility": 0.93180000782012939,
			"location": [ -4.4839000701904297, 3.2758998870849609, 41.365699768066406 ],
			"quaternion_xyzw": [ -0.24140000343322754, 0.97039997577667236, 0.002199999988079071, 0.008999999612569809 ],
			"pose_transform": [
				[ 0.0057000000961124897, 0.0030000000260770321, -0.3499000072479248, 0 ],
				[ -0.30910000205039978, -0.164000004529953, -0.0065000001341104507, 0 ],
				[ 0.164000004529953, -0.3091999888420105, 0, 0 ],
				[ -4.4839000701904297, 3.2758998870849609, 41.365699768066406, 1 ]
			],
			"cuboid_centroid": [ -4.4839000701904297, 3.2758998870849609, 41.365699768066406 ],
			"projected_cuboid_centroid": [ 820.02801513671875, 676.57537841796875 ],
			"bounding_box":
			{
				"top_left": [ 473.62530517578125, 642.77008056640625 ],
				"bottom_right": [ 877.57171630859375, 987.76593017578125 ]
			},
			"cuboid": [
				[ -4.6098999977111816, -2.2869000434875488, 36.869800567626953 ],
				[ 0.33689999580383301, 0.33700001239776611, 36.973201751708984 ],
				[ -4.2129001617431641, 8.9156999588012695, 36.973201751708984 ],
				[ -9.1602001190185547, 6.2918000221252441, 36.869800567626953 ],
				[ -4.7543997764587402, -2.363800048828125, 45.75830078125 ],
				[ 0.19189999997615814, 0.26010000705718994, 45.861698150634766 ],
				[ -4.3579001426696777, 8.8388004302978516, 45.861698150634766 ],
				[ -9.3057003021240234, 6.214900016784668, 45.75830078125 ]
			],
			"projected_cuboid": [
				[ 795.2550048828125, 465.50839233398438 ],
				[ 995.0679931640625, 571.8345947265625 ],
				[ 811.76617431640625, 918.6151123046875 ],
				[ 611.43927001953125, 813.26123046875 ],
				[ 826.7239990234375, 481.00518798828125 ],
				[ 987.73992919921875, 566.689208984375 ],
				[ 839.9437255859375, 846.259521484375 ],
				[ 678.5941162109375, 761.20697021484375 ]
			]
		}
	]
}