{
	"camera_data":
	{
		"location_worldframe": [ 6805.2529296875, -1.7300000190734863, 0 ],
		"quaternion_xyzw_worldframe": [ 0, 0, 0.066699996590614319, 0.99779999256134033 ]
	},
	"objects": [
		{
			"class": "ExoRomper_FullPayload",
			"instance_id": 0,
			"visibility": 1,
			"location": [ 9.9999997473787516e-05, 0, 24.705600738525391 ],
			"quaternion_xyzw": [ 0, 0.70709997415542603, 0, 0.70709997415542603 ],
			"pose_transform": [
				[ 1, 0, 0, 0 ],
				[ 0, 0, -1, 0 ],
				[ 0, -1, 0, 0 ],
				[ 9.9999997473787516e-05, 0, 24.705600738525391, 1 ]
			],
			"cuboid_centroid": [ 9.9999997473787516e-05, 0, 24.705600738525391 ],
			"projected_cuboid_centroid": [ 981.49737548828125, 558.21270751953125 ],
			"bounding_box":
			{
				"top_left": [ -4023.363037109375, -4565.24658203125 ],
				"bottom_right": [ 2572.558349609375, 2237.954345703125 ]
			},
			"cuboid": [
				[ 19.291400909423828, -20.600000381469727, -4.8397998809814453 ],
				[ 19.291400909423828, -20.600000381469727, 54.25 ],
				[ 19.291400909423828, 20.600000381469727, 54.25 ],
				[ 19.291400909423828, 20.600000381469727, -4.8397998809814453 ],
				[ -19.291299819946289, -20.600000381469727, -4.8397998809814453 ],
				[ -19.291299819946289, -20.600000381469727, 54.249500274658203 ],
				[ -19.291299819946289, 20.600000381469727, 54.249500274658203 ],
				[ -19.291299819946289, 20.600000381469727, -4.8397998809814453 ]
			],
			"projected_cuboid": [
				[ -4954.99658203125, 6918.95458984375 ],
				[ 1511.16845703125, -9.3143997192382812 ],
				[ 1511.16845703125, 1125.7408447265625 ],
				[ -4954.99658203125, -5802.52880859375 ],
				[ 6917.921875, 6918.95458984375 ],
				[ 451.82501220703125, -9.3143997192382812 ],
				[ 451.82501220703125, 1125.7408447265625 ],
				[ 6917.921875, -5802.52880859375 ]
			]
		},
		{
			"class": "ExoRomper_Sat",
			"instance_id": 0,
			"visibility": 0.80299997329711914,
			"location": [ -14.740099906921387, 8.8828001022338867, 41.365699768066406 ],
			"quaternion_xyzw": [ -0.40560001134872437, -0.44049999117851257, -0.54250001907348633, 0.58920001983642578 ],
			"pose_transform": [
				[ -0.027699999511241913, 0.33460000157356262, 0.098999999463558197, 0 ],
				[ 0.0082000000402331352, -0.098700001835823059, 0.33570000529289246, 0 ],
				[ -0.34880000352859497, -0.028899999335408211, 0, 0 ],
				[ -14.740099906921387, 8.8828001022338867, 41.365699768066406, 1 ]
			],
			"cuboid_centroid": [ -14.740099906921387, 8.8828001022338867, 41.365699768066406 ],
			"projected_cuboid_centroid": [ 450.72671508789062, 879.15777587890625 ],
			"bounding_box":
			{
				"top_left": [ 678.12347412109375, 222.45289611816406 ],
				"bottom_right": [ 1087.7200927734375, 643.0352783203125 ]
			},
			"cuboid": [
				[ -19.865100860595703, 11.94159984588623, 45.309101104736328 ],
				[ -19.995800018310547, 13.520899772644043, 39.9375 ],
				[ -10.318099975585938, 14.321700096130371, 39.937999725341797 ],
				[ -10.1875, 12.742400169372559, 45.309600830078125 ],
				[ -19.16200065612793, 3.4439001083374023, 42.794399261474609 ],
				[ -19.292699813842773, 5.0232000350952148, 37.421901702880859 ],
				[ -9.6149997711181641, 5.8239998817443848, 37.422401428222656 ],
				[ -9.4842996597290039, 4.2446999549865723, 42.793899536132812 ]
			],
			"projected_cuboid": [
				[ 328.44461059570312, 952.11962890625 ],
				[ 235.72770690917969, 1064.20751953125 ],
				[ 596.66961669921875, 1094.168212890625 ],
				[ 646.590087890625, 978.53411865234375 ],
				[ 314.53408813476562, 678.49139404296875 ],
				[ 213.57899475097656, 758.8353271484375 ],
				[ 598.7880859375, 790.81402587890625 ],
				[ 651.3773193359375, 706.4600830078125 ]
			]
		}
	]
}