{
	"camera_data":
	{
		"location_worldframe": [ 6815.3330078125, -12.694000244140625, 0 ],
		"quaternion_xyzw_worldframe": [ 0, 0, 0.62620002031326294, 0.77969998121261597 ]
	},
	"objects": [
		{
			"class": "ExoRomper_FullPayload",
			"instance_id": 0,
			"visibility": 0.98669999837875366,
			"location": [ 0.00050000002374872565, 0, 24.705299377441406 ],
			"quaternion_xyzw": [ 0, 0.70709997415542603, 0, 0.70709997415542603 ],
			"pose_transform": [
				[ 1, 0, 0, 0 ],
				[ 0, 0, -1, 0 ],
				[ 0, -1, 0, 0 ],
				[ 0.00050000002374872565, 0, 24.705299377441406, 1 ]
			],
			"cuboid_centroid": [ 0.0010000000474974513, 0, 24.705099105834961 ],
			"projected_cuboid_centroid": [ 981.4783935546875, 558.21319580078125 ],
			"bounding_box":
			{
				"top_left": [ -4023.58447265625, -4565.529296875 ],
				"bottom_right": [ 2572.655517578125, 2237.978515625 ]
			},
			"cuboid": [
				[ 19.291999816894531, -20.600000381469727, -4.8397998809814453 ],
				[ 19.291999816894531, -20.600000381469727, 54.250099182128906 ],
				[ 19.291999816894531, 20.600000381469727, 54.250099182128906 ],
				[ 19.291999816894531, 20.600000381469727, -4.8397998809814453 ],
				[ -19.290500640869141, -20.600000381469727, -4.8397002220153809 ],
				[ -19.290500640869141, -20.600000381469727, 54.25 ],
				[ -19.290500640869141, 20.600000381469727, 54.25 ],
				[ -19.290500640869141, 20.600000381469727, -4.8397002220153809 ]
			],
			"projected_cuboid": [
				[ -4955.3505859375, 6919.59521484375 ],
				[ 1511.1463623046875, -9.3092002868652344 ],
				[ 1511.1463623046875, 1125.7357177734375 ],
				[ -4955.3505859375, -5803.1689453125 ],
				[ 6918.697265625, 6919.755859375 ],
				[ 451.831787109375, -9.309300422668457 ],
				[ 451.831787109375, 1125.7357177734375 ],
				[ 6918.697265625, -5803.32958984375 ]
			]
		},
		{
			"class": "ExoRomper_Sat",
			"instance_id": 0,
			"visibility": 0.94739997386932373,
			"location": [ -10.31879997253418, 2.9430000782012939, 41.365398406982422 ],
			"quaternion_xyzw": [ 0.18490000069141388, 0.9779999852180481, 0.017899999395012856, -0.094800002872943878 ],
			"pose_transform": [
				[ -0.062600001692771912, 0.024499999359250069, -0.34349998831748962, 0 ],
				[ -0.3197999894618988, 0.12540000677108765, 0.06719999760389328, 0 ],
				[ -0.12780000269412994, -0.32580000162124634, 0, 0 ],
				[ -10.31879997253418, 2.9430000782012939, 41.365398406982422, 1 ]
			],
			"cuboid_centroid": [ -10.31879997253418, 2.9430000782012939, 41.365398406982422 ],
			"projected_cuboid_centroid": [ 609.88818359375, 664.5477294921875 ],
			"bounding_box":
			{
				"top_left": [ 467.11691284179688, 373.03311157226562 ],
				"bottom_right": [ 867.60382080078125, 783.13592529296875 ]
			},
			"cuboid": [
				[ -15.445300102233887, -0.26240000128746033, 37.540901184082031 ],
				[ -10.32759952545166, -2.2688999176025391, 36.465301513671875 ],
				[ -6.7827000617980957, 6.7716999053955078, 36.465198516845703 ],
				[ -11.900400161743164, 8.7782001495361328, 37.540901184082031 ],
				[ -13.855999946594238, -0.88569998741149902, 46.265499114990234 ],
				[ -8.7383003234863281, -2.8921000957489014, 45.189800262451172 ],
				[ -5.1933999061584473, 6.1484999656677246, 45.189800262451172 ],
				[ -10.310999870300293, 8.1549997329711914, 46.265399932861328 ]
			],
			"projected_cuboid": [
				[ 368.66790771484375, 547.76470947265625 ],
				[ 559.6011962890625, 465.2200927734375 ],
				[ 704.39678955078125, 835.760009765625 ],
				[ 509.29150390625, 907.68731689453125 ],
				[ 535.3787841796875, 529.60272216796875 ],
				[ 693.4368896484375, 462.56228637695312 ],
				[ 810.27740478515625, 761.5634765625 ],
				[ 649.50189208984375, 821.65301513671875 ]
			]
		}
	]
}