{
	"camera_data":
	{
		"location_worldframe": [ 6819.73779296875, -12.901100158691406, 0 ],
		"quaternion_xyzw_worldframe": [ 0, 0, 0.74940001964569092, 0.66210001707077026 ]
	},
	"objects": [
		{
			"class": "ExoRomper_FullPayload",
			"instance_id": 0,
			"visibility": 0.98669999837875366,
			"location": [ 0, 0, 24.7052001953125 ],
			"quaternion_xyzw": [ 0, 0.70709997415542603, 0, 0.70709997415542603 ],
			"pose_transform": [
				[ 1, 0, 0, 0 ],
				[ 0, 0, -1, 0 ],
				[ 0, -1, 0, 0 ],
				[ 0, 0, 24.7052001953125, 1 ]
			],
			"cuboid_centroid": [ 0, 0, 24.705099105834961 ],
			"projected_cuboid_centroid": [ 981.5543212890625, 558.21331787109375 ],
			"bounding_box":
			{
				"top_left": [ -4023.58447265625, -4565.65283203125 ],
				"bottom_right": [ 2572.6552734375, 2237.96142578125 ]
			},
			"cuboid": [
				[ 19.291000366210938, -20.600000381469727, -4.839900016784668 ],
				[ 19.291500091552734, -20.600000381469727, 54.249900817871094 ],
				[ 19.291500091552734, 20.600000381469727, 54.249900817871094 ],
				[ 19.291000366210938, 20.600000381469727, -4.839900016784668 ],
				[ -19.291500091552734, -20.600000381469727, -4.8397998809814453 ],
				[ -19.291000366210938, -20.600000381469727, 54.249900817871094 ],
				[ -19.291000366210938, 20.600000381469727, 54.249900817871094 ],
				[ -19.291500091552734, 20.600000381469727, -4.8397998809814453 ]
			],
			"projected_cuboid": [
				[ -4955.81298828125, 6919.67529296875 ],
				[ 1511.180908203125, -9.3092002868652344 ],
				[ 1511.180908203125, 1125.7357177734375 ],
				[ -4955.81298828125, -5803.2490234375 ],
				[ 6918.23486328125, 6919.67529296875 ],
				[ 451.84909057617188, -9.3092002868652344 ],
				[ 451.84909057617188, 1125.7357177734375 ],
				[ 6918.23486328125, -5803.2490234375 ]
			]
		},
		{
			"class": "ExoRomper_Sat",
			"instance_id": 0,
			"visibility": 0.89289999008178711,
			"location": [ -12.580100059509277, 4.3801999092102051, 41.365398406982422 ],
			"quaternion_xyzw": [ 0.34999999403953552, 0.87790000438690186, 0.12110000103712082, -0.30370000004768372 ],
			"pose_transform": [
				[ -0.15700000524520874, 0.14880000054836273, -0.2752000093460083, 0 ],
				[ -0.1996999979019165, 0.18930000066757202, 0.21629999577999115, 0 ],
				[ -0.24079999327659607, -0.25400000810623169, 0, 0 ],
				[ -12.580100059509277, 4.3801999092102051, 41.365398406982422, 1 ]
			],
			"cuboid_centroid": [ -12.580100059509277, 4.3801999092102051, 41.365398406982422 ],
			"projected_cuboid_centroid": [ 528.5255126953125, 716.47332763671875 ],
			"bounding_box":
			{
				"top_left": [ 479.94088745117188, 257.51629638671875 ],
				"bottom_right": [ 920.341796875, 731.55487060546875 ]
			},
			"cuboid": [
				[ -19.511699676513672, 4.2610001564025879, 39.601001739501953 ],
				[ -16.316400527954102, 1.2315000295639038, 36.140098571777344 ],
				[ -9.6352996826171875, 8.2786998748779297, 36.140098571777344 ],
				[ -12.830599784851074, 11.308300018310547, 39.601001739501953 ],
				[ -15.525400161743164, 0.48159998655319214, 46.590599060058594 ],
				[ -12.32960033416748, -2.5478999614715576, 43.12969970703125 ],
				[ -5.648399829864502, 4.4993000030517578, 43.129798889160156 ],
				[ -8.8437004089355469, 7.528900146484375, 46.590599060058594 ]
			],
			"projected_cuboid": [
				[ 247.635498046875, 719.02777099609375 ],
				[ 309.0714111328125, 609.14080810546875 ],
				[ 584.4312744140625, 900.57818603515625 ],
				[ 498.95590209960938, 984.9957275390625 ],
				[ 485.17959594726562, 573.6636962890625 ],
				[ 555.7191162109375, 469.9208984375 ],
				[ 786.4542236328125, 714.12811279296875 ],
				[ 698.77532958984375, 799.73077392578125 ]
			]
		}
	]
}