{
	"camera_data":
	{
		"location_worldframe": [ 6811.599609375, 11.236599922180176, 0 ],
		"quaternion_xyzw_worldframe": [ 0, 0, -0.49860000610351562, 0.86690002679824829 ]
	},
	"objects": [
		{
			"class": "ExoRomper_FullPayload",
			"instance_id": 0,
			"visibility": 0.98669999837875366,
			"location": [ 0.0010000000474974513, 0, 24.705099105834961 ],
			"quaternion_xyzw": [ 0, 0.70709997415542603, 0, 0.70709997415542603 ],
			"pose_transform": [
				[ 1, 0, 0, 0 ],
				[ 0, 0, -1, 0 ],
				[ 0, -1, 0, 0 ],
				[ 0.0010000000474974513, 0, 24.705099105834961, 1 ]
			],
			"cuboid_centroid": [ 0.0010000000474974513, 0, 24.705099105834961 ],
			"projected_cuboid_centroid": [ 981.51617431640625, 558.21337890625 ],
			"bounding_box":
			{
				"top_left": [ -4023.658447265625, -4565.6181640625 ],
				"bottom_right": [ 2572.687255859375, 2237.960205078125 ]
			},
			"cuboid": [
				[ 19.291999816894531, -20.600000381469727, -4.8397998809814453 ],
				[ 19.291999816894531, -20.600000381469727, 54.25 ],
				[ 19.291999816894531, 20.600000381469727, 54.25 ],
				[ 19.291999816894531, 20.600000381469727, -4.8397998809814453 ],
				[ -19.291000366210938, -20.600000381469727, -4.8397998809814453 ],
				[ -19.291000366210938, -20.600000381469727, 54.25 ],
				[ -19.291000366210938, 20.600000381469727, 54.25 ],
				[ -19.291000366210938, 20.600000381469727, -4.8397998809814453 ]
			],
			"projected_cuboid": [
				[ -4955.54443359375, 6919.59423828125 ],
				[ 1511.16357421875, -9.3092002868652344 ],
				[ 1511.16357421875, 1125.7357177734375 ],
				[ -4955.54443359375, -5803.169921875 ],
				[ 6918.54736328125, 6919.59423828125 ],
				[ 451.831787109375, -9.3092002868652344 ],
				[ 451.831787109375, 1125.7357177734375 ],
				[ 6918.54736328125, -5803.169921875 ]
			]
		},
		{
			"class": "ExoRomper_Sat",
			"instance_id": 0,
			"visibility": 0.9189000129699707,
			"location": [ -2.3926000595092773, 4.9703001976013184, 41.365699768066406 ],
			"quaternion_xyzw": [ 0.010200000368058681, -0.021900000050663948, 0.42329999804496765, 0.90570002794265747 ],
			"pose_transform": [
				[ -0.01080000028014183, -0.013000000268220901, 0.34959998726844788, 0 ],
				[ 0.22419999539852142, 0.26820001006126404, 0.016899999231100082, 0 ],
				[ 0.26850000023841858, -0.22450000047683716, 0, 0 ],
				[ -2.3926000595092773, 4.9703001976013184, 41.365699768066406, 1 ]
			],
			"cuboid_centroid": [ -2.3926000595092773, 4.9703001976013184, 41.365699768066406 ],
			"projected_cuboid_centroid": [ 895.31781005859375, 737.79290771484375 ],
			"bounding_box":
			{
				"top_left": [ 551.8629150390625, 706.14862060546875 ],
				"bottom_right": [ 934.48651123046875, 1100.3392333984375 ]
			},
			"cuboid": [
				[ 2.988300085067749, 3.8373000621795654, 45.940399169921875 ],
				[ -0.59909999370574951, -0.4544999897480011, 45.670398712158203 ],
				[ -8.0493001937866211, 5.7741999626159668, 45.670398712158203 ],
				[ -4.460899829864502, 10.065999984741211, 45.940898895263672 ],
				[ 3.26419997215271, 4.1663999557495117, 37.061000823974609 ],
				[ -0.32420000433921814, -0.12540000677108765, 36.790798187255859 ],
				[ -7.7744002342224121, 6.1033000946044922, 36.790798187255859 ],
				[ -4.185999870300293, 10.395099639892578, 37.061000823974609 ]
			],
			"projected_cuboid": [
				[ 1078.3795166015625, 683.04949951171875 ],
				[ 961.92962646484375, 543.3394775390625 ],
				[ 718.94537353515625, 747.17449951171875 ],
				[ 836.84661865234375, 885.68182373046875 ],
				[ 1112.6610107421875, 726.2305908203125 ],
				[ 968.35809326171875, 553.1195068359375 ],
				[ 666.728515625, 806.1510009765625 ],
				[ 813.23199462890625, 977.41827392578125 ]
			]
		}
	]
}