{
	"camera_data":
	{
		"location_worldframe": [ 6813.203125, 12.027199745178223, 0 ],
		"quaternion_xyzw_worldframe": [ 0, 0, -0.55699998140335083, 0.83050000667572021 ]
	},
	"objects": [
		{
			"class": "ExoRomper_FullPayload",
			"instance_id": 0,
			"visibility": 0.97369998693466187,
			"location": [ 0, 0, 24.705299377441406 ],
			"quaternion_xyzw": [ 0, 0.70709997415542603, 0, 0.70709997415542603 ],
			"pose_transform": [
				[ 1, 0, 0, 0 ],
				[ 0, 0, -1, 0 ],
				[ 0, -1, 0, 0 ],
				[ 0, 0, 24.705299377441406, 1 ]
			],
			"cuboid_centroid": [ 0, 0, 24.705299377441406 ],
			"projected_cuboid_centroid": [ 981.51617431640625, 558.21331787109375 ],
			"bounding_box":
			{
				"top_left": [ -4023.657958984375, -4565.6181640625 ],
				"bottom_right": [ 2572.688232421875, 2237.960205078125 ]
			},
			"cuboid": [
				[ 19.291000366210938, -20.600000381469727, -4.8397998809814453 ],
				[ 19.291000366210938, -20.600000381469727, 54.25 ],
				[ 19.291000366210938, 20.600000381469727, 54.25 ],
				[ 19.291000366210938, 20.600000381469727, -4.8397998809814453 ],
				[ -19.291500091552734, -20.600000381469727, -4.8396000862121582 ],
				[ -19.291500091552734, -20.600000381469727, 54.250198364257812 ],
				[ -19.291500091552734, 20.600000381469727, 54.250198364257812 ],
				[ -19.291500091552734, 20.600000381469727, -4.8396000862121582 ]
			],
			"projected_cuboid": [
				[ -4955.73828125, 6919.59521484375 ],
				[ 1511.16357421875, -9.3092002868652344 ],
				[ 1511.16357421875, 1125.7357177734375 ],
				[ -4955.73828125, -5803.1689453125 ],
				[ 6918.35302734375, 6919.59521484375 ],
				[ 451.84909057617188, -9.3092002868652344 ],
				[ 451.84909057617188, 1125.7357177734375 ],
				[ 6918.35302734375, -5803.1689453125 ]
			]
		},
		{
			"class": "ExoRomper_Sat",
			"instance_id": 0,
			"visibility": 0.94230002164840698,
			"location": [ -0.8848000168800354, 8.1618003845214844, 41.366001129150391 ],
			"quaternion_xyzw": [ -0.62860000133514404, 0.75830000638961792, 0.11020000278949738, 0.13300000131130219 ],
			"pose_transform": [
				[ 0.022099999710917473, 0.11699999868869781, -0.32910001277923584, 0 ],
				[ -0.061099998652935028, -0.32339999079704285, -0.11909999698400497, 0 ],
				[ 0.34389999508857727, -0.064900003373622894, 0, 0 ],
				[ -0.8848000168800354, 8.1618003845214844, 41.366001129150391, 1 ]
			],
			"cuboid_centroid": [ -0.8848000168800354, 8.1618003845214844, 41.366001129150391 ],
			"projected_cuboid_centroid": [ 949.6654052734375, 853.10211181640625 ],
			"bounding_box":
			{
				"top_left": [ 666.10687255859375, 756.746826171875 ],
				"bottom_right": [ 1055.3929443359375, 1159.386962890625 ]
			},
			"cuboid": [
				[ 3.6782000064849854, 6.1593999862670898, 36.233600616455078 ],
				[ 4.6547999382019043, 11.334699630737305, 38.138900756835938 ],
				[ -4.887199878692627, 13.13599967956543, 38.138900756835938 ],
				[ -5.8642997741699219, 7.9607000350952148, 36.2333984375 ],
				[ 3.1171998977661133, 3.1875998973846436, 44.593299865722656 ],
				[ 4.0946998596191406, 8.3628997802734375, 46.498500823974609 ],
				[ -5.448699951171875, 10.164199829101562, 46.498500823974609 ],
				[ -6.425300121307373, 4.9889001846313477, 44.593299865722656 ]
			],
			"projected_cuboid": [
				[ 1132.7083740234375, 812.27978515625 ],
				[ 1163.31103515625, 1002.3908081054688 ],
				[ 790.65911865234375, 1072.9827880859375 ],
				[ 740.45977783203125, 886.5806884765625 ],
				[ 1085.635498046875, 665.04779052734375 ],
				[ 1112.6854248046875, 827.01287841796875 ],
				[ 807.01129150390625, 884.9124755859375 ],
				[ 766.9005126953125, 725.419677734375 ]
			]
		}
	]
}