{
	"camera_data":
	{
		"location_worldframe": [ 6808.85498046875, 9.1015996932983398, 0 ],
		"quaternion_xyzw_worldframe": [ 0, 0, -0.37810000777244568, 0.92570000886917114 ]
	},
	"objects": [
		{
			"class": "ExoRomper_FullPayload",
			"instance_id": 0,
			"visibility": 0.97369998693466187,
			"location": [ 0.00050000002374872565, 0, 24.705099105834961 ],
			"quaternion_xyzw": [ 0, 0.70709997415542603, 0, 0.70709997415542603 ],
			"pose_transform": [
				[ 1, 0, 0, 0 ],
				[ 0, 0, -1, 0 ],
				[ 0, -1, 0, 0 ],
				[ 0.00050000002374872565, 0, 24.705099105834961, 1 ]
			],
			"cuboid_centroid": [ 0.00050000002374872565, 0, 24.705099105834961 ],
			"projected_cuboid_centroid": [ 981.5352783203125, 558.21307373046875 ],
			"bounding_box":
			{
				"top_left": [ -4023.657958984375, -4565.68017578125 ],
				"bottom_right": [ 2572.688232421875, 2237.95751953125 ]
			},
			"cuboid": [
				[ 19.291999816894531, -20.600000381469727, -4.8403000831604004 ],
				[ 19.291999816894531, -20.600000381469727, 54.25 ],
				[ 19.291999816894531, 20.600000381469727, 54.25 ],
				[ 19.291999816894531, 20.600000381469727, -4.8403000831604004 ],
				[ -19.290500640869141, -20.600000381469727, -4.8403000831604004 ],
				[ -19.290500640869141, -20.600000381469727, 54.25 ],
				[ -19.290500640869141, 20.600000381469727, 54.25 ],
				[ -19.290500640869141, 20.600000381469727, -4.8403000831604004 ]
			],
			"projected_cuboid": [
				[ -4955.044921875, 6918.95068359375 ],
				[ 1511.180908203125, -9.3092002868652344 ],
				[ 1511.180908203125, 1125.7357177734375 ],
				[ -4955.044921875, -5802.529296875 ],
				[ 6917.849609375, 6918.95068359375 ],
				[ 451.84909057617188, -9.3092002868652344 ],
				[ 451.84909057617188, 1125.7357177734375 ],
				[ 6917.849609375, -5802.529296875 ]
			]
		},
		{
			"class": "ExoRomper_Sat",
			"instance_id": 0,
			"visibility": 0.91490000486373901,
			"location": [ -4.2788000106811523, 3.3887999057769775, 41.366199493408203 ],
			"quaternion_xyzw": [ -0.24770000576972961, 0.92940002679824829, 0.070500001311302185, 0.26429998874664307 ],
			"pose_transform": [
				[ 0.15979999303817749, 0.091700002551078796, -0.29760000109672546, 0 ],
				[ -0.2581000030040741, -0.14810000360012054, -0.18420000374317169, 0 ],
				[ 0.17419999837875366, -0.303600013256073, 0, 0 ],
				[ -4.2788000106811523, 3.3887999057769775, 41.366199493408203, 1 ]
			],
			"cuboid_centroid": [ -4.2788000106811523, 3.3887999057769775, 41.366199493408203 ],
			"projected_cuboid_centroid": [ 827.4287109375, 680.6527099609375 ],
			"bounding_box":
			{
				"top_left": [ 458.68038940429688, 643.532470703125 ],
				"bottom_right": [ 882.97491455078125, 1059.6676025390625 ]
			},
			"cuboid": [
				[ -1.8983999490737915, -0.8432999849319458, 36.112800598144531 ],
				[ 2.2318999767303467, 1.526900053024292, 39.060501098632812 ],
				[ -2.600600004196167, 9.9495000839233398, 39.060501098632812 ],
				[ -6.7314000129699707, 7.5792999267578125, 36.112800598144531 ],
				[ -5.9560999870300293, -3.1719000339508057, 43.672401428222656 ],
				[ -1.825700044631958, -0.80169999599456787, 46.619598388671875 ],
				[ -6.6586999893188477, 7.6209001541137695, 46.619598388671875 ],
				[ -10.78909969329834, 5.2506999969482422, 43.672401428222656 ]
			],
			"projected_cuboid": [
				[ 903.19879150390625, 523.31048583984375 ],
				[ 1066.6134033203125, 616.63592529296875 ],
				[ 882.32012939453125, 938.90911865234375 ],
				[ 703.84942626953125, 871.88958740234375 ],
				[ 778.34912109375, 449.66409301757812 ],
				[ 923.1593017578125, 532.51287841796875 ],
				[ 768.74798583984375, 802.53131103515625 ],
				[ 613.5064697265625, 737.90472412109375 ]
			]
		}
	]
}