{
	"camera_data":
	{
		"location_worldframe": [ 6808.4658203125, 8.687199592590332, 0 ],
		"quaternion_xyzw_worldframe": [ 0, 0, -0.35780000686645508, 0.93379998207092285 ]
	},
	"objects": [
		{
			"class": "ExoRomper_FullPayload",
			"instance_id": 0,
			"visibility": 0.98669999837875366,
			"location": [ 0.0010000000474974513, 0, 24.705600738525391 ],
			"quaternion_xyzw": [ 0, 0.70709997415542603, 0, 0.70709997415542603 ],
			"pose_transform": [
				[ 1, 0, 0, 0 ],
				[ 0, 0, -1, 0 ],
				[ 0, -1, 0, 0 ],
				[ 0.0010000000474974513, 0, 24.705600738525391, 1 ]
			],
			"cuboid_centroid": [ 0.00050000002374872565, 0, 24.704599380493164 ],
			"projected_cuboid_centroid": [ 981.4404296875, 558.21307373046875 ],
			"bounding_box":
			{
				"top_left": [ -4023.657958984375, -4565.49462890625 ],
				"bottom_right": [ 2572.688232421875, 2237.98876953125 ]
			},
			"cuboid": [
				[ 19.291999816894531, -20.600000381469727, -4.8397998809814453 ],
				[ 19.291999816894531, -20.600000381469727, 54.25 ],
				[ 19.291999816894531, 20.600000381469727, 54.25 ],
				[ 19.291999816894531, 20.600000381469727, -4.8397998809814453 ],
				[ -19.290500640869141, -20.600000381469727, -4.8397998809814453 ],
				[ -19.291000366210938, -20.600000381469727, 54.25 ],
				[ -19.291000366210938, 20.600000381469727, 54.25 ],
				[ -19.290500640869141, 20.600000381469727, -4.8397998809814453 ]
			],
			"projected_cuboid": [
				[ -4955.94775390625, 6920.236328125 ],
				[ 1511.1375732421875, -9.3092002868652344 ],
				[ 1511.1375732421875, 1125.7357177734375 ],
				[ -4955.94775390625, -5803.810546875 ],
				[ 6919.341796875, 6920.236328125 ],
				[ 451.805908203125, -9.3092002868652344 ],
				[ 451.805908203125, 1125.7357177734375 ],
				[ 6919.341796875, -5803.810546875 ]
			]
		},
		{
			"class": "ExoRomper_Sat",
			"instance_id": 0,
			"visibility": 0.83639997243881226,
			"location": [ -14.700200080871582, 8.5212001800537109, 41.365699768066406 ],
			"quaternion_xyzw": [ -0.059200000017881393, -0.067800000309944153, -0.65530002117156982, 0.75 ],
			"pose_transform": [
				[ -0.00839999970048666, 0.062199998646974564, 0.34430000185966492, 0 ],
				[ 0.046199999749660492, -0.34119999408721924, 0.062700003385543823, 0 ],
				[ -0.34679999947547913, -0.046900000423192978, 0, 0 ],
				[ -14.700200080871582, 8.5212001800537109, 41.365699768066406, 1 ]
			],
			"cuboid_centroid": [ -14.700200080871582, 8.5212001800537109, 41.365699768066406 ],
			"projected_cuboid_centroid": [ 452.13531494140625, 866.08697509765625 ],
			"bounding_box":
			{
				"top_left": [ 732.2550048828125, 185.86489868164062 ],
				"bottom_right": [ 1001.9276123046875, 650.38702392578125 ]
			},
			"cuboid": [
				[ -19.248500823974609, 5.9293999671936035, 46.241199493408203 ],
				[ -19.987800598144531, 11.389699935913086, 45.236801147460938 ],
				[ -10.364700317382812, 12.692000389099121, 45.237300872802734 ],
				[ -9.6260004043579102, 7.2318000793457031, 46.240699768066406 ],
				[ -19.034700393676758, 4.3505001068115234, 37.495098114013672 ],
				[ -19.773899078369141, 9.8107004165649414, 36.490699768066406 ],
				[ -10.151399612426758, 11.113100051879883, 36.491199493408203 ],
				[ -9.4120998382568359, 5.6528000831604004, 37.494598388671875 ]
			],
			"projected_cuboid": [
				[ 361.42678833007812, 749.85888671875 ],
				[ 323.32620239257812, 934.50921630859375 ],
				[ 640.18988037109375, 977.53167724609375 ],
				[ 671.38470458984375, 791.95428466796875 ],
				[ 225.27940368652344, 731.62542724609375 ],
				[ 174.30140686035156, 960.030517578125 ],
				[ 567.11102294921875, 1013.3638916015625 ],
				[ 607.5369873046875, 783.53997802734375 ]
			]
		}
	]
}