{
	"camera_data":
	{
		"location_worldframe": [ 6827.09326171875, -9.4229001998901367, 0 ],
		"quaternion_xyzw_worldframe": [ 0, 0, 0.9189000129699707, 0.39440000057220459 ]
	},
	"objects": [
		{
			"class": "ExoRomper_FullPayload",
			"instance_id": 0,
			"visibility": 0.97369998693466187,
			"location": [ -0.00050000002374872565, 0, 24.705099105834961 ],
			"quaternion_xyzw": [ 0, 0.70709997415542603, 0, 0.70709997415542603 ],
			"pose_transform": [
				[ 1, 0, 0, 0 ],
				[ 0, 0, -1, 0 ],
				[ 0, -1, 0, 0 ],
				[ -0.00050000002374872565, 0, 24.705099105834961, 1 ]
			],
			"cuboid_centroid": [ 0, 0, 24.704599380493164 ],
			"projected_cuboid_centroid": [ 981.4783935546875, 558.21307373046875 ],
			"bounding_box":
			{
				"top_left": [ -4023.658447265625, -4565.55615234375 ],
				"bottom_right": [ 2572.688232421875, 2237.970703125 ]
			},
			"cuboid": [
				[ 19.291000366210938, -20.600000381469727, -4.8397998809814453 ],
				[ 19.291000366210938, -20.600000381469727, 54.25 ],
				[ 19.291000366210938, 20.600000381469727, 54.25 ],
				[ 19.291000366210938, 20.600000381469727, -4.8397998809814453 ],
				[ -19.291500091552734, -20.600000381469727, -4.8403000831604004 ],
				[ -19.291500091552734, -20.600000381469727, 54.249500274658203 ],
				[ -19.291500091552734, 20.600000381469727, 54.249500274658203 ],
				[ -19.291500091552734, 20.600000381469727, -4.8403000831604004 ]
			],
			"projected_cuboid": [
				[ -4956.1416015625, 6920.23876953125 ],
				[ 1511.155029296875, -9.3092002868652344 ],
				[ 1511.155029296875, 1125.7357177734375 ],
				[ -4956.1416015625, -5803.81005859375 ],
				[ 6918.04296875, 6918.95166015625 ],
				[ 451.82321166992188, -9.3092002868652344 ],
				[ 451.82321166992188, 1125.7357177734375 ],
				[ 6918.04296875, -5802.5302734375 ]
			]
		},
		{
			"class": "ExoRomper_Sat",
			"instance_id": 0,
			"visibility": 0.98110002279281616,
			"location": [ -9.1400995254516602, 2.5966999530792236, 41.365200042724609 ],
			"quaternion_xyzw": [ 0.08789999783039093, 0.88580000400543213, 0.045000001788139343, -0.45339998602867126 ],
			"pose_transform": [
				[ -0.2784000039100647, 0.055799998342990875, -0.20469999313354492, 0 ],
				[ -0.20069999992847443, 0.040199998766183853, 0.28389999270439148, 0 ],
				[ -0.068800002336502075, -0.34319999814033508, 0, 0 ],
				[ -9.1400995254516602, 2.5966999530792236, 41.365200042724609, 1 ]
			],
			"cuboid_centroid": [ -9.1400995254516602, 2.5966999530792236, 41.365200042724609 ],
			"projected_cuboid_centroid": [ 652.359375, 652.0360107421875 ],
			"bounding_box":
			{
				"top_left": [ 447.0745849609375, 430.06298828125 ],
				"bottom_right": [ 845.46429443359375, 855.8843994140625 ]
			},
			"cuboid": [
				[ -15.235799789428711, -1.1332999467849731, 41.038101196289062 ],
				[ -12.024399757385254, -1.7769999504089355, 36.494598388671875 ],
				[ -10.115699768066406, 7.7442998886108398, 36.494598388671875 ],
				[ -13.326700210571289, 8.3879995346069336, 41.038600921630859 ],
				[ -8.1646003723144531, -2.550800085067749, 46.235801696777344 ],
				[ -4.9535999298095703, -3.1944999694824219, 41.692901611328125 ],
				[ -3.0448999404907227, 6.3267998695373535, 41.692901611328125 ],
				[ -6.2558999061584473, 6.9704999923706055, 46.236301422119141 ]
			],
			"projected_cuboid": [
				[ 428.50820922851562, 516.938720703125 ],
				[ 490.71868896484375, 485.43899536132812 ],
				[ 568.63250732421875, 875.3665771484375 ],
				[ 497.801513671875, 863.69232177734375 ],
				[ 718.47930908203125, 475.75860595703125 ],
				[ 804.521484375, 443.69879150390625 ],
				[ 872.72113037109375, 785.010498046875 ],
				[ 779.96697998046875, 783.5308837890625 ]
			]
		}
	]
}