{
	"camera_data":
	{
		"location_worldframe": [ 6807.1845703125, -7.002500057220459, 0 ],
		"quaternion_xyzw_worldframe": [ 0, 0, 0.28060001134872437, 0.95980000495910645 ]
	},
	"objects": [
		{
			"class": "ExoRomper_FullPayload",
			"instance_id": 0,
			"visibility": 0.97369998693466187,
			"location": [ -0.00019999999494757503, 0, 24.705600738525391 ],
			"quaternion_xyzw": [ 0, 0.70709997415542603, 0, 0.70709997415542603 ],
			"pose_transform": [
				[ 1, 0, 0, 0 ],
				[ 0, 0, -1, 0 ],
				[ 0, -1, 0, 0 ],
				[ -0.00019999999494757503, 0, 24.705600738525391, 1 ]
			],
			"cuboid_centroid": [ -0.00019999999494757503, 0, 24.705600738525391 ],
			"projected_cuboid_centroid": [ 981.4779052734375, 558.21270751953125 ],
			"bounding_box":
			{
				"top_left": [ -4023.658447265625, -4565.55615234375 ],
				"bottom_right": [ 2572.688232421875, 2237.98095703125 ]
			},
			"cuboid": [
				[ 19.291000366210938, -20.600000381469727, -4.8393998146057129 ],
				[ 19.291000366210938, -20.600000381469727, 54.250499725341797 ],
				[ 19.291000366210938, 20.600000381469727, 54.250499725341797 ],
				[ 19.291000366210938, 20.600000381469727, -4.8393998146057129 ],
				[ -19.29170036315918, -20.600000381469727, -4.838900089263916 ],
				[ -19.29170036315918, -20.600000381469727, 54.250499725341797 ],
				[ -19.29170036315918, 20.600000381469727, 54.250499725341797 ],
				[ -19.29170036315918, 20.600000381469727, -4.838900089263916 ]
			],
			"projected_cuboid": [
				[ -4955.54443359375, 6919.59423828125 ],
				[ 1511.1500244140625, -9.3042001724243164 ],
				[ 1511.1500244140625, 1125.730712890625 ],
				[ -4955.54443359375, -5803.17138671875 ],
				[ 6919.2451171875, 6920.23779296875 ],
				[ 451.82321166992188, -9.309300422668457 ],
				[ 451.82321166992188, 1125.7357177734375 ],
				[ 6919.2451171875, -5803.8115234375 ]
			]
		},
		{
			"class": "ExoRomper_Sat",
			"instance_id": 0,
			"visibility": 0.87800002098083496,
			"location": [ -3.5315001010894775, 3.8843998908996582, 41.364700317382812 ],
			"quaternion_xyzw": [ 0.16110000014305115, -0.47859999537467957, 0.27529999613761902, 0.81800001859664917 ],
			"pose_transform": [
				[ -0.24300000071525574, -0.18449999392032623, 0.17149999737739563, 0 ],
				[ 0.13660000264644623, 0.10369999706745148, 0.30509999394416809, 0 ],
				[ 0.21160000562667847, -0.27880001068115234, 0, 0 ],
				[ -3.5315001010894775, 3.8843998908996582, 41.364700317382812, 1 ]
			],
			"cuboid_centroid": [ -3.5315001010894775, 3.8843998908996582, 41.364700317382812 ],
			"projected_cuboid_centroid": [ 854.33807373046875, 698.56488037109375 ],
			"bounding_box":
			{
				"top_left": [ 455.27371215820312, 651.44110107421875 ],
				"bottom_right": [ 887.99871826171875, 1101.526611328125 ]
			},
			"cuboid": [
				[ -2.5897998809814453, -1.4965000152587891, 45.9833984375 ],
				[ -4.7755999565124512, -3.1552999019622803, 41.101100921630859 ],
				[ -10.646200180053711, 4.5798001289367676, 41.101600646972656 ],
				[ -8.4607000350952148, 6.2385997772216797, 45.983898162841797 ],
				[ 3.5834999084472656, 3.1889998912811279, 41.628398895263672 ],
				[ 1.3978999853134155, 1.5302000045776367, 36.745601654052734 ],
				[ -4.4728999137878418, 9.2652997970581055, 36.746101379394531 ],
				[ -2.2874000072479248, 10.924099922180176, 41.628398895263672 ]
			],
			"projected_cuboid": [
				[ 897.61328125, 509.5751953125 ],
				[ 808.43011474609375, 443.47698974609375 ],
				[ 595.6846923828125, 724.7498779296875 ],
				[ 707.438720703125, 760.98138427734375 ],
				[ 1109.7174072265625, 672.70770263671875 ],
				[ 1038.172607421875, 620.45147705078125 ],
				[ 800.18707275390625, 935.0587158203125 ],
				[ 899.6558837890625, 950.41790771484375 ]
			]
		}
	]
}