{
	"camera_data":
	{
		"location_worldframe": [ 6823.30859375, -11.927200317382812, 0 ],
		"quaternion_xyzw_worldframe": [ 0, 0, 0.83600002527236938, 0.54869997501373291 ]
	},
	"objects": [
		{
			"class": "ExoRomper_FullPayload",
			"instance_id": 0,
			"visibility": 0.98669999837875366,
			"location": [ 0.00050000002374872565, 0, 24.705099105834961 ],
			"quaternion_xyzw": [ 0, 0.70709997415542603, 0, 0.70709997415542603 ],
			"pose_transform": [
				[ 1, 0, 0, 0 ],
				[ 0, 0, -1, 0 ],
				[ 0, -1, 0, 0 ],
				[ 0.00050000002374872565, 0, 24.705099105834961, 1 ]
			],
			"cuboid_centroid": [ 0.00050000002374872565, 0, 24.704799652099609 ],
			"projected_cuboid_centroid": [ 981.51641845703125, 558.21337890625 ],
			"bounding_box":
			{
				"top_left": [ -4023.51025390625, -4565.43994140625 ],
				"bottom_right": [ 2572.623291015625, 2237.96533203125 ]
			},
			"cuboid": [
				[ 19.291500091552734, -20.600000381469727, -4.8400998115539551 ],
				[ 19.291999816894531, -20.600000381469727, 54.25 ],
				[ 19.291999816894531, 20.600000381469727, 54.25 ],
				[ 19.291500091552734, 20.600000381469727, -4.8400998115539551 ],
				[ -19.291000366210938, -20.600000381469727, -4.8397998809814453 ],
				[ -19.290500640869141, -20.600000381469727, 54.25 ],
				[ -19.290500640869141, 20.600000381469727, 54.25 ],
				[ -19.291000366210938, 20.600000381469727, -4.8397998809814453 ]
			],
			"projected_cuboid": [
				[ -4955.73828125, 6919.59521484375 ],
				[ 1511.180908203125, -9.3092002868652344 ],
				[ 1511.180908203125, 1125.7357177734375 ],
				[ -4955.73828125, -5803.1689453125 ],
				[ 6918.35302734375, 6919.59521484375 ],
				[ 451.831787109375, -9.3092002868652344 ],
				[ 451.831787109375, 1125.7357177734375 ],
				[ 6918.35302734375, -5803.1689453125 ]
			]
		},
		{
			"class": "ExoRomper_Sat",
			"instance_id": 0,
			"visibility": 0.88330000638961792,
			"location": [ -14.07759952545166, 6.4387001991271973, 41.365501403808594 ],
			"quaternion_xyzw": [ 0.43059998750686646, 0.68339997529983521, 0.31430000066757202, -0.49880000948905945 ],
			"pose_transform": [
				[ -0.14390000700950623, 0.30070000886917114, -0.10670000314712524, 0 ],
				[ -0.046100001782178879, 0.096299998462200165, 0.33329999446868896, 0 ],
				[ -0.3156999945640564, -0.15109999477863312, 0, 0 ],
				[ -14.07759952545166, 6.4387001991271973, 41.365501403808594, 1 ]
			],
			"cuboid_centroid": [ -14.07759952545166, 6.4387001991271973, 41.365501403808594 ],
			"projected_cuboid_centroid": [ 474.589111328125, 790.84698486328125 ],
			"bounding_box":
			{
				"top_left": [ 554.669677734375, 201.79570007324219 ],
				"bottom_right": [ 978.67938232421875, 669.098388671875 ]
			},
			"cuboid": [
				[ -20.653799057006836, 8.9319000244140625, 42.676998138427734 ],
				[ -19.916500091552734, 7.3913002014160156, 37.342998504638672 ],
				[ -11.156700134277344, 11.582799911499023, 37.342998504638672 ],
				[ -11.894000053405762, 13.12339973449707, 42.676998138427734 ],
				[ -16.999000549316406, 1.2946000099182129, 45.387901306152344 ],
				[ -16.262199401855469, -0.2460000067949295, 40.054000854492188 ],
				[ -7.5023999214172363, 3.9454998970031738, 40.054000854492188 ],
				[ -8.2392997741699219, 5.4861001968383789, 45.388198852539062 ]
			],
			"projected_cuboid": [
				[ 260.65188598632812, 871.00897216796875 ],
				[ 187.11959838867188, 854.0299072265625 ],
				[ 536.47979736328125, 1021.7847290039062 ],
				[ 566.3673095703125, 1017.7998046875 ],
				[ 423.64761352539062, 600.84228515625 ],
				[ 376.75119018554688, 549.03448486328125 ],
				[ 702.51287841796875, 705.43548583984375 ],
				[ 711.10528564453125, 738.86297607421875 ]
			]
		}
	]
}