{
	"camera_data":
	{
		"location_worldframe": [ 6807.44873046875, -7.399899959564209, 0 ],
		"quaternion_xyzw_worldframe": [ 0, 0, 0.29820001125335693, 0.95450001955032349 ]
	},
	"objects": [
		{
			"class": "ExoRomper_FullPayload",
			"instance_id": 0,
			"visibility": 0.97369998693466187,
			"location": [ -0.00019999999494757503, 0, 24.705600738525391 ],
			"quaternion_xyzw": [ 0, 0.70709997415542603, 0, 0.70709997415542603 ],
			"pose_transform": [
				[ 1, 0, 0, 0 ],
				[ 0, 0, -1, 0 ],
				[ 0, -1, 0, 0 ],
				[ -0.00019999999494757503, 0, 24.705600738525391, 1 ]
			],
			"cuboid_centroid": [ -0.00019999999494757503, 0, 24.705600738525391 ],
			"projected_cuboid_centroid": [ 981.45941162109375, 558.21337890625 ],
			"bounding_box":
			{
				"top_left": [ -4023.657958984375, -4565.55615234375 ],
				"bottom_right": [ 2572.688232421875, 2237.98095703125 ]
			},
			"cuboid": [
				[ 19.291000366210938, -20.600000381469727, -4.8393998146057129 ],
				[ 19.291299819946289, -20.600000381469727, 54.250499725341797 ],
				[ 19.291299819946289, 20.600000381469727, 54.250499725341797 ],
				[ 19.291000366210938, 20.600000381469727, -4.8393998146057129 ],
				[ -19.291500091552734, -20.600000381469727, -4.8393998146057129 ],
				[ -19.29170036315918, -20.600000381469727, 54.250499725341797 ],
				[ -19.29170036315918, 20.600000381469727, 54.250499725341797 ],
				[ -19.291500091552734, 20.600000381469727, -4.8393998146057129 ]
			],
			"projected_cuboid": [
				[ -4955.44775390625, 6919.59423828125 ],
				[ 1511.1463623046875, -9.309300422668457 ],
				[ 1511.1463623046875, 1125.7357177734375 ],
				[ -4955.44775390625, -5803.17138671875 ],
				[ 6919.2451171875, 6920.23974609375 ],
				[ 451.81451416015625, -9.3092002868652344 ],
				[ 451.81451416015625, 1125.7359619140625 ],
				[ 6919.2451171875, -5803.81005859375 ]
			]
		},
		{
			"class": "ExoRomper_Sat",
			"instance_id": 0,
			"visibility": 0.93879997730255127,
			"location": [ -1.7848999500274658, 5.8196001052856445, 41.365200042724609 ],
			"quaternion_xyzw": [ 0.35109999775886536, -0.62489998340606689, 0.34160000085830688, 0.60790002346038818 ],
			"pose_transform": [
				[ -0.18199999630451202, -0.29879999160766602, -0.0097000002861022949, 0 ],
				[ -0.004999999888241291, -0.0082999998703598976, 0.3499000072479248, 0 ],
				[ 0.29890000820159912, -0.18199999630451202, 0, 0 ],
				[ -1.7848999500274658, 5.8196001052856445, 41.365200042724609, 1 ]
			],
			"cuboid_centroid": [ -1.7848999500274658, 5.8196001052856445, 41.365200042724609 ],
			"projected_cuboid_centroid": [ 917.2213134765625, 768.4835205078125 ],
			"bounding_box":
			{
				"top_left": [ 545.5540771484375, 722.7239990234375 ],
				"bottom_right": [ 978.54559326171875, 1153.3011474609375 ]
			},
			"cuboid": [
				[ 0.010700000450015068, -0.56679999828338623, 44.041999816894531 ],
				[ 0.091300003230571747, -0.43470001220703125, 38.443401336669922 ],
				[ -8.2028999328613281, 4.6159000396728516, 38.443401336669922 ],
				[ -8.2832002639770508, 4.483799934387207, 44.041999816894531 ],
				[ 4.6328001022338867, 7.0233001708984375, 44.287601470947266 ],
				[ 4.7133998870849609, 7.1553001403808594, 38.688499450683594 ],
				[ -3.5808000564575195, 12.206000328063965, 38.688499450683594 ],
				[ -3.661099910736084, 12.07390022277832, 44.287101745605469 ]
			],
			"projected_cuboid": [
				[ 981.85089111328125, 538.97882080078125 ],
				[ 985.0208740234375, 541.3123779296875 ],
				[ 663.66339111328125, 737.6693115234375 ],
				[ 701.34478759765625, 710.37469482421875 ],
				[ 1137.3089599609375, 795.2288818359375 ],
				[ 1162.943115234375, 834.62969970703125 ],
				[ 843.6378173828125, 1029.739990234375 ],
				[ 858.3480224609375, 965.6741943359375 ]
			]
		}
	]
}