{
	"camera_data":
	{
		"location_worldframe": [ 6814.3486328125, 12.435799598693848, 0 ],
		"quaternion_xyzw_worldframe": [ 0, 0, -0.59520000219345093, 0.803600013256073 ]
	},
	"objects": [
		{
			"class": "ExoRomper_FullPayload",
			"instance_id": 0,
			"visibility": 0.98669999837875366,
			"location": [ 0.00050000002374872565, 0, 24.705099105834961 ],
			"quaternion_xyzw": [ 0, 0.70709997415542603, 0, 0.70709997415542603 ],
			"pose_transform": [
				[ 1, 0, 0, 0 ],
				[ 0, 0, -1, 0 ],
				[ 0, -1, 0, 0 ],
				[ 0.00050000002374872565, 0, 24.705099105834961, 1 ]
			],
			"cuboid_centroid": [ 0.00050000002374872565, 0, 24.704999923706055 ],
			"projected_cuboid_centroid": [ 981.51617431640625, 558.21319580078125 ],
			"bounding_box":
			{
				"top_left": [ -4023.58447265625, -4565.529296875 ],
				"bottom_right": [ 2572.655517578125, 2237.962890625 ]
			},
			"cuboid": [
				[ 19.291999816894531, -20.600000381469727, -4.8397998809814453 ],
				[ 19.291500091552734, -20.600000381469727, 54.249801635742188 ],
				[ 19.291500091552734, 20.600000381469727, 54.249801635742188 ],
				[ 19.291999816894531, 20.600000381469727, -4.8397998809814453 ],
				[ -19.291000366210938, -20.600000381469727, -4.8400001525878906 ],
				[ -19.291000366210938, -20.600000381469727, 54.25 ],
				[ -19.291000366210938, 20.600000381469727, 54.25 ],
				[ -19.291000366210938, 20.600000381469727, -4.8400001525878906 ]
			],
			"projected_cuboid": [
				[ -4956.037109375, 6919.91650390625 ],
				[ 1511.1796875, -9.3079996109008789 ],
				[ 1511.1796875, 1125.7344970703125 ],
				[ -4956.037109375, -5803.490234375 ],
				[ 6918.50390625, 6919.75537109375 ],
				[ 451.85018920898438, -9.3079996109008789 ],
				[ 451.85018920898438, 1125.7344970703125 ],
				[ 6918.50390625, -5803.330078125 ]
			]
		},
		{
			"class": "ExoRomper_Sat",
			"instance_id": 0,
			"visibility": 0.90570002794265747,
			"location": [ -12.259300231933594, 4.0946998596191406, 41.365798950195312 ],
			"quaternion_xyzw": [ 0.15889999270439148, 0.43709999322891235, -0.30250000953674316, 0.8320000171661377 ],
			"pose_transform": [
				[ 0.22089999914169312, -0.1851000040769577, 0.19859999418258667, 0 ],
				[ 0.15219999849796295, -0.12749999761581421, -0.28819999098777771, 0 ],
				[ -0.22480000555515289, -0.26829999685287476, 0, 0 ],
				[ -12.259300231933594, 4.0946998596191406, 41.365798950195312, 1 ]
			],
			"cuboid_centroid": [ -12.259300231933594, 4.0946998596191406, 41.365798950195312 ],
			"projected_cuboid_centroid": [ 540.06817626953125, 706.15667724609375 ],
			"bounding_box":
			{
				"top_left": [ 461.43508911132812, 288.09228515625 ],
				"bottom_right": [ 899.0936279296875, 738.24639892578125 ]
			},
			"cuboid": [
				[ -11.354499816894531, -2.9981999397277832, 41.582000732421875 ],
				[ -13.789600372314453, -0.95709997415542603, 46.194000244140625 ],
				[ -7.5531997680664062, 6.4860000610351562, 46.194000244140625 ],
				[ -5.1171998977661133, 4.4449000358581543, 41.582000732421875 ],
				[ -16.965299606323242, 1.7035000324249268, 36.537799835205078 ],
				[ -19.400400161743164, 3.7444999217987061, 41.149700164794922 ],
				[ -13.16409969329834, 11.187600135803223, 41.149799346923828 ],
				[ -10.728500366210938, 9.1465997695922852, 36.537799835205078 ]
			],
			"projected_cuboid": [
				[ 574.7847900390625, 450.45169067382812 ],
				[ 536.853271484375, 527.24639892578125 ],
				[ 737.955078125, 768.0601806640625 ],
				[ 798.1898193359375, 717.97442626953125 ],
				[ 289.88369750976562, 627.89288330078125 ],
				[ 279.23440551757812, 694.214599609375 ],
				[ 505.01089477539062, 964.546875 ],
				[ 544.15692138671875, 932.3489990234375 ]
			]
		}
	]
}