{
	"camera_data":
	{
		"location_worldframe": [ 6805.1376953125, -0.11270000040531158, 0 ],
		"quaternion_xyzw_worldframe": [ 0, 0, 0.0043000001460313797, 1 ]
	},
	"objects": [
		{
			"class": "ExoRomper_FullPayload",
			"instance_id": 0,
			"visibility": 1,
			"location": [ 0, 0, 24.705600738525391 ],
			"quaternion_xyzw": [ 0, 0.70709997415542603, 0, 0.70709997415542603 ],
			"pose_transform": [
				[ 1, 0, 0, 0 ],
				[ 0, 0, -1, 0 ],
				[ 0, -1, 0, 0 ],
				[ 0, 0, 24.705600738525391, 1 ]
			],
			"cuboid_centroid": [ 0, 0, 24.705600738525391 ],
			"projected_cuboid_centroid": [ 981.494384765625, 558.21307373046875 ],
			"bounding_box":
			{
				"top_left": [ -4023.0693359375, -4564.87451171875 ],
				"bottom_right": [ 2572.426025390625, 2237.955078125 ]
			},
			"cuboid": [
				[ 19.291299819946289, -20.600000381469727, -4.8397998809814453 ],
				[ 19.291299819946289, -20.600000381469727, 54.25 ],
				[ 19.291299819946289, 20.600000381469727, 54.25 ],
				[ 19.291299819946289, 20.600000381469727, -4.8397998809814453 ],
				[ -19.291299819946289, -20.600000381469727, -4.8397998809814453 ],
				[ -19.291299819946289, -20.600000381469727, 54.25 ],
				[ -19.291299819946289, 20.600000381469727, 54.25 ],
				[ -19.291299819946289, 20.600000381469727, -4.8397998809814453 ]
			],
			"projected_cuboid": [
				[ -4954.96484375, 6918.95458984375 ],
				[ 1511.165771484375, -9.3143997192382812 ],
				[ 1511.165771484375, 1125.7408447265625 ],
				[ -4954.96484375, -5802.52880859375 ],
				[ 6917.94580078125, 6918.95458984375 ],
				[ 451.822998046875, -9.3143997192382812 ],
				[ 451.822998046875, 1125.7408447265625 ],
				[ 6917.94580078125, -5802.52880859375 ]
			]
		},
		{
			"class": "ExoRomper_Sat",
			"instance_id": 0,
			"visibility": 0.80000001192092896,
			"location": [ -14.73960018157959, 8.8760995864868164, 41.365699768066406 ],
			"quaternion_xyzw": [ -0.074299998581409454, -0.080799996852874756, -0.67290002107620239, 0.73159998655319214 ],
			"pose_transform": [
				[ -0.006399999838322401, 0.076099999248981476, 0.34160000085830688, 0 ],
				[ 0.028500000014901161, -0.34040001034736633, 0.076300002634525299, 0 ],
				[ -0.34880000352859497, -0.029200000688433647, 0, 0 ],
				[ -14.73960018157959, 8.8760995864868164, 41.365699768066406, 1 ]
			],
			"cuboid_centroid": [ -14.73960018157959, 8.8760995864868164, 41.365699768066406 ],
			"projected_cuboid_centroid": [ 450.743896484375, 878.91668701171875 ],
			"bounding_box":
			{
				"top_left": [ 747.739990234375, 185.76750183105469 ],
				"bottom_right": [ 1004.4890747070312, 647.63397216796875 ]
			},
			"cuboid": [
				[ -19.430999755859375, 6.713900089263916, 46.314498901367188 ],
				[ -19.886899948120117, 12.160699844360352, 45.092800140380859 ],
				[ -10.210000038146973, 12.970700263977051, 45.092800140380859 ],
				[ -9.7539997100830078, 7.523900032043457, 46.314498901367188 ],
				[ -19.269199371337891, 4.7814998626708984, 37.638698577880859 ],
				[ -19.725099563598633, 10.228300094604492, 36.416999816894531 ],
				[ -10.048199653625488, 11.038299560546875, 36.416999816894531 ],
				[ -9.5923004150390625, 5.5914998054504395, 37.638698577880859 ]
			],
			"projected_cuboid": [
				[ 356.57699584960938, 774.87347412109375 ],
				[ 324.58590698242188, 961.2755126953125 ],
				[ 644.23577880859375, 988.12298583984375 ],
				[ 667.79498291015625, 801.01300048828125 ],
				[ 218.93150329589844, 748.08221435546875 ],
				[ 174.70140075683594, 977.99359130859375 ],
				[ 570.5040283203125, 1011.2369995117188 ],
				[ 601.88702392578125, 780.246826171875 ]
			]
		}
	]
}