{
	"camera_data":
	{
		"location_worldframe": [ 6826.08544921875, -10.286999702453613, 0 ],
		"quaternion_xyzw_worldframe": [ 0, 0, 0.89759999513626099, 0.4408000111579895 ]
	},
	"objects": [
		{
			"class": "ExoRomper_FullPayload",
			"instance_id": 0,
			"visibility": 0.98669999837875366,
			"location": [ 0, 0, 24.705099105834961 ],
			"quaternion_xyzw": [ 0, 0.70709997415542603, 0, 0.70709997415542603 ],
			"pose_transform": [
				[ 1, 0, 0, 0 ],
				[ 0, 0, -1, 0 ],
				[ 0, -1, 0, 0 ],
				[ 0, 0, 24.705099105834961, 1 ]
			],
			"cuboid_centroid": [ 0, 0, 24.705099105834961 ],
			"projected_cuboid_centroid": [ 981.4783935546875, 558.21337890625 ],
			"bounding_box":
			{
				"top_left": [ -4023.658447265625, -4565.6181640625 ],
				"bottom_right": [ 2572.688232421875, 2237.954833984375 ]
			},
			"cuboid": [
				[ 19.291500091552734, -20.600000381469727, -4.8397998809814453 ],
				[ 19.291000366210938, -20.600000381469727, 54.25 ],
				[ 19.291000366210938, 20.600000381469727, 54.25 ],
				[ 19.291500091552734, 20.600000381469727, -4.8397998809814453 ],
				[ -19.291500091552734, -20.600000381469727, -4.8397998809814453 ],
				[ -19.291500091552734, -20.600000381469727, 54.25 ],
				[ -19.291500091552734, 20.600000381469727, 54.25 ],
				[ -19.291500091552734, 20.600000381469727, -4.8397998809814453 ]
			],
			"projected_cuboid": [
				[ -4955.73828125, 6919.59375 ],
				[ 1511.16357421875, -9.3092002868652344 ],
				[ 1511.16357421875, 1125.7357177734375 ],
				[ -4955.73828125, -5803.17138671875 ],
				[ 6918.54736328125, 6919.59521484375 ],
				[ 451.831787109375, -9.3092002868652344 ],
				[ 451.831787109375, 1125.7357177734375 ],
				[ 6918.54736328125, -5803.169921875 ]
			]
		},
		{
			"class": "ExoRomper_Sat",
			"instance_id": 0,
			"visibility": 0.91299998760223389,
			"location": [ -2.561500072479248, 4.7772002220153809, 41.365200042724609 ],
			"quaternion_xyzw": [ -0.38019999861717224, 0.85369998216629028, -0.14480000734329224, -0.32510000467300415 ],
			"pose_transform": [
				[ -0.15569999814033508, -0.17299999296665192, -0.2614000141620636, 0 ],
				[ -0.17489999532699585, -0.19429999589920044, 0.23280000686645508, 0 ],
				[ 0.26010000705718994, -0.23420000076293945, 0, 0 ],
				[ -2.561500072479248, 4.7772002220153809, 41.365200042724609, 1 ]
			],
			"cuboid_centroid": [ -2.561500072479248, 4.7772002220153809, 41.365200042724609 ],
			"projected_cuboid_centroid": [ 889.2666015625, 730.81707763671875 ],
			"bounding_box":
			{
				"top_left": [ 484.72799682617188, 688.291015625 ],
				"bottom_right": [ 929.99261474609375, 1125.037353515625 ]
			},
			"cuboid": [
				[ -2.3301000595092773, -2.2227001190185547, 39.908199310302734 ],
				[ 0.46779999136924744, 0.88569998741149902, 36.183101654052734 ],
				[ -6.7494997978210449, 7.3824000358581543, 36.183601379394531 ],
				[ -9.5474004745483398, 4.273900032043457, 39.908199310302734 ],
				[ 1.625499963760376, 2.1721000671386719, 46.547401428222656 ],
				[ 4.423799991607666, 5.2804999351501465, 42.821800231933594 ],
				[ -2.7934999465942383, 11.777199745178223, 42.822299957275391 ],
				[ -5.5918002128601074, 8.6687002182006836, 46.546901702880859 ]
			],
			"projected_cuboid": [
				[ 894.53021240234375, 474.97369384765625 ],
				[ 1000.7822265625, 594.7996826171875 ],
				[ 703.651123046875, 863.14337158203125 ],
				[ 625.16168212890625, 718.268310546875 ],
				[ 1033.5340576171875, 627.95538330078125 ],
				[ 1135.38330078125, 742.5120849609375 ],
				[ 884.33837890625, 969.25537109375 ],
				[ 802.5595703125, 836.55279541015625 ]
			]
		}
	]
}