{
	"camera_data":
	{
		"location_worldframe": [ 6806.671875, -6.1273999214172363, 0 ],
		"quaternion_xyzw_worldframe": [ 0, 0, 0.24289999902248383, 0.97000002861022949 ]
	},
	"objects": [
		{
			"class": "ExoRomper_FullPayload",
			"instance_id": 0,
			"visibility": 0.97369998693466187,
			"location": [ 0, 0, 24.706100463867188 ],
			"quaternion_xyzw": [ 0, 0.70709997415542603, 0, 0.70709997415542603 ],
			"pose_transform": [
				[ 1, 0, 0, 0 ],
				[ 0, 0, -1, 0 ],
				[ 0, -1, 0, 0 ],
				[ 0, 0, 24.706100463867188, 1 ]
			],
			"cuboid_centroid": [ 0, 0, 24.705600738525391 ],
			"projected_cuboid_centroid": [ 981.49737548828125, 558.21307373046875 ],
			"bounding_box":
			{
				"top_left": [ -4023.95166015625, -4565.97412109375 ],
				"bottom_right": [ 2572.8193359375, 2237.97314453125 ]
			},
			"cuboid": [
				[ 19.291500091552734, -20.600000381469727, -4.8393998146057129 ],
				[ 19.291299819946289, -20.600000381469727, 54.250499725341797 ],
				[ 19.291299819946289, 20.600000381469727, 54.250499725341797 ],
				[ 19.291500091552734, 20.600000381469727, -4.8393998146057129 ],
				[ -19.291000366210938, -20.600000381469727, -4.8393998146057129 ],
				[ -19.291299819946289, -20.600000381469727, 54.250499725341797 ],
				[ -19.291299819946289, 20.600000381469727, 54.250499725341797 ],
				[ -19.291000366210938, 20.600000381469727, -4.8393998146057129 ]
			],
			"projected_cuboid": [
				[ -4955.6416015625, 6919.59423828125 ],
				[ 1511.15869140625, -9.3041000366210938 ],
				[ 1511.15869140625, 1125.7305908203125 ],
				[ -4955.6416015625, -5803.16796875 ],
				[ 6919.1484375, 6920.23974609375 ],
				[ 451.82321166992188, -9.3092002868652344 ],
				[ 451.82321166992188, 1125.7357177734375 ],
				[ 6919.1484375, -5803.80615234375 ]
			]
		},
		{
			"class": "ExoRomper_Sat",
			"instance_id": 0,
			"visibility": 0.84380000829696655,
			"location": [ -14.362099647521973, 7.1230998039245605, 41.365200042724609 ],
			"quaternion_xyzw": [ 0.55860000848770142, 0.79040002822875977, 0.14499999582767487, -0.20520000159740448 ],
			"pose_transform": [
				[ -0.056800000369548798, 0.16050000488758087, -0.30579999089241028, 0 ],
				[ -0.10209999978542328, 0.28819999098777771, 0.17030000686645508, 0 ],
				[ -0.32989999651908875, -0.11680000275373459, 0, 0 ],
				[ -14.362099647521973, 7.1230998039245605, 41.365200042724609, 1 ]
			],
			"cuboid_centroid": [ -14.362099647521973, 7.1230998039245605, 41.365200042724609 ],
			"projected_cuboid_centroid": [ 464.33920288085938, 815.5772705078125 ],
			"bounding_box":
			{
				"top_left": [ 601.01519775390625, 205.864501953125 ],
				"bottom_right": [ 1029.6903076171875, 665.5333251953125 ]
			},
			"cuboid": [
				[ -20.477500915527344, 9.8470001220703125, 38.844200134277344 ],
				[ -18.843999862670898, 5.2344999313354492, 36.119598388671875 ],
				[ -9.690699577331543, 8.4762001037597656, 36.119598388671875 ],
				[ -11.323699951171875, 13.088700294494629, 38.844200134277344 ],
				[ -19.033899307250977, 5.769899845123291, 46.611301422119141 ],
				[ -17.400400161743164, 1.1575000286102295, 43.886199951171875 ],
				[ -8.246800422668457, 4.3991999626159668, 43.886199951171875 ],
				[ -9.8801002502441406, 9.0116996765136719, 46.611301422119141 ]
			],
			"projected_cuboid": [
				[ 196.26710510253906, 937.088623046875 ],
				[ 204.38870239257812, 774.81011962890625 ],
				[ 581.87640380859375, 908.9490966796875 ],
				[ 547.26470947265625, 1061.8189697265625 ],
				[ 373.25961303710938, 743.22308349609375 ],
				[ 390.92550659179688, 597.6312255859375 ],
				[ 701.5938720703125, 708.0302734375 ],
				[ 665.7650146484375, 847.16778564453125 ]
			]
		}
	]
}