{
	"camera_data":
	{
		"location_worldframe": [ 6808.70947265625, -8.9509000778198242, 0 ],
		"quaternion_xyzw_worldframe": [ 0, 0, 0.37070000171661377, 0.92879998683929443 ]
	},
	"objects": [
		{
			"class": "ExoRomper_FullPayload",
			"instance_id": 0,
			"visibility": 0.98669999837875366,
			"location": [ 0, 0, 24.705099105834961 ],
			"quaternion_xyzw": [ 0, 0.70709997415542603, 0, 0.70709997415542603 ],
			"pose_transform": [
				[ 1, 0, 0, 0 ],
				[ 0, 0, -1, 0 ],
				[ 0, -1, 0, 0 ],
				[ 0, 0, 24.705099105834961, 1 ]
			],
			"cuboid_centroid": [ 0, 0, 24.704599380493164 ],
			"projected_cuboid_centroid": [ 981.4404296875, 558.21337890625 ],
			"bounding_box":
			{
				"top_left": [ -4023.9521484375, -4565.78857421875 ],
				"bottom_right": [ 2572.8193359375, 2237.99658203125 ]
			},
			"cuboid": [
				[ 19.291500091552734, -20.600000381469727, -4.8397998809814453 ],
				[ 19.291500091552734, -20.600000381469727, 54.249500274658203 ],
				[ 19.291500091552734, 20.600000381469727, 54.249500274658203 ],
				[ 19.291500091552734, 20.600000381469727, -4.8397998809814453 ],
				[ -19.291000366210938, -20.600000381469727, -4.8397998809814453 ],
				[ -19.291500091552734, -20.600000381469727, 54.25 ],
				[ -19.291500091552734, 20.600000381469727, 54.25 ],
				[ -19.291000366210938, 20.600000381469727, -4.8397998809814453 ]
			],
			"projected_cuboid": [
				[ -4955.3505859375, 6919.59619140625 ],
				[ 1511.1463623046875, -9.309300422668457 ],
				[ 1511.1463623046875, 1125.7357177734375 ],
				[ -4955.3505859375, -5803.1689453125 ],
				[ 6919.43896484375, 6920.23779296875 ],
				[ 451.81048583984375, -9.3043003082275391 ],
				[ 451.81048583984375, 1125.73046875 ],
				[ 6919.43896484375, -5803.810546875 ]
			]
		},
		{
			"class": "ExoRomper_Sat",
			"instance_id": 0,
			"visibility": 0.89829999208450317,
			"location": [ -13.559100151062012, 5.5335001945495605, 41.364700317382812 ],
			"quaternion_xyzw": [ 0.031300000846385956, 0.059099998325109482, -0.4675000011920929, 0.8815000057220459 ],
			"pose_transform": [
				[ 0.026200000196695328, -0.038699999451637268, 0.34689998626708984, 0 ],
				[ 0.19460000097751617, -0.28720000386238098, -0.046700000762939453, 0 ],
				[ -0.28979998826980591, -0.19629999995231628, 0, 0 ],
				[ -13.559100151062012, 5.5335001945495605, 41.364700317382812, 1 ]
			],
			"cuboid_centroid": [ -13.559100151062012, 5.533599853515625, 41.364700317382812 ],
			"projected_cuboid_centroid": [ 493.23580932617188, 758.14581298828125 ],
			"bounding_box":
			{
				"top_left": [ 566.04351806640625, 217.82650756835938 ],
				"bottom_right": [ 955.47601318359375, 690.98577880859375 ]
			},
			"cuboid": [
				[ -15.689000129699707, 0.021299999207258224, 45.396499633789062 ],
				[ -18.802200317382812, 4.6163997650146484, 46.144001007080078 ],
				[ -10.763199806213379, 10.063400268554688, 46.144001007080078 ],
				[ -7.6494002342224121, 5.4682002067565918, 45.395999908447266 ],
				[ -16.354499816894531, 1.0038000345230103, 36.585899353027344 ],
				[ -19.467800140380859, 5.5988998413085938, 37.333499908447266 ],
				[ -11.42870044708252, 11.04580020904541, 37.333499908447266 ],
				[ -8.3154001235961914, 6.4506998062133789, 36.585899353027344 ]
			],
			"projected_cuboid": [
				[ 466.69549560546875, 558.91351318359375 ],
				[ 374.54669189453125, 707.73406982421875 ],
				[ 634.04052734375, 884.15338134765625 ],
				[ 730.4805908203125, 738.23968505859375 ],
				[ 315.62680053710938, 599.2169189453125 ],
				[ 204.75650024414062, 782.35107421875 ],
				[ 525.50152587890625, 1000.4038696289062 ],
				[ 642.9254150390625, 821.72479248046875 ]
			]
		}
	]
}