{
	"camera_data":
	{
		"location_worldframe": [ 6807.71875, 7.7755999565124512, 0 ],
		"quaternion_xyzw_worldframe": [ 0, 0, -0.31510001420974731, 0.94910001754760742 ]
	},
	"objects": [
		{
			"class": "ExoRomper_FullPayload",
			"instance_id": 0,
			"visibility": 0.97369998693466187,
			"location": [ 0.00050000002374872565, 0, 24.705600738525391 ],
			"quaternion_xyzw": [ 0, 0.70709997415542603, 0, 0.70709997415542603 ],
			"pose_transform": [
				[ 1, 0, 0, 0 ],
				[ 0, 0, -1, 0 ],
				[ 0, -1, 0, 0 ],
				[ 0.00050000002374872565, 0, 24.705600738525391, 1 ]
			],
			"cuboid_centroid": [ 0.00050000002374872565, 0, 24.705600738525391 ],
			"projected_cuboid_centroid": [ 981.51593017578125, 558.21337890625 ],
			"bounding_box":
			{
				"top_left": [ -4023.65966796875, -4565.6181640625 ],
				"bottom_right": [ 2572.687255859375, 2237.975830078125 ]
			},
			"cuboid": [
				[ 19.29170036315918, -20.600000381469727, -4.8393998146057129 ],
				[ 19.292200088500977, -20.600000381469727, 54.250499725341797 ],
				[ 19.292200088500977, 20.600000381469727, 54.250499725341797 ],
				[ 19.29170036315918, 20.600000381469727, -4.8393998146057129 ],
				[ -19.290800094604492, -20.600000381469727, -4.8397998809814453 ],
				[ -19.291000366210938, -20.600000381469727, 54.25 ],
				[ -19.291000366210938, 20.600000381469727, 54.25 ],
				[ -19.290800094604492, 20.600000381469727, -4.8397998809814453 ]
			],
			"projected_cuboid": [
				[ -4956.23828125, 6920.236328125 ],
				[ 1511.15869140625, -9.3038997650146484 ],
				[ 1511.15869140625, 1125.7308349609375 ],
				[ -4956.23828125, -5803.810546875 ],
				[ 6919.05126953125, 6920.236328125 ],
				[ 451.83639526367188, -9.3042001724243164 ],
				[ 451.83639526367188, 1125.73046875 ],
				[ 6919.05126953125, -5803.810546875 ]
			]
		},
		{
			"class": "ExoRomper_Sat",
			"instance_id": 0,
			"visibility": 0.86890000104904175,
			"location": [ -13.725600242614746, 5.7923998832702637, 41.366199493408203 ],
			"quaternion_xyzw": [ 0.4325999915599823, 0.77399998903274536, -0.22560000419616699, 0.40369999408721924 ],
			"pose_transform": [
				[ 0.15039999783039093, -0.24449999630451202, -0.20029999315738678, 0 ],
				[ -0.10490000247955322, 0.17059999704360962, -0.28700000047683716, 0 ],
				[ -0.29809999465942383, -0.18340000510215759, 0, 0 ],
				[ -13.725600242614746, 5.7923998832702637, 41.366199493408203, 1 ]
			],
			"cuboid_centroid": [ -13.725600242614746, 5.7923998832702637, 41.366199493408203 ],
			"projected_cuboid_centroid": [ 487.26919555664062, 767.49151611328125 ],
			"bounding_box":
			{
				"top_left": [ 520.8455810546875, 256.23809814453125 ],
				"bottom_right": [ 970.61102294921875, 687.857177734375 ]
			},
			"cuboid": [
				[ -16.790800094604492, 1.5087000131607056, 36.525901794433594 ],
				[ -15.111300468444824, -1.2213000059127808, 41.118698120117188 ],
				[ -6.8400998115539551, 3.8666000366210938, 41.118698120117188 ],
				[ -8.5194997787475586, 6.5967001914978027, 36.525901794433594 ],
				[ -20.610599517822266, 7.7182002067565918, 41.613300323486328 ],
				[ -18.93120002746582, 4.9881000518798828, 46.206501007080078 ],
				[ -10.660200119018555, 10.07610034942627, 46.206501007080078 ],
				[ -12.339400291442871, 12.80620002746582, 41.613300323486328 ]
			],
			"projected_cuboid": [
				[ 296.78048706054688, 619.94677734375 ],
				[ 434.08160400390625, 513.82159423828125 ],
				[ 733.69989013671875, 698.75701904296875 ],
				[ 634.0626220703125, 828.13330078125 ],
				[ 243.75950622558594, 835.413818359375 ],
				[ 371.2340087890625, 719.55682373046875 ],
				[ 637.84588623046875, 884.12872314453125 ],
				[ 539.819091796875, 1018.14892578125 ]
			]
		}
	]
}