{
	"camera_data":
	{
		"location_worldframe": [ 6811.50830078125, -11.182900428771973, 0 ],
		"quaternion_xyzw_worldframe": [ 0, 0, 0.49500000476837158, 0.86890000104904175 ]
	},
	"objects": [
		{
			"class": "ExoRomper_FullPayload",
			"instance_id": 0,
			"visibility": 0.98669999837875366,
			"location": [ 0, 0, 24.705299377441406 ],
			"quaternion_xyzw": [ 0, 0.70709997415542603, 0, 0.70709997415542603 ],
			"pose_transform": [
				[ 1, 0, 0, 0 ],
				[ 0, 0, -1, 0 ],
				[ 0, -1, 0, 0 ],
				[ 0, 0, 24.705299377441406, 1 ]
			],
			"cuboid_centroid": [ 0, 0, 24.705299377441406 ],
			"projected_cuboid_centroid": [ 981.47808837890625, 558.21331787109375 ],
			"bounding_box":
			{
				"top_left": [ -4023.658447265625, -4565.6181640625 ],
				"bottom_right": [ 2572.687744140625, 2237.975830078125 ]
			},
			"cuboid": [
				[ 19.291999816894531, -20.600000381469727, -4.8396000862121582 ],
				[ 19.291000366210938, -20.600000381469727, 54.250198364257812 ],
				[ 19.291000366210938, 20.600000381469727, 54.250198364257812 ],
				[ 19.291999816894531, 20.600000381469727, -4.8396000862121582 ],
				[ -19.291000366210938, -20.600000381469727, -4.8396000862121582 ],
				[ -19.291000366210938, -20.600000381469727, 54.25 ],
				[ -19.291000366210938, 20.600000381469727, 54.25 ],
				[ -19.291000366210938, 20.600000381469727, -4.8396000862121582 ]
			],
			"projected_cuboid": [
				[ -4955.54443359375, 6919.59423828125 ],
				[ 1511.143798828125, -9.3065996170043945 ],
				[ 1511.143798828125, 1125.733154296875 ],
				[ -4955.54443359375, -5803.1689453125 ],
				[ 6918.84814453125, 6919.91552734375 ],
				[ 451.831787109375, -9.3091001510620117 ],
				[ 451.831787109375, 1125.7357177734375 ],
				[ 6918.84814453125, -5803.490234375 ]
			]
		},
		{
			"class": "ExoRomper_Sat",
			"instance_id": 0,
			"visibility": 0.92309999465942383,
			"location": [ -10.886699676513672, 3.1951000690460205, 41.365001678466797 ],
			"quaternion_xyzw": [ 0.21549999713897705, 0.91530001163482666, -0.078000001609325409, 0.33129999041557312 ],
			"pose_transform": [
				[ 0.2004999965429306, -0.099899999797344208, -0.26890000700950623, 0 ],
				[ -0.24070000648498535, 0.11999999731779099, -0.22400000691413879, 0 ],
				[ -0.15620000660419464, -0.31319999694824219, 0, 0 ],
				[ -10.886699676513672, 3.1951000690460205, 41.365001678466797, 1 ]
			],
			"cuboid_centroid": [ -10.886699676513672, 3.1951000690460205, 41.365001678466797 ],
			"projected_cuboid_centroid": [ 589.4874267578125, 673.65618896484375 ],
			"bounding_box":
			{
				"top_left": [ 440.47579956054688, 379.59671020507812 ],
				"bottom_right": [ 871.42120361328125, 779.12261962890625 ]
			},
			"cuboid": [
				[ -12.431599617004395, -1.4596999883651733, 36.157199859619141 ],
				[ -8.5805997848510742, -3.3794999122619629, 39.741901397705078 ],
				[ -4.248499870300293, 5.3112001419067383, 39.742198944091797 ],
				[ -8.0995998382568359, 7.2311000823974609, 36.157501220703125 ],
				[ -17.52440071105957, 1.0789999961853027, 42.987800598144531 ],
				[ -13.673299789428711, -0.84079998731613159, 46.572498321533203 ],
				[ -9.3408002853393555, 7.8498997688293457, 46.572498321533203 ],
				[ -13.191900253295898, 9.7697000503540039, 42.987499237060547 ]
			],
			"projected_cuboid": [
				[ 469.38229370117188, 497.87811279296875 ],
				[ 659.89202880859375, 431.12051391601562 ],
				[ 822.2606201171875, 757.9490966796875 ],
				[ 647.82391357421875, 857.1085205078125 ],
				[ 374.2886962890625, 595.72772216796875 ],
				[ 544.19677734375, 531.2296142578125 ],
				[ 682.75091552734375, 810.12481689453125 ],
				[ 524.394287109375, 897.8817138671875 ]
			]
		}
	]
}