{
	"camera_data":
	{
		"location_worldframe": [ 6829.83447265625, -5.6718001365661621, 0 ],
		"quaternion_xyzw_worldframe": [ 0, 0, 0.97460001707077026, 0.22380000352859497 ]
	},
	"objects": [
		{
			"class": "ExoRomper_FullPayload",
			"instance_id": 0,
			"visibility": 0.98669999837875366,
			"location": [ 0.00019999999494757503, 0, 24.705600738525391 ],
			"quaternion_xyzw": [ 0, 0.70709997415542603, 0, 0.70709997415542603 ],
			"pose_transform": [
				[ 1, 0, 0, 0 ],
				[ 0, 0, -1, 0 ],
				[ 0, -1, 0, 0 ],
				[ 0.00019999999494757503, 0, 24.705600738525391, 1 ]
			],
			"cuboid_centroid": [ 0, 0, 24.705600738525391 ],
			"projected_cuboid_centroid": [ 981.45977783203125, 558.21337890625 ],
			"bounding_box":
			{
				"top_left": [ -4023.364501953125, -4565.1376953125 ],
				"bottom_right": [ 2572.55712890625, 2237.98095703125 ]
			},
			"cuboid": [
				[ 19.291500091552734, -20.600000381469727, -4.838900089263916 ],
				[ 19.291500091552734, -20.600000381469727, 54.250499725341797 ],
				[ 19.291500091552734, 20.600000381469727, 54.250499725341797 ],
				[ 19.291500091552734, 20.600000381469727, -4.838900089263916 ],
				[ -19.291299819946289, -20.600000381469727, -4.838900089263916 ],
				[ -19.291500091552734, -20.600000381469727, 54.25 ],
				[ -19.291500091552734, 20.600000381469727, 54.25 ],
				[ -19.291299819946289, 20.600000381469727, -4.838900089263916 ]
			],
			"projected_cuboid": [
				[ -4955.44775390625, 6919.59423828125 ],
				[ 1511.1463623046875, -9.309300422668457 ],
				[ 1511.1463623046875, 1125.7357177734375 ],
				[ -4955.44775390625, -5803.17138671875 ],
				[ 6918.74072265625, 6919.59619140625 ],
				[ 451.80990600585938, -9.3142995834350586 ],
				[ 451.80990600585938, 1125.7410888671875 ],
				[ 6918.74072265625, -5803.169921875 ]
			]
		},
		{
			"class": "ExoRomper_Sat",
			"instance_id": 0,
			"visibility": 0.92729997634887695,
			"location": [ -11.706299781799316, 3.675800085067749, 41.366199493408203 ],
			"quaternion_xyzw": [ 0.014899999834597111, 0.04830000177025795, -0.29429998993873596, 0.95440000295639038 ],
			"pose_transform": [
				[ 0.029200000688433647, -0.019899999722838402, 0.3481999933719635, 0 ],
				[ 0.28769999742507935, -0.19609999656677246, -0.035300001502037048, 0 ],
				[ -0.19709999859333038, -0.28920000791549683, 0, 0 ],
				[ -11.706299781799316, 3.675800085067749, 41.366199493408203, 1 ]
			],
			"cuboid_centroid": [ -11.706299781799316, 3.675800085067749, 41.366199493408203 ],
			"projected_cuboid_centroid": [ 559.9517822265625, 691.0230712890625 ],
			"bounding_box":
			{
				"top_left": [ 494.90679931640625, 304.8638916015625 ],
				"bottom_right": [ 890.79437255859375, 745.15728759765625 ]
			},
			"cuboid": [
				[ -11.767600059509277, -2.1579999923706055, 45.506301879882812 ],
				[ -16.372299194335938, 0.98000001907348633, 46.071300506591797 ],
				[ -10.903300285339355, 9.0044002532958984, 46.071800231933594 ],
				[ -6.2990999221801758, 5.866300106048584, 45.506301879882812 ],
				[ -12.509300231933594, -1.6526999473571777, 36.661598205566406 ],
				[ -17.113800048828125, 1.4852999448776245, 37.227100372314453 ],
				[ -11.644499778747559, 9.509699821472168, 37.227100372314453 ],
				[ -7.0405001640319824, 6.3716001510620117, 36.661598205566406 ]
			],
			"projected_cuboid": [
				[ 596.296875, 487.33560180664062 ],
				[ 452.14718627929688, 590.00567626953125 ],
				[ 628.9605712890625, 850.32147216796875 ],
				[ 775.30340576171875, 750.88507080078125 ],
				[ 473.2362060546875, 490.83621215820312 ],
				[ 296.7174072265625, 617.84710693359375 ],
				[ 515.54681396484375, 940.0072021484375 ],
				[ 695.43157958984375, 817.96588134765625 ]
			]
		}
	]
}