{
	"camera_data":
	{
		"location_worldframe": [ 6805.2890625, 1.9797999858856201, 0 ],
		"quaternion_xyzw_worldframe": [ 0, 0, -0.076399996876716614, 0.99709999561309814 ]
	},
	"objects": [
		{
			"class": "ExoRomper_FullPayload",
			"instance_id": 0,
			"visibility": 0.96100002527236938,
			"location": [ -9.9999997473787516e-05, 0, 24.705600738525391 ],
			"quaternion_xyzw": [ 0, 0.70709997415542603, 0, 0.70709997415542603 ],
			"pose_transform": [
				[ 1, 0, 0, 0 ],
				[ 0, 0, -1, 0 ],
				[ 0, -1, 0, 0 ],
				[ -9.9999997473787516e-05, 0, 24.705600738525391, 1 ]
			],
			"cuboid_centroid": [ -9.9999997473787516e-05, 0, 24.705600738525391 ],
			"projected_cuboid_centroid": [ 981.4874267578125, 558.21307373046875 ],
			"bounding_box":
			{
				"top_left": [ -4023.658447265625, -4565.57177734375 ],
				"bottom_right": [ 2572.688232421875, 2237.97900390625 ]
			},
			"cuboid": [
				[ 19.291299819946289, -20.600000381469727, -4.838900089263916 ],
				[ 19.291299819946289, -20.600000381469727, 54.250999450683594 ],
				[ 19.291299819946289, 20.600000381469727, 54.250999450683594 ],
				[ 19.291299819946289, 20.600000381469727, -4.838900089263916 ],
				[ -19.291400909423828, -20.600000381469727, -4.8393998146057129 ],
				[ -19.291299819946289, -20.600000381469727, 54.250499725341797 ],
				[ -19.291299819946289, 20.600000381469727, 54.250499725341797 ],
				[ -19.291400909423828, 20.600000381469727, -4.8393998146057129 ]
			],
			"projected_cuboid": [
				[ -4956.1416015625, 6920.23779296875 ],
				[ 1511.154296875, -9.3043003082275391 ],
				[ 1511.154296875, 1125.7305908203125 ],
				[ -4956.1416015625, -5803.8115234375 ],
				[ 6918.5712890625, 6919.59423828125 ],
				[ 451.82528686523438, -9.309300422668457 ],
				[ 451.82528686523438, 1125.7357177734375 ],
				[ 6918.5712890625, -5803.17138671875 ]
			]
		},
		{
			"class": "ExoRomper_Sat",
			"instance_id": 0,
			"visibility": 0.93620002269744873,
			"location": [ -4.2639999389648438, 3.3977999687194824, 41.36669921875 ],
			"quaternion_xyzw": [ -0.18389999866485596, 0.68650001287460327, 0.18199999630451202, 0.67949998378753662 ],
			"pose_transform": [
				[ 0.30309998989105225, 0.17499999701976776, -0.003599999938160181, 0 ],
				[ -0.0031000000890344381, -0.0017999999690800905, -0.34999999403953552, 0 ],
				[ 0.17499999701976776, -0.30309998989105225, 0, 0 ],
				[ -4.2639999389648438, 3.3977999687194824, 41.36669921875, 1 ]
			],
			"cuboid_centroid": [ -4.2639999389648438, 3.3977999687194824, 41.36669921875 ],
			"projected_cuboid_centroid": [ 827.95440673828125, 680.97650146484375 ],
			"bounding_box":
			{
				"top_left": [ 448.90078735351562, 622.8795166015625 ],
				"bottom_right": [ 880.14202880859375, 1051.238037109375 ]
			},
			"cuboid": [
				[ 1.9880000352859497, 1.4005000591278076, 38.520500183105469 ],
				[ 2.0376999378204346, 1.4292999505996704, 44.121101379394531 ],
				[ -2.8171000480651855, 9.8393001556396484, 44.121101379394531 ],
				[ -2.8668999671936035, 9.8106002807617188, 38.520500183105469 ],
				[ -5.710899829864502, -3.0436999797821045, 38.611801147460938 ],
				[ -5.6613001823425293, -3.0150001049041748, 44.211898803710938 ],
				[ -10.515999794006348, 5.3951001167297363, 44.211898803710938 ],
				[ -10.565699577331543, 5.366300106048584, 38.611801147460938 ]
			],
			"projected_cuboid": [
				[ 1058.3651123046875, 612.55438232421875 ],
				[ 1050.28515625, 606.6292724609375 ],
				[ 886.38958740234375, 891.51690673828125 ],
				[ 870.63397216796875, 938.86279296875 ],
				[ 761.18572998046875, 440.3966064453125 ],
				[ 790.76788330078125, 456.2919921875 ],
				[ 627.20721435546875, 740.5936279296875 ],
				[ 573.9063720703125, 765.9307861328125 ]
			]
		}
	]
}