{
	"camera_data":
	{
		"location_worldframe": [ 6810.23095703125, -10.319299697875977, 0 ],
		"quaternion_xyzw_worldframe": [ 0, 0, 0.44260001182556152, 0.89670002460479736 ]
	},
	"objects": [
		{
			"class": "ExoRomper_FullPayload",
			"instance_id": 0,
			"visibility": 0.97369998693466187,
			"location": [ -0.00050000002374872565, 0, 24.705099105834961 ],
			"quaternion_xyzw": [ 0, 0.70709997415542603, 0, 0.70709997415542603 ],
			"pose_transform": [
				[ 1, 0, 0, 0 ],
				[ 0, 0, -1, 0 ],
				[ 0, -1, 0, 0 ],
				[ -0.00050000002374872565, 0, 24.705099105834961, 1 ]
			],
			"cuboid_centroid": [ -0.00050000002374872565, 0, 24.704599380493164 ],
			"projected_cuboid_centroid": [ 981.4783935546875, 558.21337890625 ],
			"bounding_box":
			{
				"top_left": [ -4023.65966796875, -4565.6181640625 ],
				"bottom_right": [ 2572.687255859375, 2237.98095703125 ]
			},
			"cuboid": [
				[ 19.291000366210938, -20.600000381469727, -4.8397998809814453 ],
				[ 19.290500640869141, -20.600000381469727, 54.25 ],
				[ 19.290500640869141, 20.600000381469727, 54.25 ],
				[ 19.291000366210938, 20.600000381469727, -4.8397998809814453 ],
				[ -19.291500091552734, -20.600000381469727, -4.8397998809814453 ],
				[ -19.291999816894531, -20.600000381469727, 54.25 ],
				[ -19.291999816894531, 20.600000381469727, 54.25 ],
				[ -19.291500091552734, 20.600000381469727, -4.8397998809814453 ]
			],
			"projected_cuboid": [
				[ -4955.54443359375, 6919.59423828125 ],
				[ 1511.1463623046875, -9.3092002868652344 ],
				[ 1511.1463623046875, 1125.7359619140625 ],
				[ -4955.54443359375, -5803.17041015625 ],
				[ 6919.341796875, 6920.23779296875 ],
				[ 451.83639526367188, -9.3041000366210938 ],
				[ 451.83639526367188, 1125.7308349609375 ],
				[ 6919.341796875, -5803.810546875 ]
			]
		},
		{
			"class": "ExoRomper_Sat",
			"instance_id": 0,
			"visibility": 0.78259998559951782,
			"location": [ -0.76370000839233398, 9.3951997756958008, 41.364700317382812 ],
			"quaternion_xyzw": [ -0.66130000352859497, 0.66740000247955322, 0.24099999666213989, 0.24330000579357147 ],
			"pose_transform": [
				[ 0.002099999925121665, 0.22519999742507935, -0.26789999008178711, 0 ],
				[ -0.0024999999441206455, -0.26789999008178711, -0.22519999742507935, 0 ],
				[ 0.34999999403953552, -0.0032999999821186066, 0, 0 ],
				[ -0.76370000839233398, 9.3951997756958008, 41.364700317382812, 1 ]
			],
			"cuboid_centroid": [ -0.76370000839233398, 9.3951997756958008, 41.364700317382812 ],
			"projected_cuboid_centroid": [ 953.97137451171875, 897.67022705078125 ],
			"bounding_box":
			{
				"top_left": [ 707.61541748046875, 764.530517578125 ],
				"bottom_right": [ 1101.9404296875, 1148.9080810546875 ]
			},
			"cuboid": [
				[ 4.0977001190185547, 10.066399574279785, 36.160198211669922 ],
				[ 4.137700080871582, 14.353500366210938, 39.764198303222656 ],
				[ -5.5728001594543457, 14.443900108337402, 39.764198303222656 ],
				[ -5.612800121307373, 10.156800270080566, 36.160598754882812 ],
				[ 4.0444002151489258, 4.3463997840881348, 42.965801239013672 ],
				[ 4.0844998359680176, 8.6335000991821289, 46.569301605224609 ],
				[ -5.625999927520752, 8.7239999771118164, 46.569301605224609 ],
				[ -5.6659998893737793, 4.4369001388549805, 42.965801239013672 ]
			],
			"projected_cuboid": [
				[ 1150.2967529296875, 974.269775390625 ],
				[ 1136.47021484375, 1097.7005615234375 ],
				[ 772.7576904296875, 1101.09375 ],
				[ 750.3135986328125, 978.0029296875 ],
				[ 1121.7037353515625, 709.40118408203125 ],
				[ 1112.150634765625, 835.288818359375 ],
				[ 801.5684814453125, 838.19207763671875 ],
				[ 785.093505859375, 712.54962158203125 ]
			]
		}
	]
}