{
	"camera_data":
	{
		"location_worldframe": [ 6810.60302734375, 10.594200134277344, 0 ],
		"quaternion_xyzw_worldframe": [ 0, 0, -0.45849999785423279, 0.88870000839233398 ]
	},
	"objects": [
		{
			"class": "ExoRomper_FullPayload",
			"instance_id": 0,
			"visibility": 0.97369998693466187,
			"location": [ 0.00050000002374872565, 0, 24.705099105834961 ],
			"quaternion_xyzw": [ 0, 0.70709997415542603, 0, 0.70709997415542603 ],
			"pose_transform": [
				[ 1, 0, 0, 0 ],
				[ 0, 0, -1, 0 ],
				[ 0, -1, 0, 0 ],
				[ 0.00050000002374872565, 0, 24.705099105834961, 1 ]
			],
			"cuboid_centroid": [ 0.00050000002374872565, 0, 24.705099105834961 ],
			"projected_cuboid_centroid": [ 981.4783935546875, 558.21337890625 ],
			"bounding_box":
			{
				"top_left": [ -4023.5107421875, -4565.31640625 ],
				"bottom_right": [ 2572.622802734375, 2237.975830078125 ]
			},
			"cuboid": [
				[ 19.291500091552734, -20.600000381469727, -4.8397998809814453 ],
				[ 19.291999816894531, -20.600000381469727, 54.249801635742188 ],
				[ 19.291999816894531, 20.600000381469727, 54.249801635742188 ],
				[ 19.291500091552734, 20.600000381469727, -4.8397998809814453 ],
				[ -19.291000366210938, -20.600000381469727, -4.8397998809814453 ],
				[ -19.291000366210938, -20.600000381469727, 54.25 ],
				[ -19.291000366210938, 20.600000381469727, 54.25 ],
				[ -19.291000366210938, 20.600000381469727, -4.8397998809814453 ]
			],
			"projected_cuboid": [
				[ -4955.24658203125, 6919.27294921875 ],
				[ 1511.1661376953125, -9.3116998672485352 ],
				[ 1511.1661376953125, 1125.7384033203125 ],
				[ -4955.24658203125, -5802.84912109375 ],
				[ 6918.4404296875, 6919.27294921875 ],
				[ 451.831787109375, -9.3092002868652344 ],
				[ 451.831787109375, 1125.7357177734375 ],
				[ 6918.4404296875, -5802.84912109375 ]
			]
		},
		{
			"class": "ExoRomper_Sat",
			"instance_id": 0,
			"visibility": 0.97140002250671387,
			"location": [ -6.1547999382019043, 2.6475999355316162, 41.365699768066406 ],
			"quaternion_xyzw": [ -0.0062000001780688763, 0.053100001066923141, 0.11550000309944153, 0.99190002679824829 ],
			"pose_transform": [
				[ 0.036400001496076584, 0.0086000002920627594, 0.34799998998641968, 0 ],
				[ 0.33869999647140503, 0.079999998211860657, -0.037399999797344208, 0 ],
				[ 0.080399997532367706, -0.34060001373291016, 0, 0 ],
				[ -6.1547999382019043, 2.6475999355316162, 41.365699768066406, 1 ]
			],
			"cuboid_centroid": [ -6.1547999382019043, 2.6475999355316162, 41.365699768066406 ],
			"projected_cuboid_centroid": [ 759.85687255859375, 653.87322998046875 ],
			"bounding_box":
			{
				"top_left": [ 449.06219482421875, 586.36932373046875 ],
				"bottom_right": [ 853.610595703125, 918.45587158203125 ]
			},
			"cuboid": [
				[ -1.8667000532150269, -1.3287999629974365, 45.486099243164062 ],
				[ -7.2866001129150391, -2.6085000038146973, 46.084701538085938 ],
				[ -9.5180997848510742, 6.8422999382019043, 46.084499359130859 ],
				[ -4.098599910736084, 8.1219997406005859, 45.485801696777344 ],
				[ -2.7909998893737793, -1.5470999479293823, 36.646999359130859 ],
				[ -8.2109003067016602, -2.8268001079559326, 37.245399475097656 ],
				[ -10.442399978637695, 6.624000072479248, 37.245399475097656 ],
				[ -5.0229001045227051, 7.9038000106811523, 36.646999359130859 ]
			],
			"projected_cuboid": [
				[ 920.344970703125, 514.551025390625 ],
				[ 745.97161865234375, 473.6162109375 ],
				[ 673.833984375, 780.11712646484375 ],
				[ 847.27947998046875, 825.08587646484375 ],
				[ 868.03302001953125, 495.11810302734375 ],
				[ 653.1160888671875, 444.78030395507812 ],
				[ 563.85748291015625, 824.0225830078125 ],
				[ 777.31829833984375, 880.55322265625 ]
			]
		}
	]
}