{
	"camera_data":
	{
		"location_worldframe": [ 6805.50634765625, 3.0769000053405762, 0 ],
		"quaternion_xyzw_worldframe": [ 0, 0, -0.11919999867677689, 0.99290001392364502 ]
	},
	"objects": [
		{
			"class": "ExoRomper_FullPayload",
			"instance_id": 0,
			"visibility": 0.96100002527236938,
			"location": [ -9.9999997473787516e-05, 0, 24.705099105834961 ],
			"quaternion_xyzw": [ 0, 0.70709997415542603, 0, 0.70709997415542603 ],
			"pose_transform": [
				[ 1, 0, 0, 0 ],
				[ 0, 0, -1, 0 ],
				[ 0, -1, 0, 0 ],
				[ -9.9999997473787516e-05, 0, 24.705099105834961, 1 ]
			],
			"cuboid_centroid": [ -9.9999997473787516e-05, 0, 24.705099105834961 ],
			"projected_cuboid_centroid": [ 981.4879150390625, 558.21307373046875 ],
			"bounding_box":
			{
				"top_left": [ -4023.657470703125, -4565.58740234375 ],
				"bottom_right": [ 2572.688232421875, 2237.970703125 ]
			},
			"cuboid": [
				[ 19.291299819946289, -20.600000381469727, -4.8397998809814453 ],
				[ 19.291299819946289, -20.600000381469727, 54.249500274658203 ],
				[ 19.291299819946289, 20.600000381469727, 54.249500274658203 ],
				[ 19.291299819946289, 20.600000381469727, -4.8397998809814453 ],
				[ -19.291400909423828, -20.600000381469727, -4.8397998809814453 ],
				[ -19.291400909423828, -20.600000381469727, 54.250499725341797 ],
				[ -19.291400909423828, 20.600000381469727, 54.250499725341797 ],
				[ -19.291400909423828, 20.600000381469727, -4.8397998809814453 ]
			],
			"projected_cuboid": [
				[ -4955.54443359375, 6919.59423828125 ],
				[ 1511.1641845703125, -9.3142995834350586 ],
				[ 1511.1641845703125, 1125.7408447265625 ],
				[ -4955.54443359375, -5803.16796875 ],
				[ 6918.59521484375, 6919.59423828125 ],
				[ 451.82769775390625, -9.3042001724243164 ],
				[ 451.82769775390625, 1125.7303466796875 ],
				[ 6918.59521484375, -5803.16796875 ]
			]
		},
		{
			"class": "ExoRomper_Sat",
			"instance_id": 0,
			"visibility": 0.90240001678466797,
			"location": [ -4.1547999382019043, 3.4621999263763428, 41.366199493408203 ],
			"quaternion_xyzw": [ 0.10949999839067459, -0.39449998736381531, 0.24410000443458557, 0.87910002470016479 ],
			"pose_transform": [
				[ -0.22409999370574951, -0.13480000197887421, 0.23270000517368317, 0 ],
				[ 0.19939999282360077, 0.11990000307559967, 0.26150000095367432, 0 ],
				[ 0.18039999902248383, -0.29989999532699585, 0, 0 ],
				[ -4.1547999382019043, 3.4621999263763428, 41.366199493408203, 1 ]
			],
			"cuboid_centroid": [ -4.1547999382019043, 3.4621999263763428, 41.366199493408203 ],
			"projected_cuboid_centroid": [ 831.89501953125, 683.3043212890625 ],
			"bounding_box":
			{
				"top_left": [ 449.31549072265625, 635.19317626953125 ],
				"bottom_right": [ 881.4813232421875, 1077.1044921875 ]
			},
			"cuboid": [
				[ -2.9019999504089355, -1.4505000114440918, 46.412601470947266 ],
				[ -6.0920000076293945, -3.3698999881744385, 42.228000640869141 ],
				[ -11.098400115966797, 4.9507999420166016, 42.228500366210938 ],
				[ -7.9082999229431152, 6.8702001571655273, 46.413101196289062 ],
				[ 2.7888998985290527, 1.9736000299453735, 40.503398895263672 ],
				[ -0.40099999308586121, 0.054200001060962677, 36.318801879882812 ],
				[ -5.407599925994873, 8.375, 36.318801879882812 ],
				[ -2.2174999713897705, 10.294300079345703, 40.503398895263672 ]
			],
			"projected_cuboid": [
				[ 888.3582763671875, 511.5050048828125 ],
				[ 766.6102294921875, 438.94549560546875 ],
				[ 590.03057861328125, 733.43310546875 ],
				[ 727.69580078125, 779.44451904296875 ],
				[ 1084.057861328125, 631.039306640625 ],
				[ 965.0465087890625, 560.4453125 ],
				[ 759.7230224609375, 902.853515625 ],
				[ 899.94720458984375, 938.072021484375 ]
			]
		}
	]
}