{
	"camera_data":
	{
		"location_worldframe": [ 6818.568359375, 12.992899894714355, 0 ],
		"quaternion_xyzw_worldframe": [ 0, 0, -0.71869999170303345, 0.69529998302459717 ]
	},
	"objects": [
		{
			"class": "ExoRomper_FullPayload",
			"instance_id": 0,
			"visibility": 0.97369998693466187,
			"location": [ 0.00050000002374872565, 0, 24.705099105834961 ],
			"quaternion_xyzw": [ 0, 0.70709997415542603, 0, 0.70709997415542603 ],
			"pose_transform": [
				[ 1, 0, 0, 0 ],
				[ 0, 0, -1, 0 ],
				[ 0, -1, 0, 0 ],
				[ 0.00050000002374872565, 0, 24.705099105834961, 1 ]
			],
			"cuboid_centroid": [ 0.00050000002374872565, 0, 24.704999923706055 ],
			"projected_cuboid_centroid": [ 981.59222412109375, 558.21331787109375 ],
			"bounding_box":
			{
				"top_left": [ -4023.5751953125, -4565.765625 ],
				"bottom_right": [ 2572.651123046875, 2237.94580078125 ]
			},
			"cuboid": [
				[ 19.291999816894531, -20.600000381469727, -4.8400001525878906 ],
				[ 19.292499542236328, -20.600000381469727, 54.249801635742188 ],
				[ 19.292499542236328, 20.600000381469727, 54.249801635742188 ],
				[ 19.291999816894531, 20.600000381469727, -4.8400001525878906 ],
				[ -19.291000366210938, -20.600000381469727, -4.8400001525878906 ],
				[ -19.290500640869141, -20.600000381469727, 54.249801635742188 ],
				[ -19.290500640869141, 20.600000381469727, 54.249801635742188 ],
				[ -19.291000366210938, 20.600000381469727, -4.8400001525878906 ]
			],
			"projected_cuboid": [
				[ -4955.98828125, 6919.65576171875 ],
				[ 1511.197998046875, -9.3090000152587891 ],
				[ 1511.197998046875, 1125.7354736328125 ],
				[ -4955.98828125, -5803.22900390625 ],
				[ 6918.21630859375, 6919.65576171875 ],
				[ 451.86648559570312, -9.3090000152587891 ],
				[ 451.86648559570312, 1125.7354736328125 ],
				[ 6918.21630859375, -5803.22900390625 ]
			]
		},
		{
			"class": "ExoRomper_Sat",
			"instance_id": 0,
			"visibility": 0.91430002450942993,
			"location": [ -5.5482997894287109, 2.8196001052856445, 41.365699768066406 ],
			"quaternion_xyzw": [ 0.012500000186264515, -0.076700001955032349, 0.15979999303817749, 0.98409998416900635 ],
			"pose_transform": [
				[ -0.051500000059604645, -0.017200000584125519, 0.3458000123500824, 0 ],
				[ 0.32800000905990601, 0.10939999669790268, 0.05429999902844429, 0 ],
				[ 0.11079999804496765, -0.33199998736381531, 0, 0 ],
				[ -5.5482997894287109, 2.8196001052856445, 41.365699768066406, 1 ]
			],
			"cuboid_centroid": [ -5.5482997894287109, 2.8196001052856445, 41.365699768066406 ],
			"projected_cuboid_centroid": [ 781.75067138671875, 660.0872802734375 ],
			"bounding_box":
			{
				"top_left": [ 463.064208984375, 629.28900146484375 ],
				"bottom_right": [ 862.70751953125, 948.3380126953125 ]
			},
			"cuboid": [
				[ -2.0409998893737793, -1.1288000345230103, 46.19110107421875 ],
				[ -7.2899999618530273, -2.8798000812530518, 45.322799682617188 ],
				[ -10.362799644470215, 6.3319001197814941, 45.322799682617188 ],
				[ -5.1142997741699219, 8.0829000473022461, 46.19110107421875 ],
				[ -0.73390001058578491, -0.69260001182556152, 37.408599853515625 ],
				[ -5.9819002151489258, -2.4435999393463135, 36.540298461914062 ],
				[ -9.0551996231079102, 6.7680001258850098, 36.540298461914062 ],
				[ -3.8071000576019287, 8.5190000534057617, 37.408599853515625 ]
			],
			"projected_cuboid": [
				[ 915.6937255859375, 521.69012451171875 ],
				[ 741.940185546875, 463.24951171875 ],
				[ 640.95672607421875, 767.0123291015625 ],
				[ 816.58807373046875, 819.74310302734375 ],
				[ 952.3062744140625, 530.540771484375 ],
				[ 737.6610107421875, 458.26431274414062 ],
				[ 612.4058837890625, 835.03692626953125 ],
				[ 829.93341064453125, 898.56842041015625 ]
			]
		}
	]
}