{
	"camera_data":
	{
		"location_worldframe": [ 6806.0302734375, 4.7350997924804688, 0 ],
		"quaternion_xyzw_worldframe": [ 0, 0, -0.18529999256134033, 0.98269999027252197 ]
	},
	"objects": [
		{
			"class": "ExoRomper_FullPayload",
			"instance_id": 0,
			"visibility": 0.97369998693466187,
			"location": [ 0, 0, 24.705099105834961 ],
			"quaternion_xyzw": [ 0, 0.70709997415542603, 0, 0.70709997415542603 ],
			"pose_transform": [
				[ 1, 0, 0, 0 ],
				[ 0, 0, -1, 0 ],
				[ 0, -1, 0, 0 ],
				[ 0, 0, 24.705099105834961, 1 ]
			],
			"cuboid_centroid": [ 0, 0, 24.705099105834961 ],
			"projected_cuboid_centroid": [ 981.51641845703125, 558.21368408203125 ],
			"bounding_box":
			{
				"top_left": [ -4023.658447265625, -4565.6181640625 ],
				"bottom_right": [ 2572.687255859375, 2237.97314453125 ]
			},
			"cuboid": [
				[ 19.291299819946289, -20.600000381469727, -4.8393998146057129 ],
				[ 19.291500091552734, -20.600000381469727, 54.250499725341797 ],
				[ 19.291500091552734, 20.600000381469727, 54.250499725341797 ],
				[ 19.291299819946289, 20.600000381469727, -4.8393998146057129 ],
				[ -19.291299819946289, -20.600000381469727, -4.8393998146057129 ],
				[ -19.291299819946289, -20.600000381469727, 54.25 ],
				[ -19.291299819946289, 20.600000381469727, 54.25 ],
				[ -19.291299819946289, 20.600000381469727, -4.8393998146057129 ]
			],
			"projected_cuboid": [
				[ -4956.287109375, 6920.23486328125 ],
				[ 1511.1630859375, -9.3038997650146484 ],
				[ 1511.1630859375, 1125.730712890625 ],
				[ -4956.287109375, -5803.8115234375 ],
				[ 6919.05126953125, 6920.236328125 ],
				[ 451.831787109375, -9.3090000152587891 ],
				[ 451.831787109375, 1125.7357177734375 ],
				[ 6919.05126953125, -5803.81005859375 ]
			]
		},
		{
			"class": "ExoRomper_Sat",
			"instance_id": 0,
			"visibility": 0.96149998903274536,
			"location": [ -9.7594995498657227, 2.750499963760376, 41.365699768066406 ],
			"quaternion_xyzw": [ 0.13830000162124634, 0.95020002126693726, 0.040300000458955765, -0.27649998664855957 ],
			"pose_transform": [
				[ -0.18000000715255737, 0.053500000387430191, -0.29530000686645508, 0 ],
				[ -0.28310000896453857, 0.084200002253055573, 0.18780000507831573, 0 ],
				[ -0.099799998104572296, -0.33550000190734863, 0, 0 ],
				[ -9.7594995498657227, 2.750499963760376, 41.365699768066406, 1 ]
			],
			"cuboid_centroid": [ -9.7594995498657227, 2.750499963760376, 41.365699768066406 ],
			"projected_cuboid_centroid": [ 630.084716796875, 657.59197998046875 ],
			"bounding_box":
			{
				"top_left": [ 451.102294921875, 386.73370361328125 ],
				"bottom_right": [ 856.40863037109375, 826.826416015625 ]
			},
			"cuboid": [
				[ -15.69480037689209, -0.54960000514984131, 39.117698669433594 ],
				[ -11.164799690246582, -1.8969999551773071, 36.112300872802734 ],
				[ -8.3962001800537109, 7.4106998443603516, 36.112800598144531 ],
				[ -12.92650032043457, 8.7580995559692383, 39.117698669433594 ],
				[ -11.122599601745605, -1.9096000194549561, 46.619598388671875 ],
				[ -6.5925002098083496, -3.2571001052856445, 43.614299774169922 ],
				[ -3.8239998817443848, 6.0507001876831055, 43.614700317382812 ],
				[ -8.3540000915527344, 7.3980998992919922, 46.619098663330078 ]
			],
			"projected_cuboid": [
				[ 383.8837890625, 537.21527099609375 ],
				[ 520.98541259765625, 479.70169067382812 ],
				[ 635.19732666015625, 864.91302490234375 ],
				[ 489.29888916015625, 892.83502197265625 ],
				[ 626.1361083984375, 496.99301147460938 ],
				[ 756.3538818359375, 446.6007080078125 ],
				[ 850.90728759765625, 765.55401611328125 ],
				[ 714.59051513671875, 795.3897705078125 ]
			]
		}
	]
}