{
	"camera_data":
	{
		"location_worldframe": [ 6809.45263671875, -9.6738004684448242, 0 ],
		"quaternion_xyzw_worldframe": [ 0, 0, 0.40740001201629639, 0.9132000207901001 ]
	},
	"objects": [
		{
			"class": "ExoRomper_FullPayload",
			"instance_id": 0,
			"visibility": 0.97369998693466187,
			"location": [ 0.00050000002374872565, 0, 24.705600738525391 ],
			"quaternion_xyzw": [ 0, 0.70709997415542603, 0, 0.70709997415542603 ],
			"pose_transform": [
				[ 1, 0, 0, 0 ],
				[ 0, 0, -1, 0 ],
				[ 0, -1, 0, 0 ],
				[ 0.00050000002374872565, 0, 24.705600738525391, 1 ]
			],
			"cuboid_centroid": [ 0, 0, 24.705600738525391 ],
			"projected_cuboid_centroid": [ 981.49737548828125, 558.21337890625 ],
			"bounding_box":
			{
				"top_left": [ -4023.364990234375, -4565.26171875 ],
				"bottom_right": [ 2572.55615234375, 2237.97314453125 ]
			},
			"cuboid": [
				[ 19.291500091552734, -20.600000381469727, -4.8393998146057129 ],
				[ 19.291999816894531, -20.600000381469727, 54.250499725341797 ],
				[ 19.291999816894531, 20.600000381469727, 54.250499725341797 ],
				[ 19.291500091552734, 20.600000381469727, -4.8393998146057129 ],
				[ -19.291000366210938, -20.600000381469727, -4.8393998146057129 ],
				[ -19.290500640869141, -20.600000381469727, 54.250499725341797 ],
				[ -19.290500640869141, 20.600000381469727, 54.250499725341797 ],
				[ -19.291000366210938, 20.600000381469727, -4.8393998146057129 ]
			],
			"projected_cuboid": [
				[ -4955.54443359375, 6919.59423828125 ],
				[ 1511.15869140625, -9.3042001724243164 ],
				[ 1511.15869140625, 1125.7305908203125 ],
				[ -4955.54443359375, -5803.17041015625 ],
				[ 6918.54736328125, 6919.59423828125 ],
				[ 451.82321166992188, -9.3092002868652344 ],
				[ 451.82321166992188, 1125.7359619140625 ],
				[ 6918.54736328125, -5803.17041015625 ]
			]
		},
		{
			"class": "ExoRomper_Sat",
			"instance_id": 0,
			"visibility": 0.94590002298355103,
			"location": [ -5.9678001403808594, 2.6939001083374023, 41.364700317382812 ],
			"quaternion_xyzw": [ 0.017200000584125519, -0.13189999759197235, 0.12809999287128448, 0.98280000686645508 ],
			"pose_transform": [
				[ -0.08919999748468399, -0.02370000071823597, 0.3375999927520752, 0 ],
				[ 0.3262999951839447, 0.08659999817609787, 0.092299997806549072, 0 ],
				[ 0.089699998497962952, -0.33829998970031738, 0, 0 ],
				[ -5.9678001403808594, 2.6939001083374023, 41.364700317382812, 1 ]
			],
			"cuboid_centroid": [ -5.9678001403808594, 2.6939001083374023, 41.364700317382812 ],
			"projected_cuboid_centroid": [ 766.5833740234375, 655.548583984375 ],
			"bounding_box":
			{
				"top_left": [ 461.53408813476562, 626.64788818359375 ],
				"bottom_right": [ 856.3004150390625, 940.2294921875 ]
			},
			"cuboid": [
				[ -3.2451000213623047, -1.6071000099182129, 46.391101837158203 ],
				[ -8.4667997360229492, -2.9923000335693359, 44.914100646972656 ],
				[ -10.956500053405762, 6.3937997817993164, 44.914100646972656 ],
				[ -5.7348999977111816, 7.7789998054504395, 46.391101837158203 ],
				[ -0.97850000858306885, -1.0060000419616699, 37.815399169921875 ],
				[ -6.2006998062133789, -2.391200065612793, 36.338901519775391 ],
				[ -8.6904001235961914, 6.9949002265930176, 36.338901519775391 ],
				[ -3.4686999320983887, 8.3801002502441406, 37.815898895263672 ]
			],
			"projected_cuboid": [
				[ 877.28619384765625, 506.4381103515625 ],
				[ 700.69232177734375, 458.6409912109375 ],
				[ 618.12469482421875, 770.97760009765625 ],
				[ 797.359375, 808.8302001953125 ],
				[ 942.9185791015625, 518.45452880859375 ],
				[ 727.31732177734375, 459.8660888671875 ],
				[ 625.25567626953125, 845.909912109375 ],
				[ 844.85601806640625, 889.41937255859375 ]
			]
		}
	]
}