{
	"camera_data":
	{
		"location_worldframe": [ 6816.31103515625, -12.871100425720215, 0 ],
		"quaternion_xyzw_worldframe": [ 0, 0, 0.65560001134872437, 0.75510001182556152 ]
	},
	"objects": [
		{
			"class": "ExoRomper_FullPayload",
			"instance_id": 0,
			"visibility": 0.97369998693466187,
			"location": [ 0, 0, 24.705699920654297 ],
			"quaternion_xyzw": [ 0, 0.70709997415542603, 0, 0.70709997415542603 ],
			"pose_transform": [
				[ 1, 0, 0, 0 ],
				[ 0, 0, -1, 0 ],
				[ 0, -1, 0, 0 ],
				[ 0, 0, 24.705699920654297, 1 ]
			],
			"cuboid_centroid": [ 0, 0, 24.705600738525391 ],
			"projected_cuboid_centroid": [ 981.51617431640625, 558.21331787109375 ],
			"bounding_box":
			{
				"top_left": [ -4023.58447265625, -4565.65283203125 ],
				"bottom_right": [ 2572.6552734375, 2237.964111328125 ]
			},
			"cuboid": [
				[ 19.291000366210938, -20.600000381469727, -4.8393998146057129 ],
				[ 19.291000366210938, -20.600000381469727, 54.250499725341797 ],
				[ 19.291000366210938, 20.600000381469727, 54.250499725341797 ],
				[ 19.291000366210938, 20.600000381469727, -4.8393998146057129 ],
				[ -19.291500091552734, -20.600000381469727, -4.8393001556396484 ],
				[ -19.291000366210938, -20.600000381469727, 54.250400543212891 ],
				[ -19.291000366210938, 20.600000381469727, 54.250400543212891 ],
				[ -19.291500091552734, 20.600000381469727, -4.8393001556396484 ]
			],
			"projected_cuboid": [
				[ -4955.6943359375, 6919.75634765625 ],
				[ 1511.162353515625, -9.3079996109008789 ],
				[ 1511.162353515625, 1125.7344970703125 ],
				[ -4955.6943359375, -5803.330078125 ],
				[ 6918.57861328125, 6919.83642578125 ],
				[ 451.849609375, -9.3086996078491211 ],
				[ 451.849609375, 1125.7352294921875 ],
				[ 6918.57861328125, -5803.40966796875 ]
			]
		},
		{
			"class": "ExoRomper_Sat",
			"instance_id": 0,
			"visibility": 0.82609999179840088,
			"location": [ -0.78710001707077026, 8.8881998062133789, 41.365798950195312 ],
			"quaternion_xyzw": [ -0.57109999656677246, 0.61979997158050537, -0.36469998955726624, -0.39579999446868896 ],
			"pose_transform": [
				[ -0.025900000706315041, -0.31650000810623169, -0.14720000326633453, 0 ],
				[ -0.012000000104308128, -0.14669999480247498, 0.31749999523162842, 0 ],
				[ 0.34880000352859497, -0.028599999845027924, 0, 0 ],
				[ -0.78710001707077026, 8.8881998062133789, 41.365798950195312, 1 ]
			],
			"cuboid_centroid": [ -0.78710001707077026, 8.8881998062133789, 41.365699768066406 ],
			"projected_cuboid_centroid": [ 953.155517578125, 879.35382080078125 ],
			"bounding_box":
			{
				"top_left": [ 674.97308349609375, 762.4541015625 ],
				"bottom_right": [ 1083.8160400390625, 1144.0400390625 ]
			},
			"cuboid": [
				[ 3.6264998912811279, 3.2983999252319336, 42.036598205566406 ],
				[ 3.8192999362945557, 5.6462998390197754, 36.955398559570312 ],
				[ -5.8593997955322266, 6.4397001266479492, 36.955501556396484 ],
				[ -6.0517997741699219, 4.0918002128601074, 42.036701202392578 ],
				[ 4.2852001190185547, 11.336799621582031, 45.775901794433594 ],
				[ 4.4774999618530273, 13.684700012207031, 40.694801330566406 ],
				[ -5.2006998062133789, 14.477999687194824, 40.694801330566406 ],
				[ -5.3930997848510742, 12.130200386047363, 45.7760009765625 ]
			],
			"projected_cuboid": [
				[ 1110.0045166015625, 675.48699951171875 ],
				[ 1135.449462890625, 786.5673828125 ],
				[ 745.33087158203125, 818.651611328125 ],
				[ 767.0640869140625, 703.69317626953125 ],
				[ 1120.9345703125, 928.35919189453125 ],
				[ 1145.4061279296875, 1060.805908203125 ],
				[ 791.15789794921875, 1089.9422607421875 ],
				[ 806.0084228515625, 954.260986328125 ]
			]
		}
	]
}