{
	"camera_data":
	{
		"location_worldframe": [ 6825.02734375, -11.02400016784668, 0 ],
		"quaternion_xyzw_worldframe": [ 0, 0, 0.87459999322891235, 0.48480001091957092 ]
	},
	"objects": [
		{
			"class": "ExoRomper_FullPayload",
			"instance_id": 0,
			"visibility": 0.96100002527236938,
			"location": [ -0.00050000002374872565, 0, 24.704799652099609 ],
			"quaternion_xyzw": [ 0, 0.70709997415542603, 0, 0.70709997415542603 ],
			"pose_transform": [
				[ 1, 0, 0, 0 ],
				[ 0, 0, -1, 0 ],
				[ 0, -1, 0, 0 ],
				[ -0.00050000002374872565, 0, 24.704799652099609, 1 ]
			],
			"cuboid_centroid": [ -0.0010000000474974513, 0, 24.704599380493164 ],
			"projected_cuboid_centroid": [ 981.44091796875, 558.21331787109375 ],
			"bounding_box":
			{
				"top_left": [ -4023.509765625, -4565.1923828125 ],
				"bottom_right": [ 2572.623291015625, 2237.970703125 ]
			},
			"cuboid": [
				[ 19.290500640869141, -20.600000381469727, -4.8400998115539551 ],
				[ 19.290500640869141, -20.600000381469727, 54.249500274658203 ],
				[ 19.290500640869141, 20.600000381469727, 54.249500274658203 ],
				[ 19.290500640869141, 20.600000381469727, -4.8400998115539551 ],
				[ -19.291999816894531, -20.600000381469727, -4.8403000831604004 ],
				[ -19.291999816894531, -20.600000381469727, 54.249500274658203 ],
				[ -19.291999816894531, 20.600000381469727, 54.249500274658203 ],
				[ -19.291999816894531, 20.600000381469727, -4.8403000831604004 ]
			],
			"projected_cuboid": [
				[ -4955.052734375, 6919.2744140625 ],
				[ 1511.1488037109375, -9.3118000030517578 ],
				[ 1511.1488037109375, 1125.73828125 ],
				[ -4955.052734375, -5802.84716796875 ],
				[ 6918.4404296875, 6919.2744140625 ],
				[ 451.80990600585938, -9.3142995834350586 ],
				[ 451.80990600585938, 1125.7408447265625 ],
				[ 6918.4404296875, -5802.84716796875 ]
			]
		},
		{
			"class": "ExoRomper_Sat",
			"instance_id": 0,
			"visibility": 0.94230002164840698,
			"location": [ -5.9800000190734863, 2.6916000843048096, 41.365200042724609 ],
			"quaternion_xyzw": [ -0.12530000507831573, 0.96689999103546143, 0.028599999845027924, 0.22040000557899475 ],
			"pose_transform": [
				[ 0.14669999480247498, 0.038699999451637268, -0.31540000438690186, 0 ],
				[ -0.30500000715255737, -0.080399997532367706, -0.15170000493526459, 0 ],
				[ 0.08919999748468399, -0.33840000629425049, 0, 0 ],
				[ -5.9800000190734863, 2.6916000843048096, 41.365200042724609, 1 ]
			],
			"cuboid_centroid": [ -5.9800000190734863, 2.6916000843048096, 41.365200042724609 ],
			"projected_cuboid_centroid": [ 766.13250732421875, 655.46282958984375 ],
			"bounding_box":
			{
				"top_left": [ 455.51251220703125, 610.6875 ],
				"bottom_right": [ 854.38519287109375, 961.67779541015625 ]
			},
			"cuboid": [
				[ -5.3207998275756836, -2.1556999683380127, 36.145801544189453 ],
				[ -0.43950000405311584, -0.86900001764297485, 38.572498321533203 ],
				[ -2.9154999256134033, 8.520899772644043, 38.572498321533203 ],
				[ -7.7964000701904297, 7.2342000007629395, 36.145801544189453 ],
				[ -9.0453996658325195, -3.1377999782562256, 44.157699584960938 ],
				[ -4.1649999618530273, -1.8509999513626099, 46.584499359130859 ],
				[ -6.6401000022888184, 7.5388998985290527, 46.584499359130859 ],
				[ -11.520500183105469, 6.2522001266479492, 44.157699584960938 ]
			],
			"projected_cuboid": [
				[ 762.23297119140625, 469.07659912109375 ],
				[ 964.49639892578125, 524.54150390625 ],
				[ 868.93017578125, 888.3704833984375 ],
				[ 660.22412109375, 857.33489990234375 ],
				[ 676.38037109375, 452.01278686523438 ],
				[ 848.327880859375, 498.82681274414062 ],
				[ 769.17730712890625, 800.08349609375 ],
				[ 592.88037109375, 769.82391357421875 ]
			]
		}
	]
}