{
	"camera_data":
	{
		"location_worldframe": [ 6815.55859375, 12.741700172424316, 0 ],
		"quaternion_xyzw_worldframe": [ 0, 0, -0.63309997320175171, 0.77410000562667847 ]
	},
	"objects": [
		{
			"class": "ExoRomper_FullPayload",
			"instance_id": 0,
			"visibility": 0.98669999837875366,
			"location": [ 0, 0, 24.704599380493164 ],
			"quaternion_xyzw": [ 0, 0.70709997415542603, 0, 0.70709997415542603 ],
			"pose_transform": [
				[ 1, 0, 0, 0 ],
				[ 0, 0, -1, 0 ],
				[ 0, -1, 0, 0 ],
				[ 0, 0, 24.704599380493164, 1 ]
			],
			"cuboid_centroid": [ -0.00050000002374872565, 0, 24.704299926757812 ],
			"projected_cuboid_centroid": [ 981.4783935546875, 558.21331787109375 ],
			"bounding_box":
			{
				"top_left": [ -4023.5849609375, -4565.4052734375 ],
				"bottom_right": [ 2572.655029296875, 2237.962890625 ]
			},
			"cuboid": [
				[ 19.291500091552734, -20.600000381469727, -4.8406000137329102 ],
				[ 19.291000366210938, -20.600000381469727, 54.249298095703125 ],
				[ 19.291000366210938, 20.600000381469727, 54.249298095703125 ],
				[ 19.291500091552734, 20.600000381469727, -4.8406000137329102 ],
				[ -19.291000366210938, -20.600000381469727, -4.8404998779296875 ],
				[ -19.291500091552734, -20.600000381469727, 54.249298095703125 ],
				[ -19.291500091552734, 20.600000381469727, 54.249298095703125 ],
				[ -19.291000366210938, 20.600000381469727, -4.8404998779296875 ]
			],
			"projected_cuboid": [
				[ -4955.3505859375, 6919.59423828125 ],
				[ 1511.16357421875, -9.3092002868652344 ],
				[ 1511.16357421875, 1125.7357177734375 ],
				[ -4955.3505859375, -5803.16943359375 ],
				[ 6918.697265625, 6919.755859375 ],
				[ 451.81451416015625, -9.3092002868652344 ],
				[ 451.81451416015625, 1125.7357177734375 ],
				[ 6918.697265625, -5803.3291015625 ]
			]
		},
		{
			"class": "ExoRomper_Sat",
			"instance_id": 0,
			"visibility": 0.95649999380111694,
			"location": [ -9.2334003448486328, 2.6159000396728516, 41.365200042724609 ],
			"quaternion_xyzw": [ -0.049699999392032623, -0.46819999814033508, -0.093099996447563171, 0.87730002403259277 ],
			"pose_transform": [
				[ -0.28429999947547913, 0.061000000685453415, 0.19480000436306, 0 ],
				[ 0.19050000607967377, -0.040899999439716339, 0.29069998860359192, 0 ],
				[ -0.073499999940395355, -0.34220001101493835, 0, 0 ],
				[ -9.2334003448486328, 2.6159000396728516, 41.365200042724609, 1 ]
			],
			"cuboid_centroid": [ -9.2334003448486328, 2.6159000396728516, 41.365200042724609 ],
			"projected_cuboid_centroid": [ 649.0333251953125, 652.72607421875 ],
			"bounding_box":
			{
				"top_left": [ 443.97610473632812, 431.10650634765625 ],
				"bottom_right": [ 848.06402587890625, 852.2542724609375 ]
			},
			"cuboid": [
				[ -12.338399887084961, -1.6835000514984131, 46.165901184082031 ],
				[ -15.386699676513672, -1.0290999412536621, 41.513401031494141 ],
				[ -13.349100112915039, 8.4652996063232422, 41.513401031494141 ],
				[ -10.300800323486328, 7.8109002113342285, 46.165901184082031 ],
				[ -5.1177000999450684, -3.2335000038146973, 41.216800689697266 ],
				[ -8.1665000915527344, -2.5790998935699463, 36.564201354980469 ],
				[ -6.1279001235961914, 6.9152998924255371, 36.564300537109375 ],
				[ -3.0796000957489014, 6.2609000205993652, 41.216800689697266 ]
			],
			"projected_cuboid": [
				[ 583.4293212890625, 503.7113037109375 ],
				[ 429.42050170898438, 521.16259765625 ],
				[ 502.56570434570312, 862.97637939453125 ],
				[ 649.1627197265625, 811.07861328125 ],
				[ 796.5535888671875, 440.96371459960938 ],
				[ 648.815673828125, 452.7926025390625 ],
				[ 731.86212158203125, 840.8712158203125 ],
				[ 870.2020263671875, 785.2371826171875 ]
			]
		}
	]
}