{
	"camera_data":
	{
		"location_worldframe": [ 6813.76708984375, 12.243399620056152, 0 ],
		"quaternion_xyzw_worldframe": [ 0, 0, -0.57609999179840088, 0.81739997863769531 ]
	},
	"objects": [
		{
			"class": "ExoRomper_FullPayload",
			"instance_id": 0,
			"visibility": 0.96100002527236938,
			"location": [ -0.00050000002374872565, 0, 24.705299377441406 ],
			"quaternion_xyzw": [ 0, 0.70709997415542603, 0, 0.70709997415542603 ],
			"pose_transform": [
				[ 1, 0, 0, 0 ],
				[ 0, 0, -1, 0 ],
				[ 0, -1, 0, 0 ],
				[ -0.00050000002374872565, 0, 24.705299377441406, 1 ]
			],
			"cuboid_centroid": [ -0.00050000002374872565, 0, 24.705099105834961 ],
			"projected_cuboid_centroid": [ 981.4783935546875, 558.21337890625 ],
			"bounding_box":
			{
				"top_left": [ -4023.657958984375, -4565.6181640625 ],
				"bottom_right": [ 2572.688232421875, 2237.96533203125 ]
			},
			"cuboid": [
				[ 19.291000366210938, -20.600000381469727, -4.8397998809814453 ],
				[ 19.291000366210938, -20.600000381469727, 54.25 ],
				[ 19.291000366210938, 20.600000381469727, 54.25 ],
				[ 19.291000366210938, 20.600000381469727, -4.8397998809814453 ],
				[ -19.291500091552734, -20.600000381469727, -4.8397998809814453 ],
				[ -19.291500091552734, -20.600000381469727, 54.25 ],
				[ -19.291500091552734, 20.600000381469727, 54.25 ],
				[ -19.291500091552734, 20.600000381469727, -4.8397998809814453 ]
			],
			"projected_cuboid": [
				[ -4955.84326171875, 6919.91650390625 ],
				[ 1511.1611328125, -9.3066997528076172 ],
				[ 1511.1611328125, 1125.733154296875 ],
				[ -4955.84326171875, -5803.490234375 ],
				[ 6918.84814453125, 6919.91650390625 ],
				[ 451.8341064453125, -9.3066997528076172 ],
				[ 451.8341064453125, 1125.733154296875 ],
				[ 6918.84814453125, -5803.490234375 ]
			]
		},
		{
			"class": "ExoRomper_Sat",
			"instance_id": 0,
			"visibility": 0.95829999446868896,
			"location": [ -6.223599910736084, 2.6315999031066895, 41.366001129150391 ],
			"quaternion_xyzw": [ 0.045400001108646393, -0.40729999542236328, 0.10100000351667404, 0.90659999847412109 ],
			"pose_transform": [
				[ -0.25519999861717224, -0.057599999010562897, 0.23250000178813934, 0 ],
				[ 0.22679999470710754, 0.051199998706579208, 0.26170000433921814, 0 ],
				[ 0.076999999582767487, -0.34139999747276306, 0, 0 ],
				[ -6.223599910736084, 2.6315999031066895, 41.366001129150391, 1 ]
			],
			"cuboid_centroid": [ -6.223599910736084, 2.6315999031066895, 41.366001129150391 ],
			"projected_cuboid_centroid": [ 757.4105224609375, 653.29290771484375 ],
			"bounding_box":
			{
				"top_left": [ 447.08639526367188, 565.098876953125 ],
				"bottom_right": [ 845.06768798828125, 976.15087890625 ]
			},
			"cuboid": [
				[ -6.5819997787475586, -2.426800012588501, 46.411598205566406 ],
				[ -10.210399627685547, -3.2455000877380371, 42.224601745605469 ],
				[ -12.347700119018555, 6.2272000312805176, 42.224601745605469 ],
				[ -8.7192001342773438, 7.0458998680114746, 46.411598205566406 ],
				[ -0.098600000143051147, -0.96399998664855957, 40.507099151611328 ],
				[ -3.7270998954772949, -1.7826999425888062, 36.320301055908203 ],
				[ -5.8646998405456543, 7.6898999214172363, 36.320098876953125 ],
				[ -2.23580002784729, 8.5086002349853516, 40.507301330566406 ]
			],
			"projected_cuboid": [
				[ 770.264404296875, 480.06491088867188 ],
				[ 621.32012939453125, 443.33819580078125 ],
				[ 545.94439697265625, 778.62701416015625 ],
				[ 701.6865234375, 785.107177734375 ],
				[ 977.86712646484375, 522.6439208984375 ],
				[ 828.66851806640625, 484.85528564453125 ],
				[ 741.009521484375, 874.65301513671875 ],
				[ 899.29339599609375, 872.148681640625 ]
			]
		}
	]
}