{
	"camera_data":
	{
		"location_worldframe": [ 6814.35888671875, -12.438799858093262, 0 ],
		"quaternion_xyzw_worldframe": [ 0, 0, 0.59549999237060547, 0.80330002307891846 ]
	},
	"objects": [
		{
			"class": "ExoRomper_FullPayload",
			"instance_id": 0,
			"visibility": 0.97369998693466187,
			"location": [ 0.00050000002374872565, 0, 24.7052001953125 ],
			"quaternion_xyzw": [ 0, 0.70709997415542603, 0, 0.70709997415542603 ],
			"pose_transform": [
				[ 1, 0, 0, 0 ],
				[ 0, 0, -1, 0 ],
				[ 0, -1, 0, 0 ],
				[ 0.00050000002374872565, 0, 24.7052001953125, 1 ]
			],
			"cuboid_centroid": [ 0.00050000002374872565, 0, 24.705099105834961 ],
			"projected_cuboid_centroid": [ 981.51617431640625, 558.21319580078125 ],
			"bounding_box":
			{
				"top_left": [ -4023.58447265625, -4565.65283203125 ],
				"bottom_right": [ 2572.655517578125, 2237.962890625 ]
			},
			"cuboid": [
				[ 19.291999816894531, -20.600000381469727, -4.8400998115539551 ],
				[ 19.291999816894531, -20.600000381469727, 54.249900817871094 ],
				[ 19.291999816894531, 20.600000381469727, 54.249900817871094 ],
				[ 19.291999816894531, 20.600000381469727, -4.8400998115539551 ],
				[ -19.291000366210938, -20.600000381469727, -4.8400001525878906 ],
				[ -19.291000366210938, -20.600000381469727, 54.249900817871094 ],
				[ -19.291000366210938, 20.600000381469727, 54.249900817871094 ],
				[ -19.291000366210938, 20.600000381469727, -4.8400001525878906 ]
			],
			"projected_cuboid": [
				[ -4955.58935546875, 6919.43408203125 ],
				[ 1511.180908203125, -9.3092002868652344 ],
				[ 1511.180908203125, 1125.7357177734375 ],
				[ -4955.58935546875, -5803.01025390625 ],
				[ 6918.35302734375, 6919.59423828125 ],
				[ 451.84909057617188, -9.3092002868652344 ],
				[ 451.84909057617188, 1125.7357177734375 ],
				[ 6918.35302734375, -5803.169921875 ]
			]
		},
		{
			"class": "ExoRomper_Sat",
			"instance_id": 0,
			"visibility": 0.8913000226020813,
			"location": [ -3.6166999340057373, 3.8201999664306641, 41.365001678466797 ],
			"quaternion_xyzw": [ -0.27820000052452087, 0.84799998998641968, -0.14059999585151672, -0.428600013256073 ],
			"pose_transform": [
				[ -0.22699999809265137, -0.16689999401569366, -0.20759999752044678, 0 ],
				[ -0.1671999990940094, -0.12300000339746475, 0.28180000185966492, 0 ],
				[ 0.20730000734329224, -0.28200000524520874, 0, 0 ],
				[ -3.6166999340057373, 3.8201999664306641, 41.365001678466797, 1 ]
			],
			"cuboid_centroid": [ -3.6166999340057373, 3.8201999664306641, 41.365001678466797 ],
			"projected_cuboid_centroid": [ 851.28057861328125, 696.24090576171875 ],
			"bounding_box":
			{
				"top_left": [ 453.48541259765625, 648.04547119140625 ],
				"bottom_right": [ 898.947509765625, 1097.705078125 ]
			},
			"cuboid": [
				[ -4.9619002342224121, -3.1953999996185303, 40.983299255371094 ],
				[ -2.285599946975708, -1.2278000116348267, 36.4739990234375 ],
				[ -8.0375995635986328, 6.5959000587463379, 36.4739990234375 ],
				[ -10.713899612426758, 4.6283001899719238, 40.983299255371094 ],
				[ 0.80519998073577881, 1.0444999933242798, 46.255901336669922 ],
				[ 3.4814000129699707, 3.0120999813079834, 41.746601104736328 ],
				[ -2.2715001106262207, 10.835800170898438, 41.746601104736328 ],
				[ -4.9468002319335938, 8.8681001663208008, 46.255901336669922 ]
			],
			"projected_cuboid": [
				[ 801.1781005859375, 441.68301391601562 ],
				[ 888.15972900390625, 507.90390014648438 ],
				[ 653.25848388671875, 828.488525390625 ],
				[ 592.122314453125, 726.99481201171875 ],
				[ 1007.42626953125, 591.96051025390625 ],
				[ 1105.7000732421875, 666.0498046875 ],
				[ 900.4669189453125, 946.144775390625 ],
				[ 822.2003173828125, 844.75042724609375 ]
			]
		}
	]
}