{
	"camera_data":
	{
		"location_worldframe": [ 6808.08544921875, 8.243800163269043, 0 ],
		"quaternion_xyzw_worldframe": [ 0, 0, -0.33669999241828918, 0.94160002470016479 ]
	},
	"objects": [
		{
			"class": "ExoRomper_FullPayload",
			"instance_id": 0,
			"visibility": 0.98669999837875366,
			"location": [ 0.00050000002374872565, 0, 24.705600738525391 ],
			"quaternion_xyzw": [ 0, 0.70709997415542603, 0, 0.70709997415542603 ],
			"pose_transform": [
				[ 1, 0, 0, 0 ],
				[ 0, 0, -1, 0 ],
				[ 0, -1, 0, 0 ],
				[ 0.00050000002374872565, 0, 24.705600738525391, 1 ]
			],
			"cuboid_centroid": [ 0.00050000002374872565, 0, 24.705600738525391 ],
			"projected_cuboid_centroid": [ 981.51641845703125, 558.21337890625 ],
			"bounding_box":
			{
				"top_left": [ -4023.363525390625, -4565.32373046875 ],
				"bottom_right": [ 2572.55712890625, 2237.954833984375 ]
			},
			"cuboid": [
				[ 19.291500091552734, -20.600000381469727, -4.8397998809814453 ],
				[ 19.291500091552734, -20.600000381469727, 54.25 ],
				[ 19.291500091552734, 20.600000381469727, 54.25 ],
				[ 19.291500091552734, 20.600000381469727, -4.8397998809814453 ],
				[ -19.291000366210938, -20.600000381469727, -4.8393998146057129 ],
				[ -19.291000366210938, -20.600000381469727, 54.250499725341797 ],
				[ -19.291000366210938, 20.600000381469727, 54.250499725341797 ],
				[ -19.291000366210938, 20.600000381469727, -4.8393998146057129 ]
			],
			"projected_cuboid": [
				[ -4955.14208984375, 6918.95068359375 ],
				[ 1511.180908203125, -9.3092002868652344 ],
				[ 1511.180908203125, 1125.7357177734375 ],
				[ -4955.14208984375, -5802.529296875 ],
				[ 6918.35302734375, 6919.59423828125 ],
				[ 451.84909057617188, -9.3092002868652344 ],
				[ 451.84909057617188, 1125.7357177734375 ],
				[ 6918.35302734375, -5803.1689453125 ]
			]
		},
		{
			"class": "ExoRomper_Sat",
			"instance_id": 0,
			"visibility": 0.9122999906539917,
			"location": [ -11.994600296020508, 3.8838000297546387, 41.36669921875 ],
			"quaternion_xyzw": [ 0.3059999942779541, 0.90939998626708984, 0.089900001883506775, -0.2671000063419342 ],
			"pose_transform": [
				[ -0.15080000460147858, 0.11439999938011169, -0.29440000653266907, 0 ],
				[ -0.23450000584125519, 0.17800000309944153, 0.18930000066757202, 0 ],
				[ -0.21160000562667847, -0.27880001068115234, 0, 0 ],
				[ -11.994600296020508, 3.8838000297546387, 41.36669921875, 1 ]
			],
			"cuboid_centroid": [ -11.994600296020508, 3.8838000297546387, 41.36669921875 ],
			"projected_cuboid_centroid": [ 549.6107177734375, 698.53582763671875 ],
			"bounding_box":
			{
				"top_left": [ 471.22659301757812, 277.63211059570312 ],
				"bottom_right": [ 901.99957275390625, 751.160888671875 ]
			},
			"cuboid": [
				[ -18.721200942993164, 2.8929998874664307, 39.1416015625 ],
				[ -14.968299865722656, 0.045200001448392868, 36.112800598144531 ],
				[ -9.0980997085571289, 7.7807998657226562, 36.113300323486328 ],
				[ -12.851099967956543, 10.628600120544434, 39.142101287841797 ],
				[ -14.89109992980957, -0.013199999928474426, 46.619598388671875 ],
				[ -11.138199806213379, -2.8610000610351562, 43.590801239013672 ],
				[ -5.2680997848510742, 4.8745999336242676, 43.590801239013672 ],
				[ -9.0214996337890625, 7.7224001884460449, 46.619598388671875 ]
			],
			"projected_cuboid": [
				[ 269.08648681640625, 668.6790771484375 ],
				[ 364.14559936523438, 560.08221435546875 ],
				[ 606.269287109375, 880.226806640625 ],
				[ 492.47879028320312, 964.0531005859375 ],
				[ 505.73519897460938, 557.7896728515625 ],
				[ 600.8966064453125, 460.1177978515625 ],
				[ 801.482177734375, 725.34832763671875 ],
				[ 693.274169921875, 805.7880859375 ]
			]
		}
	]
}