{
	"camera_data":
	{
		"location_worldframe": [ 6820.3359375, -12.812700271606445, 0 ],
		"quaternion_xyzw_worldframe": [ 0, 0, 0.76459997892379761, 0.6445000171661377 ]
	},
	"objects": [
		{
			"class": "ExoRomper_FullPayload",
			"instance_id": 0,
			"visibility": 1,
			"location": [ -0.00050000002374872565, 0, 24.705299377441406 ],
			"quaternion_xyzw": [ 0, 0.70709997415542603, 0, 0.70709997415542603 ],
			"pose_transform": [
				[ 1, 0, 0, 0 ],
				[ 0, 0, -1, 0 ],
				[ 0, -1, 0, 0 ],
				[ -0.00050000002374872565, 0, 24.705299377441406, 1 ]
			],
			"cuboid_centroid": [ -0.00050000002374872565, 0, 24.705099105834961 ],
			"projected_cuboid_centroid": [ 981.51641845703125, 558.21331787109375 ],
			"bounding_box":
			{
				"top_left": [ -4023.58447265625, -4565.529296875 ],
				"bottom_right": [ 2572.65576171875, 2237.962890625 ]
			},
			"cuboid": [
				[ 19.291500091552734, -20.600000381469727, -4.8397998809814453 ],
				[ 19.291500091552734, -20.600000381469727, 54.25 ],
				[ 19.291500091552734, 20.600000381469727, 54.25 ],
				[ 19.291500091552734, 20.600000381469727, -4.8397998809814453 ],
				[ -19.291500091552734, -20.600000381469727, -4.8397998809814453 ],
				[ -19.291500091552734, -20.600000381469727, 54.250099182128906 ],
				[ -19.291500091552734, 20.600000381469727, 54.250099182128906 ],
				[ -19.291500091552734, 20.600000381469727, -4.8397998809814453 ]
			],
			"projected_cuboid": [
				[ -4955.73828125, 6919.59521484375 ],
				[ 1511.180908203125, -9.309300422668457 ],
				[ 1511.180908203125, 1125.7357177734375 ],
				[ -4955.73828125, -5803.1689453125 ],
				[ 6918.54736328125, 6919.59521484375 ],
				[ 451.85018920898438, -9.3080997467041016 ],
				[ 451.85018920898438, 1125.7344970703125 ],
				[ 6918.54736328125, -5803.1689453125 ]
			]
		},
		{
			"class": "ExoRomper_Sat",
			"instance_id": 0,
			"visibility": 0.82859998941421509,
			"location": [ -14.721199989318848, 8.6848001480102539, 41.365398406982422 ],
			"quaternion_xyzw": [ 0.50080001354217529, 0.55970001220703125, -0.44029998779296875, 0.49210000038146973 ],
			"pose_transform": [
				[ 0.038499999791383743, -0.3449999988079071, -0.04479999840259552, 0 ],
				[ -0.004999999888241291, 0.044500000774860382, -0.34709998965263367, 0 ],
				[ -0.34779998660087585, -0.03880000114440918, 0, 0 ],
				[ -14.721199989318848, 8.6848001480102539, 41.365398406982422, 1 ]
			],
			"cuboid_centroid": [ -14.721199989318848, 8.6848001480102539, 41.365398406982422 ],
			"projected_cuboid_centroid": [ 451.42230224609375, 872.00360107421875 ],
			"bounding_box":
			{
				"top_left": [ 675.45867919921875, 226.12969970703125 ],
				"bottom_right": [ 1082.01513671875, 647.2020263671875 ]
			},
			"cuboid": [
				[ -19.098100662231445, 4.1219000816345215, 38.019001007080078 ],
				[ -19.018600463867188, 3.4093000888824463, 43.573699951171875 ],
				[ -9.3676996231079102, 4.4851999282836914, 43.573699951171875 ],
				[ -9.4468002319335938, 5.1978001594543457, 38.019199371337891 ],
				[ -20.074699401855469, 12.884400367736816, 39.157199859619141 ],
				[ -19.995599746704102, 12.171799659729004, 44.711799621582031 ],
				[ -10.344200134277344, 13.247699737548828, 44.711898803710938 ],
				[ -10.424300193786621, 13.960399627685547, 39.157199859619141 ]
			],
			"projected_cuboid": [
				[ 233.28359985351562, 720.2489013671875 ],
				[ 331.40850830078125, 675.1505126953125 ],
				[ 661.30291748046875, 712.05462646484375 ],
				[ 611.4246826171875, 762.5447998046875 ],
				[ 217.89559936523438, 1049.9913330078125 ],
				[ 315.39239501953125, 965.0770263671875 ],
				[ 636.909912109375, 1001.0418090820312 ],
				[ 584.99737548828125, 1091.0579833984375 ]
			]
		}
	]
}