{
	"camera_data":
	{
		"location_worldframe": [ 6828.80322265625, -7.4321999549865723, 0 ],
		"quaternion_xyzw_worldframe": [ 0, 0, 0.95410001277923584, 0.29960000514984131 ]
	},
	"objects": [
		{
			"class": "ExoRomper_FullPayload",
			"instance_id": 0,
			"visibility": 0.97369998693466187,
			"location": [ 0, 0, 24.705600738525391 ],
			"quaternion_xyzw": [ 0, 0.70709997415542603, 0, 0.70709997415542603 ],
			"pose_transform": [
				[ 1, 0, 0, 0 ],
				[ 0, 0, -1, 0 ],
				[ 0, -1, 0, 0 ],
				[ 0, 0, 24.705600738525391, 1 ]
			],
			"cuboid_centroid": [ 0, 0, 24.705600738525391 ],
			"projected_cuboid_centroid": [ 981.45941162109375, 558.21337890625 ],
			"bounding_box":
			{
				"top_left": [ -4023.657470703125, -4565.55615234375 ],
				"bottom_right": [ 2572.688232421875, 2237.98876953125 ]
			},
			"cuboid": [
				[ 19.291500091552734, -20.600000381469727, -4.8393998146057129 ],
				[ 19.291299819946289, -20.600000381469727, 54.250499725341797 ],
				[ 19.291299819946289, 20.600000381469727, 54.250499725341797 ],
				[ 19.291500091552734, 20.600000381469727, -4.8393998146057129 ],
				[ -19.291299819946289, -20.600000381469727, -4.8393998146057129 ],
				[ -19.291000366210938, -20.600000381469727, 54.250499725341797 ],
				[ -19.291000366210938, 20.600000381469727, 54.250499725341797 ],
				[ -19.291299819946289, 20.600000381469727, -4.8393998146057129 ]
			],
			"projected_cuboid": [
				[ -4955.44775390625, 6919.59228515625 ],
				[ 1511.1513671875, -9.3142995834350586 ],
				[ 1511.1513671875, 1125.7408447265625 ],
				[ -4955.44775390625, -5803.169921875 ],
				[ 6918.74072265625, 6919.59423828125 ],
				[ 451.81451416015625, -9.3090000152587891 ],
				[ 451.81451416015625, 1125.7357177734375 ],
				[ 6918.74072265625, -5803.16796875 ]
			]
		},
		{
			"class": "ExoRomper_Sat",
			"instance_id": 0,
			"visibility": 0.98409998416900635,
			"location": [ -7.6564998626708984, 2.4609000682830811, 41.366199493408203 ],
			"quaternion_xyzw": [ -0.0031999999191612005, 0.41780000925064087, 0.0070000002160668373, 0.90850001573562622 ],
			"pose_transform": [
				[ 0.26570001244544983, 0.0041000000201165676, 0.22779999673366547, 0 ],
				[ 0.22769999504089355, 0.0035000001080334187, -0.26570001244544983, 0 ],
				[ 0.0054000001400709152, -0.34999999403953552, 0, 0 ],
				[ -7.6564998626708984, 2.4609000682830811, 41.366199493408203, 1 ]
			],
			"cuboid_centroid": [ -7.6564998626708984, 2.4609000682830811, 41.366199493408203 ],
			"projected_cuboid_centroid": [ 705.7813720703125, 647.12701416015625 ],
			"bounding_box":
			{
				"top_left": [ 459.0714111328125, 507.0120849609375 ],
				"bottom_right": [ 841.28369140625, 898.83917236328125 ]
			},
			"cuboid": [
				[ -2.3847999572753906, -2.3138999938964844, 42.13330078125 ],
				[ -6.0290999412536621, -2.369999885559082, 46.385299682617188 ],
				[ -6.1785001754760742, 7.3396000862121582, 46.385700225830078 ],
				[ -2.5341999530792236, 7.3956999778747559, 42.132801055908203 ],
				[ -9.1337995529174805, -2.4177999496459961, 36.347198486328125 ],
				[ -12.77810001373291, -2.4739000797271729, 40.599601745605469 ],
				[ -12.927700042724609, 7.2357001304626465, 40.599601745605469 ],
				[ -9.2832002639770508, 7.2918000221252441, 36.347698211669922 ]
			],
			"projected_cuboid": [
				[ 897.174072265625, 476.1317138671875 ],
				[ 787.86981201171875, 481.84878540039062 ],
				[ 783.069580078125, 794.70281982421875 ],
				[ 891.888671875, 820.5615234375 ],
				[ 607.1737060546875, 458.7943115234375 ],
				[ 512.65728759765625, 467.14279174804688 ],
				[ 507.18460083007812, 824.58038330078125 ],
				[ 601.03497314453125, 858.05108642578125 ]
			]
		}
	]
}