{
	"camera_data":
	{
		"location_worldframe": [ 6806.43212890625, -5.6557002067565918, 0 ],
		"quaternion_xyzw_worldframe": [ 0, 0, 0.2231999933719635, 0.9747999906539917 ]
	},
	"objects": [
		{
			"class": "ExoRomper_FullPayload",
			"instance_id": 0,
			"visibility": 0.97369998693466187,
			"location": [ 0.00019999999494757503, 0, 24.705099105834961 ],
			"quaternion_xyzw": [ 0, 0.70709997415542603, 0, 0.70709997415542603 ],
			"pose_transform": [
				[ 1, 0, 0, 0 ],
				[ 0, 0, -1, 0 ],
				[ 0, -1, 0, 0 ],
				[ 0.00019999999494757503, 0, 24.705099105834961, 1 ]
			],
			"cuboid_centroid": [ 0, 0, 24.705099105834961 ],
			"projected_cuboid_centroid": [ 981.4976806640625, 558.21337890625 ],
			"bounding_box":
			{
				"top_left": [ -4023.36181640625, -4565.26171875 ],
				"bottom_right": [ 2572.558349609375, 2237.962890625 ]
			},
			"cuboid": [
				[ 19.291500091552734, -20.600000381469727, -4.8403000831604004 ],
				[ 19.291500091552734, -20.600000381469727, 54.25 ],
				[ 19.291500091552734, 20.600000381469727, 54.25 ],
				[ 19.291500091552734, 20.600000381469727, -4.8403000831604004 ],
				[ -19.291299819946289, -20.600000381469727, -4.8397998809814453 ],
				[ -19.291299819946289, -20.600000381469727, 54.250499725341797 ],
				[ -19.291299819946289, 20.600000381469727, 54.250499725341797 ],
				[ -19.291299819946289, 20.600000381469727, -4.8397998809814453 ]
			],
			"projected_cuboid": [
				[ -4955.044921875, 6918.95458984375 ],
				[ 1511.16845703125, -9.3143997192382812 ],
				[ 1511.16845703125, 1125.7406005859375 ],
				[ -4955.044921875, -5802.52490234375 ],
				[ 6918.54736328125, 6919.59619140625 ],
				[ 451.84051513671875, -9.309300422668457 ],
				[ 451.84051513671875, 1125.7354736328125 ],
				[ 6918.54736328125, -5803.166015625 ]
			]
		},
		{
			"class": "ExoRomper_Sat",
			"instance_id": 0,
			"visibility": 0.946399986743927,
			"location": [ -5.6675000190734863, 2.7811999320983887, 41.365200042724609 ],
			"quaternion_xyzw": [ -0.14880000054836273, 0.9714999794960022, -0.028000000864267349, -0.18260000646114349 ],
			"pose_transform": [
				[ -0.12120000272989273, -0.037999998778104782, -0.32609999179840088, 0 ],
				[ -0.31119999289512634, -0.097599998116493225, 0.12710000574588776, 0 ],
				[ 0.10480000078678131, -0.33390000462532043, 0, 0 ],
				[ -5.6675000190734863, 2.7811999320983887, 41.365200042724609, 1 ]
			],
			"cuboid_centroid": [ -5.6675000190734863, 2.7811999320983887, 41.365200042724609 ],
			"projected_cuboid_centroid": [ 777.41912841796875, 658.70050048828125 ],
			"bounding_box":
			{
				"top_left": [ 442.56640625, 576.08587646484375 ],
				"bottom_right": [ 855.34967041015625, 972.469482421875 ]
			},
			"cuboid": [
				[ -8.2433996200561523, -3.1159000396728516, 38.240200042724609 ],
				[ -3.2639000415802002, -1.5534000396728516, 36.206501007080078 ],
				[ -6.1715998649597168, 7.7119002342224121, 36.207000732421875 ],
				[ -11.150600433349609, 6.1494002342224121, 38.239700317382812 ],
				[ -5.1633000373840332, -2.1494998931884766, 46.523399353027344 ],
				[ -0.1843000054359436, -0.58700001239776611, 44.490200042724609 ],
				[ -3.0920000076293945, 8.6782999038696289, 44.490200042724609 ],
				[ -8.0710000991821289, 7.1157999038696289, 46.523399353027344 ]
			],
			"projected_cuboid": [
				[ 660.4136962890625, 436.43319702148438 ],
				[ 847.22113037109375, 494.089111328125 ],
				[ 727.609375, 876.5504150390625 ],
				[ 547.168701171875, 798.556884765625 ],
				[ 816.1812744140625, 489.16180419921875 ],
				[ 975.330078125, 538.49407958984375 ],
				[ 877.9761962890625, 849.747314453125 ],
				[ 723.103271484375, 786.80908203125 ]
			]
		}
	]
}