{
	"camera_data":
	{
		"location_worldframe": [ 6818.55712890625, -12.993200302124023, 0 ],
		"quaternion_xyzw_worldframe": [ 0, 0, 0.71840000152587891, 0.69559997320175171 ]
	},
	"objects": [
		{
			"class": "ExoRomper_FullPayload",
			"instance_id": 0,
			"visibility": 0.97369998693466187,
			"location": [ -0.00050000002374872565, 0, 24.704399108886719 ],
			"quaternion_xyzw": [ 0, 0.70709997415542603, 0, 0.70709997415542603 ],
			"pose_transform": [
				[ 1, 0, 0, 0 ],
				[ 0, 0, -1, 0 ],
				[ 0, -1, 0, 0 ],
				[ -0.00050000002374872565, 0, 24.704399108886719, 1 ]
			],
			"cuboid_centroid": [ -0.00050000002374872565, 0, 24.704299926757812 ],
			"projected_cuboid_centroid": [ 981.4404296875, 558.21331787109375 ],
			"bounding_box":
			{
				"top_left": [ -4023.5751953125, -4565.27001953125 ],
				"bottom_right": [ 2572.6513671875, 2237.99365234375 ]
			},
			"cuboid": [
				[ 19.291000366210938, -20.600000381469727, -4.8406000137329102 ],
				[ 19.291000366210938, -20.600000381469727, 54.249198913574219 ],
				[ 19.291000366210938, 20.600000381469727, 54.249198913574219 ],
				[ 19.291000366210938, 20.600000381469727, -4.8406000137329102 ],
				[ -19.291999816894531, -20.600000381469727, -4.8406000137329102 ],
				[ -19.291999816894531, -20.600000381469727, 54.249198913574219 ],
				[ -19.291999816894531, 20.600000381469727, 54.249198913574219 ],
				[ -19.291999816894531, 20.600000381469727, -4.8406000137329102 ]
			],
			"projected_cuboid": [
				[ -4955.23193359375, 6919.67529296875 ],
				[ 1511.1463623046875, -9.3092002868652344 ],
				[ 1511.1463623046875, 1125.7357177734375 ],
				[ -4955.23193359375, -5803.2490234375 ],
				[ 6918.81591796875, 6919.67529296875 ],
				[ 451.79721069335938, -9.3092002868652344 ],
				[ 451.79721069335938, 1125.7357177734375 ],
				[ 6918.81591796875, -5803.2490234375 ]
			]
		},
		{
			"class": "ExoRomper_Sat",
			"instance_id": 0,
			"visibility": 0.8870999813079834,
			"location": [ -14.247599601745605, 6.8197999000549316, 41.364601135253906 ],
			"quaternion_xyzw": [ 0.54720002412796021, 0.81379997730255127, 0.10930000245571136, -0.16249999403953552 ],
			"pose_transform": [
				[ -0.050700001418590546, 0.12449999898672104, -0.32319998741149902, 0 ],
				[ -0.12189999967813492, 0.29929998517036438, 0.13439999520778656, 0 ],
				[ -0.32409998774528503, -0.13199999928474426, 0, 0 ],
				[ -14.247599601745605, 6.8197999000549316, 41.364601135253906, 1 ]
			],
			"cuboid_centroid": [ -14.247599601745605, 6.8197999000549316, 41.364498138427734 ],
			"projected_cuboid_centroid": [ 468.44320678710938, 804.6185302734375 ],
			"bounding_box":
			{
				"top_left": [ 596.39727783203125, 202.09080505371094 ],
				"bottom_right": [ 1013.4003295898438, 671.28082275390625 ]
			},
			"cuboid": [
				[ -20.363800048828125, 8.9639997482299805, 38.33599853515625 ],
				[ -18.412599563598633, 4.174799919128418, 36.184898376464844 ],
				[ -9.4194002151489258, 7.8376998901367188, 36.184898376464844 ],
				[ -11.370599746704102, 12.626899719238281, 38.33599853515625 ],
				[ -19.076200485229492, 5.8018999099731445, 46.544200897216797 ],
				[ -17.125, 1.0126999616622925, 44.393100738525391 ],
				[ -8.1317996978759766, 4.6756000518798828, 44.393100738525391 ],
				[ -10.083000183105469, 9.4647998809814453, 46.544101715087891 ]
			],
			"projected_cuboid": [
				[ 190.27630615234375, 907.6776123046875 ],
				[ 223.5404052734375, 730.64532470703125 ],
				[ 593.73907470703125, 881.9312744140625 ],
				[ 539.70391845703125, 1050.4749755859375 ],
				[ 371.01348876953125, 744.51287841796875 ],
				[ 406.9053955078125, 592.30712890625 ],
				[ 708.6356201171875, 715.6209716796875 ],
				[ 658.819580078125, 862.12811279296875 ]
			]
		}
	]
}