{
	"camera_data":
	{
		"location_worldframe": [ 6805.33642578125, -2.2664999961853027, 0 ],
		"quaternion_xyzw_worldframe": [ 0, 0, 0.087499998509883881, 0.99620002508163452 ]
	},
	"objects": [
		{
			"class": "ExoRomper_FullPayload",
			"instance_id": 0,
			"visibility": 0.97369998693466187,
			"location": [ 0, 0, 24.705099105834961 ],
			"quaternion_xyzw": [ 0, 0.70709997415542603, 0, 0.70709997415542603 ],
			"pose_transform": [
				[ 1, 0, 0, 0 ],
				[ 0, 0, -1, 0 ],
				[ 0, -1, 0, 0 ],
				[ 0, 0, 24.705099105834961, 1 ]
			],
			"cuboid_centroid": [ 0, 0, 24.705099105834961 ],
			"projected_cuboid_centroid": [ 981.49737548828125, 558.21307373046875 ],
			"bounding_box":
			{
				"top_left": [ -4023.363037109375, -4565.24658203125 ],
				"bottom_right": [ 2572.558349609375, 2237.952392578125 ]
			},
			"cuboid": [
				[ 19.291400909423828, -20.600000381469727, -4.8403000831604004 ],
				[ 19.291400909423828, -20.600000381469727, 54.25 ],
				[ 19.291400909423828, 20.600000381469727, 54.25 ],
				[ 19.291400909423828, 20.600000381469727, -4.8403000831604004 ],
				[ -19.291299819946289, -20.600000381469727, -4.8397998809814453 ],
				[ -19.291299819946289, -20.600000381469727, 54.249500274658203 ],
				[ -19.291299819946289, 20.600000381469727, 54.249500274658203 ],
				[ -19.291299819946289, 20.600000381469727, -4.8397998809814453 ]
			],
			"projected_cuboid": [
				[ -4954.99658203125, 6918.95458984375 ],
				[ 1511.16650390625, -9.3143997192382812 ],
				[ 1511.16650390625, 1125.7408447265625 ],
				[ -4954.99658203125, -5802.52880859375 ],
				[ 6918.52294921875, 6919.59619140625 ],
				[ 451.82049560546875, -9.3192996978759766 ],
				[ 451.82049560546875, 1125.746337890625 ],
				[ 6918.52294921875, -5803.169921875 ]
			]
		},
		{
			"class": "ExoRomper_Sat",
			"instance_id": 0,
			"visibility": 0.95829999446868896,
			"location": [ -5.7125000953674316, 2.7674000263214111, 41.365699768066406 ],
			"quaternion_xyzw": [ -0.13249999284744263, 0.8848000168800354, 0.066200003027915955, 0.44179999828338623 ],
			"pose_transform": [
				[ 0.26750001311302185, 0.082000002264976501, -0.21029999852180481, 0 ],
				[ -0.20110000669956207, -0.061599999666213989, -0.27979999780654907, 0 ],
				[ 0.10249999910593033, -0.33460000157356262, 0, 0 ],
				[ -5.7125000953674316, 2.7674000263214111, 41.365699768066406, 1 ]
			],
			"cuboid_centroid": [ -5.7125000953674316, 2.7674000263214111, 41.365699768066406 ],
			"projected_cuboid_centroid": [ 775.7957763671875, 658.2012939453125 ],
			"bounding_box":
			{
				"top_left": [ 441.82571411132812, 574.23138427734375 ],
				"bottom_right": [ 851.05609130859375, 1004.405517578125 ]
			},
			"cuboid": [
				[ -2.5014998912811279, -1.3269000053405762, 36.456501007080078 ],
				[ 0.71609997749328613, -0.34079998731613159, 40.933101654052734 ],
				[ -2.1293001174926758, 8.943699836730957, 40.932598114013672 ],
				[ -5.3467998504638672, 7.9576997756958008, 36.456100463867188 ],
				[ -9.2959003448486328, -3.4089999198913574, 41.797901153564453 ],
				[ -6.0781998634338379, -2.4230000972747803, 46.274398803710938 ],
				[ -8.9236001968383789, 6.8615999221801758, 46.274398803710938 ],
				[ -12.14109992980957, 5.8755998611450195, 41.797901153564453 ]
			],
			"projected_cuboid": [
				[ 879.29058837890625, 503.81671142578125 ],
				[ 1007.5504760742188, 545.76812744140625 ],
				[ 904.01531982421875, 884.77447509765625 ],
				[ 763.03607177734375, 884.45562744140625 ],
				[ 650.22698974609375, 436.31680297851562 ],
				[ 785.8416748046875, 479.9556884765625 ],
				[ 694.26019287109375, 779.82891845703125 ],
				[ 548.83087158203125, 768.3095703125 ]
			]
		}
	]
}