{
	"camera_data":
	{
		"location_worldframe": [ 6828.00732421875, -8.4605998992919922, 0 ],
		"quaternion_xyzw_worldframe": [ 0, 0, 0.93790000677108765, 0.34700000286102295 ]
	},
	"objects": [
		{
			"class": "ExoRomper_FullPayload",
			"instance_id": 0,
			"visibility": 0.97369998693466187,
			"location": [ 0, 0, 24.705099105834961 ],
			"quaternion_xyzw": [ 0, 0.70709997415542603, 0, 0.70709997415542603 ],
			"pose_transform": [
				[ 1, 0, 0, 0 ],
				[ 0, 0, -1, 0 ],
				[ 0, -1, 0, 0 ],
				[ 0, 0, 24.705099105834961, 1 ]
			],
			"cuboid_centroid": [ 0, 0, 24.705099105834961 ],
			"projected_cuboid_centroid": [ 981.49688720703125, 558.21307373046875 ],
			"bounding_box":
			{
				"top_left": [ -4023.658447265625, -4565.6181640625 ],
				"bottom_right": [ 2572.687255859375, 2237.97314453125 ]
			},
			"cuboid": [
				[ 19.291500091552734, -20.600000381469727, -4.8397998809814453 ],
				[ 19.291500091552734, -20.600000381469727, 54.25 ],
				[ 19.291500091552734, 20.600000381469727, 54.25 ],
				[ 19.291500091552734, 20.600000381469727, -4.8397998809814453 ],
				[ -19.291000366210938, -20.600000381469727, -4.8393998146057129 ],
				[ -19.291500091552734, -20.600000381469727, 54.249500274658203 ],
				[ -19.291500091552734, 20.600000381469727, 54.249500274658203 ],
				[ -19.291000366210938, 20.600000381469727, -4.8393998146057129 ]
			],
			"projected_cuboid": [
				[ -4956.1416015625, 6920.23876953125 ],
				[ 1511.16357421875, -9.3091001510620117 ],
				[ 1511.16357421875, 1125.7357177734375 ],
				[ -4956.1416015625, -5803.8076171875 ],
				[ 6919.05126953125, 6920.2373046875 ],
				[ 451.831787109375, -9.3092002868652344 ],
				[ 451.831787109375, 1125.7357177734375 ],
				[ 6919.05126953125, -5803.81005859375 ]
			]
		},
		{
			"class": "ExoRomper_Sat",
			"instance_id": 0,
			"visibility": 0.89999997615814209,
			"location": [ -13.127900123596191, 4.9625000953674316, 41.365699768066406 ],
			"quaternion_xyzw": [ 0.38820001482963562, 0.83209997415542603, -0.16750000417232513, 0.35899999737739563 ],
			"pose_transform": [
				[ 0.16359999775886536, -0.19509999454021454, -0.24019999802112579, 0 ],
				[ -0.15430000424385071, 0.18400000035762787, -0.25459998846054077, 0 ],
				[ -0.26820001006126404, -0.2249000072479248, 0, 0 ],
				[ -13.127900123596191, 4.9625000953674316, 41.365699768066406, 1 ]
			],
			"cuboid_centroid": [ -13.127900123596191, 4.9625000953674316, 41.365699768066406 ],
			"projected_cuboid_centroid": [ 508.77719116210938, 737.51177978515625 ],
			"bounding_box":
			{
				"top_left": [ 489.39498901367188, 283.81259155273438 ],
				"bottom_right": [ 939.59747314453125, 708.75067138671875 ]
			},
			"cuboid": [
				[ -16.005399703979492, 0.83740001916885376, 36.278301239013672 ],
				[ -13.536100387573242, -2.1073000431060791, 40.352500915527344 ],
				[ -6.0952000617980957, 4.1321001052856445, 40.352500915527344 ],
				[ -8.5649003982543945, 7.0767998695373535, 36.278301239013672 ],
				[ -20.161100387573242, 5.7929000854492188, 42.378398895263672 ],
				[ -17.691900253295898, 2.8482000827789307, 46.452598571777344 ],
				[ -10.250499725341797, 9.0875997543334961, 46.452598571777344 ],
				[ -12.719699859619141, 12.032299995422363, 42.378398895263672 ]
			],
			"projected_cuboid": [
				[ 324.34140014648438, 592.710693359375 ],
				[ 481.84109497070312, 480.164306640625 ],
				[ 756.50689697265625, 711.25592041015625 ],
				[ 629.86151123046875, 849.75372314453125 ],
				[ 272.88729858398438, 762.51251220703125 ],
				[ 414.21798706054688, 649.85101318359375 ],
				[ 652.8154296875, 850.59637451171875 ],
				[ 534.4259033203125, 982.559814453125 ]
			]
		}
	]
}