{
	"camera_data":
	{
		"location_worldframe": [ 6829.17822265625, -6.862800121307373, 0 ],
		"quaternion_xyzw_worldframe": [ 0, 0, 0.96160000562667847, 0.27450001239776611 ]
	},
	"objects": [
		{
			"class": "ExoRomper_FullPayload",
			"instance_id": 0,
			"visibility": 0.97369998693466187,
			"location": [ 0.00019999999494757503, 0, 24.705099105834961 ],
			"quaternion_xyzw": [ 0, 0.70709997415542603, 0, 0.70709997415542603 ],
			"pose_transform": [
				[ 1, 0, 0, 0 ],
				[ 0, 0, -1, 0 ],
				[ 0, -1, 0, 0 ],
				[ 0.00019999999494757503, 0, 24.705099105834961, 1 ]
			],
			"cuboid_centroid": [ 0, 0, 24.704599380493164 ],
			"projected_cuboid_centroid": [ 981.51593017578125, 558.21307373046875 ],
			"bounding_box":
			{
				"top_left": [ -4023.66015625, -4565.6181640625 ],
				"bottom_right": [ 2572.687255859375, 2237.97314453125 ]
			},
			"cuboid": [
				[ 19.291299819946289, -20.600000381469727, -4.8403000831604004 ],
				[ 19.291500091552734, -20.600000381469727, 54.249500274658203 ],
				[ 19.291500091552734, 20.600000381469727, 54.249500274658203 ],
				[ 19.291299819946289, 20.600000381469727, -4.8403000831604004 ],
				[ -19.291299819946289, -20.600000381469727, -4.8403000831604004 ],
				[ -19.291299819946289, -20.600000381469727, 54.249500274658203 ],
				[ -19.291299819946289, 20.600000381469727, 54.249500274658203 ],
				[ -19.291299819946289, 20.600000381469727, -4.8403000831604004 ]
			],
			"projected_cuboid": [
				[ -4956.23828125, 6920.236328125 ],
				[ 1511.16357421875, -9.3090000152587891 ],
				[ 1511.16357421875, 1125.736083984375 ],
				[ -4956.23828125, -5803.81298828125 ],
				[ 6919.05126953125, 6920.23779296875 ],
				[ 451.83639526367188, -9.3042001724243164 ],
				[ 451.83639526367188, 1125.730712890625 ],
				[ 6919.05126953125, -5803.8115234375 ]
			]
		},
		{
			"class": "ExoRomper_Sat",
			"instance_id": 0,
			"visibility": 0.85710000991821289,
			"location": [ -1.3291000127792358, 6.7045001983642578, 41.365200042724609 ],
			"quaternion_xyzw": [ 0.24819999933242798, -0.37619999051094055, 0.49149999022483826, 0.74519997835159302 ],
			"pose_transform": [
				[ -0.11089999973773956, -0.258899986743927, 0.2078000009059906, 0 ],
				[ 0.081799998879432678, 0.19099999964237213, 0.28159999847412109, 0 ],
				[ 0.32170000672340393, -0.13779999315738678, 0, 0 ],
				[ -1.3291000127792358, 6.7045001983642578, 41.365200042724609, 1 ]
			],
			"cuboid_centroid": [ -1.3291000127792358, 6.7045001983642578, 41.365200042724609 ],
			"projected_cuboid_centroid": [ 933.63079833984375, 800.45147705078125 ],
			"bounding_box":
			{
				"top_left": [ 562.128173828125, 733.65447998046875 ],
				"bottom_right": [ 1012.1099853515625, 1163.25439453125 ]
			},
			"cuboid": [
				[ 2.3805999755859375, 3.0334999561309814, 46.257801055908203 ],
				[ 1.0714999437332153, -0.023199999704957008, 41.750999450683594 ],
				[ -7.8551998138427734, 3.7994999885559082, 41.750499725341797 ],
				[ -6.5461001396179199, 6.8562002182006836, 46.257301330566406 ],
				[ 5.1968002319335938, 9.6094999313354492, 40.979499816894531 ],
				[ 3.8875000476837158, 6.552800178527832, 36.472198486328125 ],
				[ -5.039100170135498, 10.375499725341797, 36.472698211669922 ],
				[ -3.7302000522613525, 13.43220043182373, 40.979000091552734 ]
			],
			"projected_cuboid": [
				[ 1058.1614990234375, 656.224609375 ],
				[ 1019.728515625, 557.38348388671875 ],
				[ 701.27032470703125, 694.22247314453125 ],
				[ 770.7197265625, 779.73138427734375 ],
				[ 1170.385986328125, 908.67572021484375 ],
				[ 1140.260986328125, 826.730224609375 ],
				[ 775.71630859375, 983.3717041015625 ],
				[ 845.91229248046875, 1048.0948486328125 ]
			]
		}
	]
}