{
	"camera_data":
	{
		"location_worldframe": [ 6822.10791015625, -12.378700256347656, 0 ],
		"quaternion_xyzw_worldframe": [ 0, 0, 0.80790001153945923, 0.58929997682571411 ]
	},
	"objects": [
		{
			"class": "ExoRomper_FullPayload",
			"instance_id": 0,
			"visibility": 0.97369998693466187,
			"location": [ 0.00050000002374872565, 0, 24.705799102783203 ],
			"quaternion_xyzw": [ 0, 0.70709997415542603, 0, 0.70709997415542603 ],
			"pose_transform": [
				[ 1, 0, 0, 0 ],
				[ 0, 0, -1, 0 ],
				[ 0, -1, 0, 0 ],
				[ 0.00050000002374872565, 0, 24.705799102783203, 1 ]
			],
			"cuboid_centroid": [ 0, 0, 24.705600738525391 ],
			"projected_cuboid_centroid": [ 981.44061279296875, 558.21337890625 ],
			"bounding_box":
			{
				"top_left": [ -4023.51123046875, -4565.31640625 ],
				"bottom_right": [ 2572.622802734375, 2237.975830078125 ]
			},
			"cuboid": [
				[ 19.291500091552734, -20.600000381469727, -4.8390998840332031 ],
				[ 19.291500091552734, -20.600000381469727, 54.250598907470703 ],
				[ 19.291500091552734, 20.600000381469727, 54.250598907470703 ],
				[ 19.291500091552734, 20.600000381469727, -4.8390998840332031 ],
				[ -19.291500091552734, -20.600000381469727, -4.8393998146057129 ],
				[ -19.291500091552734, -20.600000381469727, 54.250499725341797 ],
				[ -19.291500091552734, 20.600000381469727, 54.250499725341797 ],
				[ -19.291500091552734, 20.600000381469727, -4.8393998146057129 ]
			],
			"projected_cuboid": [
				[ -4955.84326171875, 6919.91650390625 ],
				[ 1511.164794921875, -9.3105001449584961 ],
				[ 1511.164794921875, 1125.737060546875 ],
				[ -4955.84326171875, -5803.490234375 ],
				[ 6918.74072265625, 6919.59521484375 ],
				[ 451.81451416015625, -9.3092002868652344 ],
				[ 451.81451416015625, 1125.7357177734375 ],
				[ 6918.74072265625, -5803.1689453125 ]
			]
		},
		{
			"class": "ExoRomper_Sat",
			"instance_id": 0,
			"visibility": 0.84380000829696655,
			"location": [ -14.283699989318848, 6.9114999771118164, 41.366001129150391 ],
			"quaternion_xyzw": [ 0.50849997997283936, 0.74479997158050537, -0.24359999597072601, 0.35679998993873596 ],
			"pose_transform": [
				[ 0.099299997091293335, -0.25400000810623169, -0.21930000185966492, 0 ],
				[ -0.079899996519088745, 0.20430000126361847, -0.27279999852180481, 0 ],
				[ -0.32600000500679016, -0.1273999959230423, 0, 0 ],
				[ -14.283699989318848, 6.9114999771118164, 41.366001129150391, 1 ]
			],
			"cuboid_centroid": [ -14.283699989318848, 6.9114999771118164, 41.366001129150391 ],
			"projected_cuboid_centroid": [ 467.15249633789062, 807.92962646484375 ],
			"bounding_box":
			{
				"top_left": [ 572.9464111328125, 247.69760131835938 ],
				"bottom_right": [ 1008.3424072265625, 666.6314697265625 ]
			},
			"cuboid": [
				[ -18.183599472045898, 3.5513999462127686, 36.398200988769531 ],
				[ -16.905799865722656, 0.28290000557899475, 40.763198852539062 ],
				[ -7.8618001937866211, 3.8187000751495361, 40.763198852539062 ],
				[ -9.1392002105712891, 7.0872001647949219, 36.398200988769531 ],
				[ -20.706499099731445, 10.004199981689453, 41.968498229980469 ],
				[ -19.428199768066406, 6.7357001304626465, 46.333698272705078 ],
				[ -10.384300231933594, 10.271499633789062, 46.333698272705078 ],
				[ -11.662099838256836, 13.539999961853027, 41.968799591064453 ]
			],
			"projected_cuboid": [
				[ 237.32769775390625, 704.04302978515625 ],
				[ 363.72869873046875, 568.5872802734375 ],
				[ 694.19927978515625, 698.22711181640625 ],
				[ 607.48809814453125, 849.22802734375 ],
				[ 246.57730102539062, 914.48382568359375 ],
				[ 356.90679931640625, 775.4884033203125 ],
				[ 647.65008544921875, 889.539794921875 ],
				[ 567.5828857421875, 1040.396728515625 ]
			]
		}
	]
}