{
	"camera_data":
	{
		"location_worldframe": [ 6813.39111328125, -12.102700233459473, 0 ],
		"quaternion_xyzw_worldframe": [ 0, 0, 0.56339997053146362, 0.82620000839233398 ]
	},
	"objects": [
		{
			"class": "ExoRomper_FullPayload",
			"instance_id": 0,
			"visibility": 0.97369998693466187,
			"location": [ 0, 0, 24.705099105834961 ],
			"quaternion_xyzw": [ 0, 0.70709997415542603, 0, 0.70709997415542603 ],
			"pose_transform": [
				[ 1, 0, 0, 0 ],
				[ 0, 0, -1, 0 ],
				[ 0, -1, 0, 0 ],
				[ 0, 0, 24.705099105834961, 1 ]
			],
			"cuboid_centroid": [ 0, 0, 24.705099105834961 ],
			"projected_cuboid_centroid": [ 981.47808837890625, 558.21307373046875 ],
			"bounding_box":
			{
				"top_left": [ -4023.657958984375, -4565.49462890625 ],
				"bottom_right": [ 2572.688232421875, 2237.960205078125 ]
			},
			"cuboid": [
				[ 19.291000366210938, -20.600000381469727, -4.8397998809814453 ],
				[ 19.291500091552734, -20.600000381469727, 54.25 ],
				[ 19.291500091552734, 20.600000381469727, 54.25 ],
				[ 19.291000366210938, 20.600000381469727, -4.8397998809814453 ],
				[ -19.291500091552734, -20.600000381469727, -4.8397998809814453 ],
				[ -19.291999816894531, -20.600000381469727, 54.25 ],
				[ -19.291999816894531, 20.600000381469727, 54.25 ],
				[ -19.291500091552734, 20.600000381469727, -4.8397998809814453 ]
			],
			"projected_cuboid": [
				[ -4955.54443359375, 6919.59375 ],
				[ 1511.180908203125, -9.3092002868652344 ],
				[ 1511.180908203125, 1125.7357177734375 ],
				[ -4955.54443359375, -5803.169921875 ],
				[ 6918.84814453125, 6919.91650390625 ],
				[ 451.81451416015625, -9.3092002868652344 ],
				[ 451.81451416015625, 1125.7357177734375 ],
				[ 6918.84814453125, -5803.4892578125 ]
			]
		},
		{
			"class": "ExoRomper_Sat",
			"instance_id": 0,
			"visibility": 0.93999999761581421,
			"location": [ -1.8911000490188599, 5.649899959564209, 41.365001678466797 ],
			"quaternion_xyzw": [ -0.47389999032020569, 0.87230002880096436, 0.057399999350309372, 0.10570000112056732 ],
			"pose_transform": [
				[ 0.045499999076128006, 0.070200003683567047, -0.33989998698234558, 0 ],
				[ -0.18500000238418579, -0.28510001301765442, -0.0835999995470047, 0 ],
				[ 0.29359999299049377, -0.19050000607967377, 0, 0 ],
				[ -1.8911000490188599, 5.649899959564209, 41.365001678466797, 1 ]
			],
			"cuboid_centroid": [ -1.8911000490188599, 5.649899959564209, 41.365001678466797 ],
			"projected_cuboid_centroid": [ 913.42529296875, 762.35198974609375 ],
			"bounding_box":
			{
				"top_left": [ 559.5831298828125, 725.94287109375 ],
				"bottom_right": [ 962.1505126953125, 1137.25048828125 ]
			},
			"cuboid": [
				[ 1.2803000211715698, 1.6169999837875366, 36.379600524902344 ],
				[ 4.2402000427246094, 6.1792998313903809, 37.717800140380859 ],
				[ -3.9061999320983887, 11.464799880981445, 37.717800140380859 ],
				[ -6.8661999702453613, 6.9025001525878906, 36.379901885986328 ],
				[ 0.12399999797344208, -0.16500000655651093, 45.012001037597656 ],
				[ 3.0840001106262207, 4.3972997665405273, 46.350299835205078 ],
				[ -5.0619997978210449, 9.6829004287719727, 46.350299835205078 ],
				[ -8.0225000381469727, 5.1206002235412598, 45.012001037597656 ]
			],
			"projected_cuboid": [
				[ 1033.9080810546875, 624.6436767578125 ],
				[ 1148.9527587890625, 803.06817626953125 ],
				[ 827.2459716796875, 1012.5067749023438 ],
				[ 700.369873046875, 841.78411865234375 ],
				[ 985.61798095703125, 552.73602294921875 ],
				[ 1080.6092529296875, 700.00482177734375 ],
				[ 818.84002685546875, 870.43707275390625 ],
				[ 716.04541015625, 728.2340087890625 ]
			]
		}
	]
}