{
	"camera_data":
	{
		"location_worldframe": [ 6812.41748046875, -11.674099922180176, 0 ],
		"quaternion_xyzw_worldframe": [ 0, 0, 0.52920001745223999, 0.84850001335144043 ]
	},
	"objects": [
		{
			"class": "ExoRomper_FullPayload",
			"instance_id": 0,
			"visibility": 0.96100002527236938,
			"location": [ 0.00050000002374872565, 0, 24.705099105834961 ],
			"quaternion_xyzw": [ 0, 0.70709997415542603, 0, 0.70709997415542603 ],
			"pose_transform": [
				[ 1, 0, 0, 0 ],
				[ 0, 0, -1, 0 ],
				[ 0, -1, 0, 0 ],
				[ 0.00050000002374872565, 0, 24.705099105834961, 1 ]
			],
			"cuboid_centroid": [ 0.00050000002374872565, 0, 24.704599380493164 ],
			"projected_cuboid_centroid": [ 981.55450439453125, 558.21307373046875 ],
			"bounding_box":
			{
				"top_left": [ -4023.51025390625, -4565.6875 ],
				"bottom_right": [ 2572.623291015625, 2237.944580078125 ]
			},
			"cuboid": [
				[ 19.291999816894531, -20.600000381469727, -4.8400998115539551 ],
				[ 19.292499542236328, -20.600000381469727, 54.249500274658203 ],
				[ 19.292499542236328, 20.600000381469727, 54.249500274658203 ],
				[ 19.291999816894531, 20.600000381469727, -4.8400998115539551 ],
				[ -19.291000366210938, -20.600000381469727, -4.8400998115539551 ],
				[ -19.291000366210938, -20.600000381469727, 54.249801635742188 ],
				[ -19.291000366210938, 20.600000381469727, 54.249801635742188 ],
				[ -19.291000366210938, 20.600000381469727, -4.8400998115539551 ]
			],
			"projected_cuboid": [
				[ -4955.73828125, 6919.59521484375 ],
				[ 1511.20068359375, -9.3118000030517578 ],
				[ 1511.20068359375, 1125.73828125 ],
				[ -4955.73828125, -5803.16796875 ],
				[ 6918.35302734375, 6919.59521484375 ],
				[ 451.84909057617188, -9.3092002868652344 ],
				[ 451.84909057617188, 1125.7357177734375 ],
				[ 6918.35302734375, -5803.16796875 ]
			]
		},
		{
			"class": "ExoRomper_Sat",
			"instance_id": 0,
			"visibility": 0.95920002460479736,
			"location": [ -6.8305997848510742, 2.5220999717712402, 41.364498138427734 ],
			"quaternion_xyzw": [ -0.065700002014636993, 0.98250001668930054, -0.011599999852478504, -0.17409999668598175 ],
			"pose_transform": [
				[ -0.11919999867677689, -0.016000000759959221, -0.32870000600814819, 0 ],
				[ -0.32580000162124634, -0.043800000101327896, 0.12030000239610672, 0 ],
				[ 0.046599999070167542, -0.34689998626708984, 0, 0 ],
				[ -6.8305997848510742, 2.5220999717712402, 41.364498138427734, 1 ]
			],
			"cuboid_centroid": [ -6.8305997848510742, 2.5220999717712402, 41.364498138427734 ],
			"projected_cuboid_centroid": [ 735.5322265625, 649.34136962890625 ],
			"bounding_box":
			{
				"top_left": [ 449.14950561523438, 540.33148193359375 ],
				"bottom_right": [ 845.73211669921875, 912.30157470703125 ]
			},
			"cuboid": [
				[ -10.30519962310791, -2.8434998989105225, 38.152801513671875 ],
				[ -5.0928001403808594, -2.1433999538421631, 36.228000640869141 ],
				[ -6.3853001594543457, 7.4809999465942383, 36.228000640869141 ],
				[ -11.597700119018555, 6.7809000015258789, 38.152801513671875 ],
				[ -7.2772998809814453, -2.4367001056671143, 46.501499176025391 ],
				[ -2.064500093460083, -1.7366000413894653, 44.576400756835938 ],
				[ -3.3568999767303467, 7.887700080871582, 44.576198577880859 ],
				[ -8.5692996978759766, 7.1876001358032227, 46.501201629638672 ]
			],
			"projected_cuboid": [
				[ 579.20672607421875, 446.82598876953125 ],
				[ 772.1287841796875, 469.79031372070312 ],
				[ 718.974609375, 866.83642578125 ],
				[ 528.7083740234375, 823.84130859375 ],
				[ 748.43408203125, 479.89569091796875 ],
				[ 912.53228759765625, 499.98690795898438 ],
				[ 869.333984375, 822.673583984375 ],
				[ 707.0040283203125, 789.22418212890625 ]
			]
		}
	]
}