{
	"camera_data":
	{
		"location_worldframe": [ 6809.06982421875, -9.3156003952026367, 0 ],
		"quaternion_xyzw_worldframe": [ 0, 0, 0.38890001177787781, 0.92129999399185181 ]
	},
	"objects": [
		{
			"class": "ExoRomper_FullPayload",
			"instance_id": 0,
			"visibility": 0.96100002527236938,
			"location": [ 0, 0, 24.705099105834961 ],
			"quaternion_xyzw": [ 0, 0.70709997415542603, 0, 0.70709997415542603 ],
			"pose_transform": [
				[ 1, 0, 0, 0 ],
				[ 0, 0, -1, 0 ],
				[ 0, -1, 0, 0 ],
				[ 0, 0, 24.705099105834961, 1 ]
			],
			"cuboid_centroid": [ 0.00050000002374872565, 0, 24.704599380493164 ],
			"projected_cuboid_centroid": [ 981.51641845703125, 558.21307373046875 ],
			"bounding_box":
			{
				"top_left": [ -4023.65966796875, -4565.55615234375 ],
				"bottom_right": [ 2572.687255859375, 2237.97314453125 ]
			},
			"cuboid": [
				[ 19.291500091552734, -20.600000381469727, -4.8403000831604004 ],
				[ 19.291500091552734, -20.600000381469727, 54.25 ],
				[ 19.291500091552734, 20.600000381469727, 54.25 ],
				[ 19.291500091552734, 20.600000381469727, -4.8403000831604004 ],
				[ -19.291000366210938, -20.600000381469727, -4.8397998809814453 ],
				[ -19.291000366210938, -20.600000381469727, 54.249500274658203 ],
				[ -19.291000366210938, 20.600000381469727, 54.249500274658203 ],
				[ -19.291000366210938, 20.600000381469727, -4.8397998809814453 ]
			],
			"projected_cuboid": [
				[ -4955.54443359375, 6919.59619140625 ],
				[ 1511.16357421875, -9.309300422668457 ],
				[ 1511.16357421875, 1125.7357177734375 ],
				[ -4955.54443359375, -5803.1689453125 ],
				[ 6918.54736328125, 6919.59619140625 ],
				[ 451.831787109375, -9.309300422668457 ],
				[ 451.831787109375, 1125.7357177734375 ],
				[ 6918.54736328125, -5803.1689453125 ]
			]
		},
		{
			"class": "ExoRomper_Sat",
			"instance_id": 0,
			"visibility": 0.93480002880096436,
			"location": [ -4.3125, 3.3696000576019287, 41.364700317382812 ],
			"quaternion_xyzw": [ -0.19939999282360077, 0.75629997253417969, 0.15880000591278076, 0.60259997844696045 ],
			"pose_transform": [
				[ 0.29679998755455017, 0.16820000112056732, -0.078199997544288635, 0 ],
				[ -0.068000003695487976, -0.038499999791383743, -0.34119999408721924, 0 ],
				[ 0.17249999940395355, -0.30450001358985901, 0, 0 ],
				[ -4.3125, 3.3696000576019287, 41.364700317382812, 1 ]
			],
			"cuboid_centroid": [ -4.3125, 3.3696000576019287, 41.364700317382812 ],
			"projected_cuboid_centroid": [ 826.20172119140625, 679.9630126953125 ],
			"bounding_box":
			{
				"top_left": [ 443.29708862304688, 614.1044921875 ],
				"bottom_right": [ 873.94012451171875, 1057.9088134765625 ]
			},
			"cuboid": [
				[ 1.3065999746322632, 0.97280001640319824, 37.642601013183594 ],
				[ 2.3945000171661377, 1.5893000364303589, 43.102100372314453 ],
				[ -2.3921000957489014, 10.038200378417969, 43.101600646972656 ],
				[ -3.4804999828338623, 9.421600341796875, 37.642601013183594 ],
				[ -6.2329001426696777, -3.2988998889923096, 39.627899169921875 ],
				[ -5.1449999809265137, -2.6823999881744385, 45.086898803710938 ],
				[ -9.9315996170043945, 5.7664999961853027, 45.086898803710938 ],
				[ -11.020000457763672, 5.1500000953674316, 39.627899169921875 ]
			],
			"projected_cuboid": [
				[ 1033.1832275390625, 596.835205078125 ],
				[ 1064.240234375, 613.3223876953125 ],
				[ 898.815185546875, 906.28857421875 ],
				[ 843.76837158203125, 932.2869873046875 ],
				[ 747.21209716796875, 433.7943115234375 ],
				[ 811.52801513671875, 469.29708862304688 ],
				[ 653.38720703125, 749.36297607421875 ],
				[ 567.29638671875, 752.4442138671875 ]
			]
		}
	]
}