{
	"camera_data":
	{
		"location_worldframe": [ 6805.169921875, 0.92100000381469727, 0 ],
		"quaternion_xyzw_worldframe": [ 0, 0, -0.035399999469518661, 0.99940001964569092 ]
	},
	"objects": [
		{
			"class": "ExoRomper_FullPayload",
			"instance_id": 0,
			"visibility": 0.98669999837875366,
			"location": [ 0, 0, 24.705600738525391 ],
			"quaternion_xyzw": [ 0, 0.70709997415542603, 0, 0.70709997415542603 ],
			"pose_transform": [
				[ 1, 0, 0, 0 ],
				[ 0, 0, -1, 0 ],
				[ 0, -1, 0, 0 ],
				[ 0, 0, 24.705600738525391, 1 ]
			],
			"cuboid_centroid": [ 0, 0, 24.705600738525391 ],
			"projected_cuboid_centroid": [ 981.49688720703125, 558.21337890625 ],
			"bounding_box":
			{
				"top_left": [ -4023.66015625, -4565.59521484375 ],
				"bottom_right": [ 2572.68603515625, 2237.975341796875 ]
			},
			"cuboid": [
				[ 19.291299819946289, -20.600000381469727, -4.8397998809814453 ],
				[ 19.291299819946289, -20.600000381469727, 54.250499725341797 ],
				[ 19.291299819946289, 20.600000381469727, 54.250499725341797 ],
				[ 19.291299819946289, 20.600000381469727, -4.8397998809814453 ],
				[ -19.291400909423828, -20.600000381469727, -4.8397998809814453 ],
				[ -19.291400909423828, -20.600000381469727, 54.25 ],
				[ -19.291400909423828, 20.600000381469727, 54.25 ],
				[ -19.291400909423828, 20.600000381469727, -4.8397998809814453 ]
			],
			"projected_cuboid": [
				[ -4955.56884765625, 6919.59423828125 ],
				[ 1511.156494140625, -9.3042001724243164 ],
				[ 1511.156494140625, 1125.730712890625 ],
				[ -4955.56884765625, -5803.17138671875 ],
				[ 6918.54736328125, 6919.59423828125 ],
				[ 451.8275146484375, -9.309300422668457 ],
				[ 451.8275146484375, 1125.7357177734375 ],
				[ 6918.54736328125, -5803.17138671875 ]
			]
		},
		{
			"class": "ExoRomper_Sat",
			"instance_id": 0,
			"visibility": 0.93879997730255127,
			"location": [ -5.0701999664306641, 2.9990999698638916, 41.365699768066406 ],
			"quaternion_xyzw": [ -0.19220000505447388, 0.96039998531341553, 0.039599999785423279, 0.19789999723434448 ],
			"pose_transform": [
				[ 0.12770000100135803, 0.053199999034404755, -0.32150000333786011, 0 ],
				[ -0.29670000076293945, -0.12370000034570694, -0.13830000162124634, 0 ],
				[ 0.13470000028610229, -0.32310000061988831, 0, 0 ],
				[ -5.0701999664306641, 2.9990999698638916, 41.365699768066406, 1 ]
			],
			"cuboid_centroid": [ -5.0701999664306641, 2.9990999698638916, 41.365699768066406 ],
			"projected_cuboid_centroid": [ 798.92767333984375, 666.57318115234375 ],
			"bounding_box":
			{
				"top_left": [ 458.06570434570312, 633.846923828125 ],
				"bottom_right": [ 869.60491943359375, 1007.1500244140625 ]
			},
			"cuboid": [
				[ -3.9544999599456787, -1.7961000204086304, 36.176300048828125 ],
				[ 0.79400002956390381, 0.18340000510215759, 38.389598846435547 ],
				[ -2.9423999786376953, 9.1464996337890625, 38.389598846435547 ],
				[ -7.6909999847412109, 7.1669998168945312, 36.175800323486328 ],
				[ -7.1979999542236328, -3.1482999324798584, 44.341800689697266 ],
				[ -2.4495000839233398, -1.1687999963760376, 46.555198669433594 ],
				[ -6.185999870300293, 7.7944002151489258, 46.555698394775391 ],
				[ -10.934399604797363, 5.8148999214172363, 44.342300415039062 ]
			],
			"projected_cuboid": [
				[ 818.677001953125, 484.00839233398438 ],
				[ 1012.3029174804688, 565.35211181640625 ],
				[ 867.331298828125, 914.30010986328125 ],
				[ 664.82830810546875, 854.31011962890625 ],
				[ 739.7061767578125, 452.09939575195312 ],
				[ 903.12567138671875, 520.69281005859375 ],
				[ 783.5831298828125, 808.4345703125 ],
				[ 614.198486328125, 754.20452880859375 ]
			]
		}
	]
}