{
	"camera_data":
	{
		"location_worldframe": [ 6806.921875, -6.5741000175476074, 0 ],
		"quaternion_xyzw_worldframe": [ 0, 0, 0.26199999451637268, 0.9650999903678894 ]
	},
	"objects": [
		{
			"class": "ExoRomper_FullPayload",
			"instance_id": 0,
			"visibility": 0.97369998693466187,
			"location": [ 0, 0, 24.705099105834961 ],
			"quaternion_xyzw": [ 0, 0.70709997415542603, 0, 0.70709997415542603 ],
			"pose_transform": [
				[ 1, 0, 0, 0 ],
				[ 0, 0, -1, 0 ],
				[ 0, -1, 0, 0 ],
				[ 0, 0, 24.705099105834961, 1 ]
			],
			"cuboid_centroid": [ -0.00019999999494757503, 0, 24.705099105834961 ],
			"projected_cuboid_centroid": [ 981.49737548828125, 558.21307373046875 ],
			"bounding_box":
			{
				"top_left": [ -4023.657470703125, -4565.6181640625 ],
				"bottom_right": [ 2572.688232421875, 2237.97314453125 ]
			},
			"cuboid": [
				[ 19.291299819946289, -20.600000381469727, -4.8393998146057129 ],
				[ 19.291000366210938, -20.600000381469727, 54.250499725341797 ],
				[ 19.291000366210938, 20.600000381469727, 54.250499725341797 ],
				[ 19.291299819946289, 20.600000381469727, -4.8393998146057129 ],
				[ -19.291299819946289, -20.600000381469727, -4.8397998809814453 ],
				[ -19.291299819946289, -20.600000381469727, 54.25 ],
				[ -19.291299819946289, 20.600000381469727, 54.25 ],
				[ -19.291299819946289, 20.600000381469727, -4.8397998809814453 ]
			],
			"projected_cuboid": [
				[ -4956.23828125, 6920.23779296875 ],
				[ 1511.15869140625, -9.3042001724243164 ],
				[ 1511.15869140625, 1125.7303466796875 ],
				[ -4956.23828125, -5803.8076171875 ],
				[ 6918.4501953125, 6919.59619140625 ],
				[ 451.831787109375, -9.3092002868652344 ],
				[ 451.831787109375, 1125.7357177734375 ],
				[ 6918.4501953125, -5803.166015625 ]
			]
		},
		{
			"class": "ExoRomper_Sat",
			"instance_id": 0,
			"visibility": 0.89999997615814209,
			"location": [ -4.0173001289367676, 3.5469000339508057, 41.364700317382812 ],
			"quaternion_xyzw": [ -0.25400000810623169, 0.87569999694824219, 0.11439999938011169, 0.39440000057220459 ],
			"pose_transform": [
				[ 0.22139999270439148, 0.14020000398159027, -0.23199999332427979, 0 ],
				[ -0.19599999487400055, -0.12409999966621399, -0.26210001111030579, 0 ],
				[ 0.18729999661445618, -0.29570001363754272, 0, 0 ],
				[ -4.0173001289367676, 3.5469000339508057, 41.364700317382812, 1 ]
			],
			"cuboid_centroid": [ -4.0173001289367676, 3.5469000339508057, 41.364700317382812 ],
			"projected_cuboid_centroid": [ 836.84259033203125, 686.3671875 ],
			"bounding_box":
			{
				"top_left": [ 451.16461181640625, 638.331787109375 ],
				"bottom_right": [ 883.31231689453125, 1083.0487060546875 ]
			},
			"cuboid": [
				[ -0.17499999701976776, 0.23309999704360962, 36.322299957275391 ],
				[ 2.9607000350952148, 2.2195999622344971, 40.515598297119141 ],
				[ -2.23580002784729, 10.422900199890137, 40.515598297119141 ],
				[ -5.3717999458312988, 8.4364995956420898, 36.322299957275391 ],
				[ -5.7986001968383789, -3.3292000293731689, 42.213901519775391 ],
				[ -2.663100004196167, -1.3427000045776367, 46.407699584960938 ],
				[ -7.8593997955322266, 6.8605999946594238, 46.407699584960938 ],
				[ -10.995400428771973, 4.8741998672485352, 42.213901519775391 ]
			],
			"projected_cuboid": [
				[ 974.31201171875, 567.8060302734375 ],
				[ 1090.34326171875, 640.091796875 ],
				[ 899.2943115234375, 942.70147705078125 ],
				[ 761.20660400390625, 905.35211181640625 ],
				[ 776.8922119140625, 440.34490966796875 ],
				[ 896.022216796875, 514.97113037109375 ],
				[ 729.24969482421875, 779.16058349609375 ],
				[ 593.54022216796875, 730.78082275390625 ]
			]
		}
	]
}