{
	"camera_data":
	{
		"location_worldframe": [ 6805.21630859375, 1.4328000545501709, 0 ],
		"quaternion_xyzw_worldframe": [ 0, 0, -0.055199999362230301, 0.99849998950958252 ]
	},
	"objects": [
		{
			"class": "ExoRomper_FullPayload",
			"instance_id": 0,
			"visibility": 1,
			"location": [ 9.9999997473787516e-05, 0, 24.705099105834961 ],
			"quaternion_xyzw": [ 0, 0.70709997415542603, 0, 0.70709997415542603 ],
			"pose_transform": [
				[ 1, 0, 0, 0 ],
				[ 0, 0, -1, 0 ],
				[ 0, -1, 0, 0 ],
				[ 9.9999997473787516e-05, 0, 24.705099105834961, 1 ]
			],
			"cuboid_centroid": [ 9.9999997473787516e-05, 0, 24.705099105834961 ],
			"projected_cuboid_centroid": [ 981.4976806640625, 558.21307373046875 ],
			"bounding_box":
			{
				"top_left": [ -4023.36181640625, -4565.23095703125 ],
				"bottom_right": [ 2572.558349609375, 2237.966796875 ]
			},
			"cuboid": [
				[ 19.291400909423828, -20.600000381469727, -4.8397998809814453 ],
				[ 19.291400909423828, -20.600000381469727, 54.25 ],
				[ 19.291400909423828, 20.600000381469727, 54.25 ],
				[ 19.291400909423828, 20.600000381469727, -4.8397998809814453 ],
				[ -19.291299819946289, -20.600000381469727, -4.8397998809814453 ],
				[ -19.291299819946289, -20.600000381469727, 54.25 ],
				[ -19.291299819946289, 20.600000381469727, 54.25 ],
				[ -19.291299819946289, 20.600000381469727, -4.8397998809814453 ]
			],
			"projected_cuboid": [
				[ -4954.97216796875, 6918.953125 ],
				[ 1511.16650390625, -9.3141002655029297 ],
				[ 1511.16650390625, 1125.7408447265625 ],
				[ -4954.97216796875, -5802.5263671875 ],
				[ 6917.9462890625, 6918.95458984375 ],
				[ 451.82501220703125, -9.3143997192382812 ],
				[ 451.82501220703125, 1125.7406005859375 ],
				[ 6917.9462890625, -5802.52490234375 ]
			]
		},
		{
			"class": "ExoRomper_Sat",
			"instance_id": 0,
			"visibility": 0.96149998903274536,
			"location": [ -8.4594001770019531, 2.4946999549865723, 41.365200042724609 ],
			"quaternion_xyzw": [ -0.00139999995008111, -0.02759999968111515, -0.049699999392032623, 0.99839997291564941 ],
			"pose_transform": [
				[ -0.019200000911951065, 0.0019000000320374966, 0.34950000047683716, 0 ],
				[ 0.34769999980926514, -0.034699998795986176, 0.019300000742077827, 0 ],
				[ -0.034800000488758087, -0.34830000996589661, 0, 0 ],
				[ -8.4594001770019531, 2.4946999549865723, 41.365200042724609, 1 ]
			],
			"cuboid_centroid": [ -8.4595003128051758, 2.4946999549865723, 41.365200042724609 ],
			"projected_cuboid_centroid": [ 676.87841796875, 648.3516845703125 ],
			"bounding_box":
			{
				"top_left": [ 453.48080444335938, 516.14251708984375 ],
				"bottom_right": [ 843.60382080078125, 799.626220703125 ]
			},
			"cuboid": [
				[ -6.4038000106811523, -2.5901999473571777, 45.957500457763672 ],
				[ -11.968299865722656, -2.0343000888824463, 45.648899078369141 ],
				[ -11.003100395202637, 7.6283998489379883, 45.649398803710938 ],
				[ -5.438499927520752, 7.0725002288818359, 45.958000183105469 ],
				[ -5.9159998893737793, -2.6389000415802002, 37.081501007080078 ],
				[ -11.480500221252441, -2.0829999446868896, 36.772499084472656 ],
				[ -10.51509952545166, 7.5795998573303223, 36.772499084472656 ],
				[ -4.9506001472473145, 7.0237998962402344, 37.081501007080078 ]
			],
			"projected_cuboid": [
				[ 773.94342041015625, 473.97930908203125 ],
				[ 590.9713134765625, 491.60888671875 ],
				[ 622.468994140625, 807.9697265625 ],
				[ 805.230712890625, 788.215087890625 ],
				[ 743.857177734375, 451.8511962890625 ],
				[ 516.46099853515625, 473.55068969726562 ],
				[ 555.56378173828125, 866.2816162109375 ],
				[ 782.63330078125, 841.30462646484375 ]
			]
		}
	]
}