{
	"camera_data":
	{
		"location_worldframe": [ 6805.828125, 4.1820998191833496, 0 ],
		"quaternion_xyzw_worldframe": [ 0, 0, -0.16300000250339508, 0.98659998178482056 ]
	},
	"objects": [
		{
			"class": "ExoRomper_FullPayload",
			"instance_id": 0,
			"visibility": 1,
			"location": [ 0, 0, 24.705099105834961 ],
			"quaternion_xyzw": [ 0, 0.70709997415542603, 0, 0.70709997415542603 ],
			"pose_transform": [
				[ 1, 0, 0, 0 ],
				[ 0, 0, -1, 0 ],
				[ 0, -1, 0, 0 ],
				[ 0, 0, 24.705099105834961, 1 ]
			],
			"cuboid_centroid": [ 0.00019999999494757503, 0, 24.705099105834961 ],
			"projected_cuboid_centroid": [ 981.50640869140625, 558.21307373046875 ],
			"bounding_box":
			{
				"top_left": [ -4023.364501953125, -4565.23095703125 ],
				"bottom_right": [ 2572.55712890625, 2237.97314453125 ]
			},
			"cuboid": [
				[ 19.291299819946289, -20.600000381469727, -4.8397998809814453 ],
				[ 19.291299819946289, -20.600000381469727, 54.25 ],
				[ 19.291299819946289, 20.600000381469727, 54.25 ],
				[ 19.291299819946289, 20.600000381469727, -4.8397998809814453 ],
				[ -19.291299819946289, -20.600000381469727, -4.8397998809814453 ],
				[ -19.291299819946289, -20.600000381469727, 54.25 ],
				[ -19.291299819946289, 20.600000381469727, 54.25 ],
				[ -19.291299819946289, 20.600000381469727, -4.8397998809814453 ]
			],
			"projected_cuboid": [
				[ -4955.5927734375, 6919.59423828125 ],
				[ 1511.16357421875, -9.309300422668457 ],
				[ 1511.16357421875, 1125.7357177734375 ],
				[ -4955.5927734375, -5803.17138671875 ],
				[ 6919.099609375, 6920.23779296875 ],
				[ 451.8406982421875, -9.3042001724243164 ],
				[ 451.8406982421875, 1125.730712890625 ],
				[ 6919.099609375, -5803.8115234375 ]
			]
		},
		{
			"class": "ExoRomper_Sat",
			"instance_id": 0,
			"visibility": 0.98110002279281616,
			"location": [ -8.3196001052856445, 2.4821999073028564, 41.366199493408203 ],
			"quaternion_xyzw": [ -0.017799999564886093, -0.44789999723434448, -0.035500001162290573, 0.89319998025894165 ],
			"pose_transform": [
				[ -0.27959999442100525, 0.022299999371170998, 0.2093999981880188, 0 ],
				[ 0.20870000123977661, -0.016599999740719795, 0.28049999475479126, 0 ],
				[ -0.027799999341368675, -0.34889999032020569, 0, 0 ],
				[ -8.3196001052856445, 2.4821999073028564, 41.366199493408203, 1 ]
			],
			"cuboid_centroid": [ -8.3196001052856445, 2.4821999073028564, 41.366199493408203 ],
			"projected_cuboid_centroid": [ 681.93109130859375, 647.89501953125 ],
			"bounding_box":
			{
				"top_left": [ 455.97409057617188, 484.6785888671875 ],
				"bottom_right": [ 840.37158203125, 877.22418212890625 ]
			},
			"cuboid": [
				[ -10.586400032043457, -2.2079000473022461, 46.269001007080078 ],
				[ -13.926300048828125, -1.9417999982833862, 41.780799865722656 ],
				[ -13.154500007629395, 7.7382998466491699, 41.781299591064453 ],
				[ -9.8149003982543945, 7.472099781036377, 46.269001007080078 ],
				[ -3.4846000671386719, -2.773900032043457, 40.951698303222656 ],
				[ -6.8245000839233398, -2.5078001022338867, 36.462898254394531 ],
				[ -6.0529999732971191, 7.172299861907959, 36.462898254394531 ],
				[ -2.7130999565124512, 6.906099796295166, 40.951698303222656 ]
			],
			"projected_cuboid": [
				[ 640.702392578125, 486.8931884765625 ],
				[ 485.02621459960938, 488.75259399414062 ],
				[ 512.54107666015625, 835.02099609375 ],
				[ 665.53338623046875, 799.57562255859375 ],
				[ 854.75592041015625, 456.97650146484375 ],
				[ 702.7255859375, 455.42449951171875 ],
				[ 734.240478515625, 852.192626953125 ],
				[ 882.81097412109375, 810.2589111328125 ]
			]
		}
	]
}