{
	"camera_data":
	{
		"location_worldframe": [ 6825.55419921875, -10.676400184631348, 0 ],
		"quaternion_xyzw_worldframe": [ 0, 0, 0.88620001077651978, 0.46340000629425049 ]
	},
	"objects": [
		{
			"class": "ExoRomper_FullPayload",
			"instance_id": 0,
			"visibility": 0.98669999837875366,
			"location": [ -0.00050000002374872565, 0, 24.705299377441406 ],
			"quaternion_xyzw": [ 0, 0.70709997415542603, 0, 0.70709997415542603 ],
			"pose_transform": [
				[ 1, 0, 0, 0 ],
				[ 0, 0, -1, 0 ],
				[ 0, -1, 0, 0 ],
				[ -0.00050000002374872565, 0, 24.705299377441406, 1 ]
			],
			"cuboid_centroid": [ -0.00050000002374872565, 0, 24.705299377441406 ],
			"projected_cuboid_centroid": [ 981.440185546875, 558.21331787109375 ],
			"bounding_box":
			{
				"top_left": [ -4023.806884765625, -4565.67236328125 ],
				"bottom_right": [ 2572.752685546875, 2237.986328125 ]
			},
			"cuboid": [
				[ 19.291000366210938, -20.600000381469727, -4.8396000862121582 ],
				[ 19.291000366210938, -20.600000381469727, 54.250198364257812 ],
				[ 19.291000366210938, 20.600000381469727, 54.250198364257812 ],
				[ 19.291000366210938, 20.600000381469727, -4.8396000862121582 ],
				[ -19.291999816894531, -20.600000381469727, -4.8397998809814453 ],
				[ -19.291999816894531, -20.600000381469727, 54.250198364257812 ],
				[ -19.291999816894531, 20.600000381469727, 54.250198364257812 ],
				[ -19.291999816894531, 20.600000381469727, -4.8397998809814453 ]
			],
			"projected_cuboid": [
				[ -4955.64990234375, 6919.9169921875 ],
				[ 1511.1412353515625, -9.3042001724243164 ],
				[ 1511.1412353515625, 1125.730712890625 ],
				[ -4955.64990234375, -5803.490234375 ],
				[ 6919.2353515625, 6919.91552734375 ],
				[ 451.79949951171875, -9.3065996170043945 ],
				[ 451.79949951171875, 1125.7332763671875 ],
				[ 6919.2353515625, -5803.49169921875 ]
			]
		},
		{
			"class": "ExoRomper_Sat",
			"instance_id": 0,
			"visibility": 0.89469999074935913,
			"location": [ -13.75, 5.8309001922607422, 41.366001129150391 ],
			"quaternion_xyzw": [ -0.38780000805854797, -0.68870002031326294, -0.30059999227523804, 0.53380000591278076 ],
			"pose_transform": [
				[ -0.17569999396800995, 0.28979998826980591, -0.087300002574920654, 0 ],
				[ -0.045200001448392868, 0.074600003659725189, 0.33889999985694885, 0 ],
				[ -0.29929998517036438, -0.18150000274181366, 0, 0 ],
				[ -13.75, 5.8309001922607422, 41.366001129150391, 1 ]
			],
			"cuboid_centroid": [ -13.75, 5.8309001922607422, 41.366001129150391 ],
			"projected_cuboid_centroid": [ 486.37689208984375, 768.88507080078125 ],
			"bounding_box":
			{
				"top_left": [ 529.1226806640625, 210.79510498046875 ],
				"bottom_right": [ 959.5797119140625, 677.73748779296875 ]
			},
			"cuboid": [
				[ -20.495599746704102, 7.591400146484375, 42.969699859619141 ],
				[ -19.771499633789062, 6.39739990234375, 37.5458984375 ],
				[ -11.468299865722656, 11.432100296020508, 37.545700073242188 ],
				[ -12.191900253295898, 12.626099586486816, 42.969699859619141 ],
				[ -16.031700134277344, 0.22959999740123749, 45.186000823974609 ],
				[ -15.308099746704102, -0.96439999341964722, 39.762199401855469 ],
				[ -7.0043997764587402, 4.0704002380371094, 39.762001037597656 ],
				[ -7.7280001640319824, 5.2642998695373535, 45.185798645019531 ]
			],
			"projected_cuboid": [
				[ 271.04510498046875, 822.25457763671875 ],
				[ 197.10870361328125, 812.871826171875 ],
				[ 526.530517578125, 1013.2860717773438 ],
				[ 558.8599853515625, 997.37322998046875 ],
				[ 453.01260375976562, 565.80792236328125 ],
				[ 408.04690551757812, 521.9658203125 ],
				[ 719.08197021484375, 711.21002197265625 ],
				[ 726.7352294921875, 732.33587646484375 ]
			]
		}
	]
}