{
	"camera_data":
	{
		"location_worldframe": [ 6817.3759765625, 12.977700233459473, 0 ],
		"quaternion_xyzw_worldframe": [ 0, 0, -0.68610000610351562, 0.72750002145767212 ]
	},
	"objects": [
		{
			"class": "ExoRomper_FullPayload",
			"instance_id": 0,
			"visibility": 0.98669999837875366,
			"location": [ 0, 0, 24.705699920654297 ],
			"quaternion_xyzw": [ 0, 0.70709997415542603, 0, 0.70709997415542603 ],
			"pose_transform": [
				[ 1, 0, 0, 0 ],
				[ 0, 0, -1, 0 ],
				[ 0, -1, 0, 0 ],
				[ 0, 0, 24.705699920654297, 1 ]
			],
			"cuboid_centroid": [ 0, 0, 24.705499649047852 ],
			"projected_cuboid_centroid": [ 981.51617431640625, 558.21331787109375 ],
			"bounding_box":
			{
				"top_left": [ -4023.58447265625, -4565.529296875 ],
				"bottom_right": [ 2572.655517578125, 2237.962158203125 ]
			},
			"cuboid": [
				[ 19.291000366210938, -20.600000381469727, -4.8393998146057129 ],
				[ 19.291500091552734, -20.600000381469727, 54.250400543212891 ],
				[ 19.291500091552734, 20.600000381469727, 54.250400543212891 ],
				[ 19.291000366210938, 20.600000381469727, -4.8393998146057129 ],
				[ -19.291500091552734, -20.600000381469727, -4.8393998146057129 ],
				[ -19.291500091552734, -20.600000381469727, 54.250400543212891 ],
				[ -19.291500091552734, 20.600000381469727, 54.250400543212891 ],
				[ -19.291500091552734, 20.600000381469727, -4.8393998146057129 ]
			],
			"projected_cuboid": [
				[ -4955.58203125, 6919.6357421875 ],
				[ 1511.1805419921875, -9.3088998794555664 ],
				[ 1511.1805419921875, 1125.7354736328125 ],
				[ -4955.58203125, -5803.208984375 ],
				[ 6918.4287109375, 6919.67529296875 ],
				[ 451.83209228515625, -9.3088998794555664 ],
				[ 451.83209228515625, 1125.7354736328125 ],
				[ 6918.4287109375, -5803.2490234375 ]
			]
		},
		{
			"class": "ExoRomper_Sat",
			"instance_id": 0,
			"visibility": 0.80879998207092285,
			"location": [ -14.661100387573242, 8.2624998092651367, 41.366199493408203 ],
			"quaternion_xyzw": [ -0.22290000319480896, -0.26499998569488525, -0.60390001535415649, 0.71789997816085815 ],
			"pose_transform": [
				[ -0.038899999111890793, 0.22400000691413879, 0.26609998941421509, 0 ],
				[ 0.045499999076128006, -0.2621999979019165, 0.22740000486373901, 0 ],
				[ -0.34479999542236328, -0.059900000691413879, 0, 0 ],
				[ -14.661100387573242, 8.2624998092651367, 41.366199493408203, 1 ]
			],
			"cuboid_centroid": [ -14.661100387573242, 8.2624998092651367, 41.366199493408203 ],
			"projected_cuboid_centroid": [ 453.58169555664062, 856.74017333984375 ],
			"bounding_box":
			{
				"top_left": [ 652.52947998046875, 198.47450256347656 ],
				"bottom_right": [ 1032.458251953125, 648.898681640625 ]
			},
			"cuboid": [
				[ -19.574699401855469, 8.1791000366210938, 46.564701080322266 ],
				[ -20.303199768066406, 12.37399959564209, 42.926200866699219 ],
				[ -10.735799789428711, 14.036100387573242, 42.926101684570312 ],
				[ -10.006799697875977, 9.8411998748779297, 46.564701080322266 ],
				[ -18.586399078369141, 2.488800048828125, 39.806301116943359 ],
				[ -19.31450080871582, 6.683800220489502, 36.167800903320312 ],
				[ -9.7475996017456055, 8.3458995819091797, 36.167800903320312 ],
				[ -9.0186004638671875, 4.1508998870849609, 39.806301116943359 ]
			],
			"projected_cuboid": [
				[ 355.33248901367188, 820.73602294921875 ],
				[ 276.99649047851562, 989.04669189453125 ],
				[ 608.96527099609375, 1046.91552734375 ],
				[ 661.4010009765625, 874.08331298828125 ],
				[ 286.04278564453125, 651.65972900390625 ],
				[ 186.04649353027344, 834.41162109375 ],
				[ 580.07391357421875, 903.094482421875 ],
				[ 644.02947998046875, 714.06451416015625 ]
			]
		}
	]
}