{
	"camera_data":
	{
		"location_worldframe": [ 6829.513671875, -6.2905998229980469, 0 ],
		"quaternion_xyzw_worldframe": [ 0, 0, 0.9682999849319458, 0.24989999830722809 ]
	},
	"objects": [
		{
			"class": "ExoRomper_FullPayload",
			"instance_id": 0,
			"visibility": 0.98669999837875366,
			"location": [ 0, 0, 24.705099105834961 ],
			"quaternion_xyzw": [ 0, 0.70709997415542603, 0, 0.70709997415542603 ],
			"pose_transform": [
				[ 1, 0, 0, 0 ],
				[ 0, 0, -1, 0 ],
				[ 0, -1, 0, 0 ],
				[ 0, 0, 24.705099105834961, 1 ]
			],
			"cuboid_centroid": [ 0, 0, 24.705099105834961 ],
			"projected_cuboid_centroid": [ 981.4783935546875, 558.21307373046875 ],
			"bounding_box":
			{
				"top_left": [ -4023.657470703125, -4565.55615234375 ],
				"bottom_right": [ 2572.688232421875, 2237.970703125 ]
			},
			"cuboid": [
				[ 19.291000366210938, -20.600000381469727, -4.8397998809814453 ],
				[ 19.291299819946289, -20.600000381469727, 54.25 ],
				[ 19.291299819946289, 20.600000381469727, 54.25 ],
				[ 19.291000366210938, 20.600000381469727, -4.8397998809814453 ],
				[ -19.291299819946289, -20.600000381469727, -4.8393998146057129 ],
				[ -19.291500091552734, -20.600000381469727, 54.250499725341797 ],
				[ -19.291500091552734, 20.600000381469727, 54.250499725341797 ],
				[ -19.291299819946289, 20.600000381469727, -4.8393998146057129 ]
			],
			"projected_cuboid": [
				[ -4955.44775390625, 6919.59423828125 ],
				[ 1511.1463623046875, -9.3092002868652344 ],
				[ 1511.1463623046875, 1125.7357177734375 ],
				[ -4955.44775390625, -5803.16796875 ],
				[ 6919.2451171875, 6920.23779296875 ],
				[ 451.82769775390625, -9.3042001724243164 ],
				[ 451.82769775390625, 1125.7303466796875 ],
				[ 6919.2451171875, -5803.8076171875 ]
			]
		},
		{
			"class": "ExoRomper_Sat",
			"instance_id": 0,
			"visibility": 0.89469999074935913,
			"location": [ -13.654999732971191, 5.6788997650146484, 41.366199493408203 ],
			"quaternion_xyzw": [ -0.37880000472068787, -0.69319999217987061, -0.29399999976158142, 0.53810000419616699 ],
			"pose_transform": [
				[ -0.18320000171661377, 0.28529998660087585, -0.086800001561641693, 0 ],
				[ -0.046900000423192978, 0.072999998927116394, 0.33910000324249268, 0 ],
				[ -0.29449999332427979, -0.1890999972820282, 0, 0 ],
				[ -13.654999732971191, 5.6788997650146484, 41.366199493408203, 1 ]
			],
			"cuboid_centroid": [ -13.654999732971191, 5.6788997650146484, 41.366199493408203 ],
			"projected_cuboid_centroid": [ 489.80191040039062, 763.393310546875 ],
			"bounding_box":
			{
				"top_left": [ 522.427001953125, 213.80400085449219 ],
				"bottom_right": [ 953.58001708984375, 679.72528076171875 ]
			},
			"cuboid": [
				[ -20.442100524902344, 7.2644000053405762, 42.976600646972656 ],
				[ -19.692100524902344, 6.0954999923706055, 37.550800323486328 ],
				[ -11.520000457763672, 11.341099739074707, 37.550800323486328 ],
				[ -12.270500183105469, 12.510000228881836, 42.976100921630859 ],
				[ -15.789999961853027, 0.01679999940097332, 45.181598663330078 ],
				[ -15.039799690246582, -1.1521999835968018, 39.755401611328125 ],
				[ -6.8678998947143555, 4.0935001373291016, 39.755901336669922 ],
				[ -7.6181998252868652, 5.2624001502990723, 45.181198120117188 ]
			],
			"projected_cuboid": [
				[ 272.9862060546875, 810.84442138671875 ],
				[ 200.37869262695312, 800.81982421875 ],
				[ 524.521484375, 1009.6077880859375 ],
				[ 556.21429443359375, 993.269775390625 ],
				[ 460.93609619140625, 558.767578125 ],
				[ 417.99771118164062, 514.89898681640625 ],
				[ 724.18280029296875, 712.103271484375 ],
				[ 730.3411865234375, 732.289794921875 ]
			]
		}
	]
}