{
	"camera_data":
	{
		"location_worldframe": [ 6814.953125, 12.604100227355957, 0 ],
		"quaternion_xyzw_worldframe": [ 0, 0, -0.61440002918243408, 0.78899997472763062 ]
	},
	"objects": [
		{
			"class": "ExoRomper_FullPayload",
			"instance_id": 0,
			"visibility": 0.98669999837875366,
			"location": [ 0.00050000002374872565, 0, 24.705099105834961 ],
			"quaternion_xyzw": [ 0, 0.70709997415542603, 0, 0.70709997415542603 ],
			"pose_transform": [
				[ 1, 0, 0, 0 ],
				[ 0, 0, -1, 0 ],
				[ 0, -1, 0, 0 ],
				[ 0.00050000002374872565, 0, 24.705099105834961, 1 ]
			],
			"cuboid_centroid": [ 0.00050000002374872565, 0, 24.704999923706055 ],
			"projected_cuboid_centroid": [ 981.51617431640625, 558.21331787109375 ],
			"bounding_box":
			{
				"top_left": [ -4023.58447265625, -4565.529296875 ],
				"bottom_right": [ 2572.655517578125, 2237.962890625 ]
			},
			"cuboid": [
				[ 19.291999816894531, -20.600000381469727, -4.8400001525878906 ],
				[ 19.291999816894531, -20.600000381469727, 54.249801635742188 ],
				[ 19.291999816894531, 20.600000381469727, 54.249801635742188 ],
				[ 19.291999816894531, 20.600000381469727, -4.8400001525878906 ],
				[ -19.291000366210938, -20.600000381469727, -4.8400998115539551 ],
				[ -19.290500640869141, -20.600000381469727, 54.249801635742188 ],
				[ -19.290500640869141, 20.600000381469727, 54.249801635742188 ],
				[ -19.291000366210938, 20.600000381469727, -4.8400998115539551 ]
			],
			"projected_cuboid": [
				[ -4955.73828125, 6919.59521484375 ],
				[ 1511.16357421875, -9.3092002868652344 ],
				[ 1511.16357421875, 1125.7357177734375 ],
				[ -4955.73828125, -5803.1689453125 ],
				[ 6918.35302734375, 6919.59521484375 ],
				[ 451.84909057617188, -9.3092002868652344 ],
				[ 451.84909057617188, 1125.7357177734375 ],
				[ 6918.35302734375, -5803.1689453125 ]
			]
		},
		{
			"class": "ExoRomper_Sat",
			"instance_id": 0,
			"visibility": 0.92159998416900635,
			"location": [ -12.235400199890137, 4.0749001502990723, 41.3656005859375 ],
			"quaternion_xyzw": [ -0.2476000040769577, -0.68569999933242798, -0.23250000178813934, 0.64380002021789551 ],
			"pose_transform": [
				[ -0.2687000036239624, 0.2231999933719635, -0.022099999710917473, 0 ],
				[ -0.017000000923871994, 0.014100000262260437, 0.34929999709129333, 0 ],
				[ -0.22360000014305115, -0.26930001378059387, 0, 0 ],
				[ -12.235400199890137, 4.0749001502990723, 41.3656005859375, 1 ]
			],
			"cuboid_centroid": [ -12.235400199890137, 4.0749001502990723, 41.3656005859375 ],
			"projected_cuboid_centroid": [ 540.9041748046875, 705.44281005859375 ],
			"bounding_box":
			{
				"top_left": [ 469.09600830078125, 266.8323974609375 ],
				"bottom_right": [ 898.13140869140625, 730.16937255859375 ]
			},
			"cuboid": [
				[ -18.885700225830078, 3.2867000102996826, 43.880100250244141 ],
				[ -18.614299774169922, 3.0611000061035156, 38.290599822998047 ],
				[ -12.410200119018555, 10.531599998474121, 38.290599822998047 ],
				[ -12.681599617004395, 10.757200241088867, 43.880199432373047 ],
				[ -12.060500144958496, -2.3817000389099121, 44.440700531005859 ],
				[ -11.788599967956543, -2.6073000431060791, 38.851200103759766 ],
				[ -5.5844998359680176, 4.8632001876831055, 38.851200103759766 ],
				[ -5.8559999465942383, 5.0887999534606934, 44.440700531005859 ]
			],
			"projected_cuboid": [
				[ 340.41769409179688, 670.15692138671875 ],
				[ 257.41778564453125, 677.692626953125 ],
				[ 498.75289916992188, 969.28167724609375 ],
				[ 551.0115966796875, 924.6033935546875 ],
				[ 577.26568603515625, 478.11529541015625 ],
				[ 529.5380859375, 457.9136962890625 ],
				[ 767.39129638671875, 745.29571533203125 ],
				[ 785.20330810546875, 729.3524169921875 ]
			]
		}
	]
}