{
	"camera_data":
	{
		"location_worldframe": [ 6812.900390625, -11.898500442504883, 0 ],
		"quaternion_xyzw_worldframe": [ 0, 0, 0.54640001058578491, 0.83749997615814209 ]
	},
	"objects": [
		{
			"class": "ExoRomper_FullPayload",
			"instance_id": 0,
			"visibility": 0.97369998693466187,
			"location": [ 0, 0, 24.705600738525391 ],
			"quaternion_xyzw": [ 0, 0.70709997415542603, 0, 0.70709997415542603 ],
			"pose_transform": [
				[ 1, 0, 0, 0 ],
				[ 0, 0, -1, 0 ],
				[ 0, -1, 0, 0 ],
				[ 0, 0, 24.705600738525391, 1 ]
			],
			"cuboid_centroid": [ 0, 0, 24.705299377441406 ],
			"projected_cuboid_centroid": [ 981.4783935546875, 558.21331787109375 ],
			"bounding_box":
			{
				"top_left": [ -4023.5107421875, -4565.31640625 ],
				"bottom_right": [ 2572.622802734375, 2237.975830078125 ]
			},
			"cuboid": [
				[ 19.291000366210938, -20.600000381469727, -4.8396000862121582 ],
				[ 19.291000366210938, -20.600000381469727, 54.250198364257812 ],
				[ 19.291000366210938, 20.600000381469727, 54.250198364257812 ],
				[ 19.291000366210938, 20.600000381469727, -4.8396000862121582 ],
				[ -19.291999816894531, -20.600000381469727, -4.8396000862121582 ],
				[ -19.291500091552734, -20.600000381469727, 54.250499725341797 ],
				[ -19.291500091552734, 20.600000381469727, 54.250499725341797 ],
				[ -19.291999816894531, 20.600000381469727, -4.8396000862121582 ]
			],
			"projected_cuboid": [
				[ -4955.54443359375, 6919.59423828125 ],
				[ 1511.1463623046875, -9.3092002868652344 ],
				[ 1511.1463623046875, 1125.7357177734375 ],
				[ -4955.54443359375, -5803.1689453125 ],
				[ 6919.04150390625, 6919.91650390625 ],
				[ 451.79949951171875, -9.3066997528076172 ],
				[ 451.79949951171875, 1125.733154296875 ],
				[ 6919.04150390625, -5803.4892578125 ]
			]
		},
		{
			"class": "ExoRomper_Sat",
			"instance_id": 0,
			"visibility": 0.96429997682571411,
			"location": [ -7.1328001022338867, 2.488300085067749, 41.365200042724609 ],
			"quaternion_xyzw": [ -0.045099999755620956, 0.99860000610351562, -0.0012000000569969416, -0.026399999856948853 ],
			"pose_transform": [
				[ -0.018400000408291817, -0.0017000000225380063, -0.34950000047683716, 0 ],
				[ -0.34810000658035278, -0.031500000506639481, 0.018500000238418579, 0 ],
				[ 0.031599998474121094, -0.34860000014305115, 0, 0 ],
				[ -7.1328001022338867, 2.488300085067749, 41.365200042724609, 1 ]
			],
			"cuboid_centroid": [ -7.1328001022338867, 2.488300085067749, 41.365200042724609 ],
			"projected_cuboid_centroid": [ 724.656005859375, 648.11932373046875 ],
			"bounding_box":
			{
				"top_left": [ 454.01760864257812, 563.53009033203125 ],
				"bottom_right": [ 842.60028076171875, 861.77838134765625 ]
			},
			"cuboid": [
				[ -9.7144002914428711, -2.6205999851226807, 37.074501037597656 ],
				[ -4.1440000534057617, -2.1164000034332275, 36.778598785400391 ],
				[ -5.0194997787475586, 7.5548000335693359, 36.778598785400391 ],
				[ -10.589799880981445, 7.0507001876831055, 37.074501037597656 ],
				[ -9.2466001510620117, -2.578200101852417, 45.951900482177734 ],
				[ -3.676300048828125, -2.0739998817443848, 45.656299591064453 ],
				[ -4.551300048828125, 7.5971999168395996, 45.655998229980469 ],
				[ -10.122099876403809, 7.0929999351501465, 45.952098846435547 ]
			],
			"projected_cuboid": [
				[ 591.18988037109375, 452.57168579101562 ],
				[ 813.6331787109375, 472.20941162109375 ],
				[ 778.17578125, 865.2205810546875 ],
				[ 556.041015625, 842.443603515625 ],
				[ 681.7811279296875, 474.35830688476562 ],
				[ 861.56011962890625, 490.3192138671875 ],
				[ 832.99658203125, 806.9114990234375 ],
				[ 653.4022216796875, 788.91082763671875 ]
			]
		}
	]
}