{
	"camera_data":
	{
		"location_worldframe": [ 6805.19140625, -1.1873999834060669, 0 ],
		"quaternion_xyzw_worldframe": [ 0, 0, 0.045699998736381531, 0.99900001287460327 ]
	},
	"objects": [
		{
			"class": "ExoRomper_FullPayload",
			"instance_id": 0,
			"visibility": 0.98669999837875366,
			"location": [ 0, 0, 24.705600738525391 ],
			"quaternion_xyzw": [ 0, 0.70709997415542603, 0, 0.70709997415542603 ],
			"pose_transform": [
				[ 1, 0, 0, 0 ],
				[ 0, 0, -1, 0 ],
				[ 0, -1, 0, 0 ],
				[ 0, 0, 24.705600738525391, 1 ]
			],
			"cuboid_centroid": [ 0, 0, 24.705600738525391 ],
			"projected_cuboid_centroid": [ 981.4874267578125, 558.21307373046875 ],
			"bounding_box":
			{
				"top_left": [ -4023.658447265625, -4565.57177734375 ],
				"bottom_right": [ 2572.687255859375, 2237.98828125 ]
			},
			"cuboid": [
				[ 19.291400909423828, -20.600000381469727, -4.8393998146057129 ],
				[ 19.291299819946289, -20.600000381469727, 54.25 ],
				[ 19.291299819946289, 20.600000381469727, 54.25 ],
				[ 19.291400909423828, 20.600000381469727, -4.8393998146057129 ],
				[ -19.291299819946289, -20.600000381469727, -4.8397998809814453 ],
				[ -19.291299819946289, -20.600000381469727, 54.25 ],
				[ -19.291299819946289, 20.600000381469727, 54.25 ],
				[ -19.291299819946289, 20.600000381469727, -4.8397998809814453 ]
			],
			"projected_cuboid": [
				[ -4956.1416015625, 6920.23974609375 ],
				[ 1511.158203125, -9.309300422668457 ],
				[ 1511.158203125, 1125.7357177734375 ],
				[ -4956.1416015625, -5803.81005859375 ],
				[ 6918.5712890625, 6919.59765625 ],
				[ 451.82638549804688, -9.3094997406005859 ],
				[ 451.82638549804688, 1125.7357177734375 ],
				[ 6918.5712890625, -5803.16796875 ]
			]
		},
		{
			"class": "ExoRomper_Sat",
			"instance_id": 0,
			"visibility": 0.88330000638961792,
			"location": [ -13.777899742126465, 5.8779001235961914, 41.366199493408203 ],
			"quaternion_xyzw": [ 0.49020001292228699, 0.86260002851486206, -0.061799999326467514, 0.1088000014424324 ],
			"pose_transform": [
				[ 0.044500000774860382, -0.074600003659725189, -0.33899998664855957, 0 ],
				[ -0.17350000143051147, 0.29129999876022339, -0.086900003254413605, 0 ],
				[ -0.30070000886917114, -0.17910000681877136, 0, 0 ],
				[ -13.777899742126465, 5.8779001235961914, 41.366199493408203, 1 ]
			],
			"cuboid_centroid": [ -13.777899742126465, 5.8779001235961914, 41.366199493408203 ],
			"projected_cuboid_centroid": [ 485.381103515625, 770.581787109375 ],
			"bounding_box":
			{
				"top_left": [ 570.4791259765625, 226.74789428710938 ],
				"bottom_right": [ 937.2686767578125, 677.2001953125 ]
			},
			"cuboid": [
				[ -18.772899627685547, 4.7758002281188965, 36.364700317382812 ],
				[ -15.996500015258789, 0.11460000276565552, 37.755401611328125 ],
				[ -7.6536002159118652, 5.083899974822998, 37.754901885986328 ],
				[ -10.429900169372559, 9.7451000213623047, 36.364700317382812 ],
				[ -19.902200698852539, 6.6718001365661621, 44.976600646972656 ],
				[ -17.125900268554688, 2.0106000900268555, 46.367198944091797 ],
				[ -8.7828998565673828, 6.9798998832702637, 46.367198944091797 ],
				[ -11.559200286865234, 11.64109992980957, 44.976600646972656 ]
			],
			"projected_cuboid": [
				[ 212.55349731445312, 754.497314453125 ],
				[ 350.40591430664062, 562.75067138671875 ],
				[ 679.54217529296875, 759.4658203125 ],
				[ 554.2816162109375, 958.73162841796875 ],
				[ 322.38668823242188, 779.917724609375 ],
				[ 431.34039306640625, 623.02252197265625 ],
				[ 699.34881591796875, 783.19891357421875 ],
				[ 598.68157958984375, 945.046875 ]
			]
		}
	]
}