{
	"camera_data":
	{
		"location_worldframe": [ 6805.849609375, -4.2445001602172852, 0 ],
		"quaternion_xyzw_worldframe": [ 0, 0, 0.16550000011920929, 0.98619997501373291 ]
	},
	"objects": [
		{
			"class": "ExoRomper_FullPayload",
			"instance_id": 0,
			"visibility": 0.97369998693466187,
			"location": [ -0.00019999999494757503, 0, 24.705099105834961 ],
			"quaternion_xyzw": [ 0, 0.70709997415542603, 0, 0.70709997415542603 ],
			"pose_transform": [
				[ 1, 0, 0, 0 ],
				[ 0, 0, -1, 0 ],
				[ 0, -1, 0, 0 ],
				[ -0.00019999999494757503, 0, 24.705099105834961, 1 ]
			],
			"cuboid_centroid": [ -0.00019999999494757503, 0, 24.705099105834961 ],
			"projected_cuboid_centroid": [ 981.50689697265625, 558.21337890625 ],
			"bounding_box":
			{
				"top_left": [ -4023.658447265625, -4565.6181640625 ],
				"bottom_right": [ 2572.687255859375, 2237.958984375 ]
			},
			"cuboid": [
				[ 19.291299819946289, -20.600000381469727, -4.8397998809814453 ],
				[ 19.291000366210938, -20.600000381469727, 54.25 ],
				[ 19.291000366210938, 20.600000381469727, 54.25 ],
				[ 19.291299819946289, 20.600000381469727, -4.8397998809814453 ],
				[ -19.291500091552734, -20.600000381469727, -4.8397998809814453 ],
				[ -19.291500091552734, -20.600000381469727, 54.25 ],
				[ -19.291500091552734, 20.600000381469727, 54.25 ],
				[ -19.291500091552734, 20.600000381469727, -4.8397998809814453 ]
			],
			"projected_cuboid": [
				[ -4955.6416015625, 6919.59423828125 ],
				[ 1511.172119140625, -9.3092002868652344 ],
				[ 1511.172119140625, 1125.7357177734375 ],
				[ -4955.6416015625, -5803.16796875 ],
				[ 6918.4501953125, 6919.59423828125 ],
				[ 451.83609008789062, -9.3092002868652344 ],
				[ 451.83609008789062, 1125.7357177734375 ],
				[ 6918.4501953125, -5803.16796875 ]
			]
		},
		{
			"class": "ExoRomper_Sat",
			"instance_id": 0,
			"visibility": 0.91490000486373901,
			"location": [ -3.1435999870300293, 4.2014999389648438, 41.365200042724609 ],
			"quaternion_xyzw": [ -0.34509998559951782, 0.91570001840591431, -0.072599999606609344, -0.19269999861717224 ],
			"pose_transform": [
				[ -0.10599999874830246, -0.093099996447563171, -0.32030001282691956, 0 ],
				[ -0.24060000479221344, -0.21140000224113464, 0.14110000431537628, 0 ],
				[ 0.23100000619888306, -0.26289999485015869, 0, 0 ],
				[ -3.1435999870300293, 4.2014999389648438, 41.365200042724609, 1 ]
			],
			"cuboid_centroid": [ -3.1435999870300293, 4.2014999389648438, 41.365200042724609 ],
			"projected_cuboid_centroid": [ 868.318603515625, 710.01702880859375 ],
			"bounding_box":
			{
				"top_left": [ 479.73260498046875, 664.7025146484375 ],
				"bottom_right": [ 892.6895751953125, 1084.756591796875 ]
			},
			"cuboid": [
				[ -3.2102000713348389, -2.3201999664306641, 38.426300048828125 ],
				[ 0.64010000228881836, 1.0627000331878662, 36.168498992919922 ],
				[ -5.7690000534057617, 8.3578996658325195, 36.168498992919922 ],
				[ -9.6194000244140625, 4.9749999046325684, 38.426300048828125 ],
				[ -0.51810002326965332, 0.045099999755620956, 46.562000274658203 ],
				[ 3.3324999809265137, 3.4279999732971191, 44.304698944091797 ],
				[ -3.07669997215271, 10.723199844360352, 44.30419921875 ],
				[ -6.9274997711181641, 7.3401999473571777, 46.562000274658203 ]
			],
			"projected_cuboid": [
				[ 857.0797119140625, 467.97061157226562 ],
				[ 1007.8878784179688, 602.1287841796875 ],
				[ 743.9342041015625, 903.58221435546875 ],
				[ 608.63507080078125, 751.71148681640625 ],
				[ 964.93798828125, 559.65948486328125 ],
				[ 1093.5478515625, 673.85308837890625 ],
				[ 878.07177734375, 919.9508056640625 ],
				[ 759.90386962890625, 793.82281494140625 ]
			]
		}
	]
}