{
	"camera_data":
	{
		"location_worldframe": [ 6811.0859375, 10.92140007019043, 0 ],
		"quaternion_xyzw_worldframe": [ 0, 0, -0.47830000519752502, 0.8781999945640564 ]
	},
	"objects": [
		{
			"class": "ExoRomper_FullPayload",
			"instance_id": 0,
			"visibility": 1,
			"location": [ 0, 0, 24.705299377441406 ],
			"quaternion_xyzw": [ 0, 0.70709997415542603, 0, 0.70709997415542603 ],
			"pose_transform": [
				[ 1, 0, 0, 0 ],
				[ 0, 0, -1, 0 ],
				[ 0, -1, 0, 0 ],
				[ 0, 0, 24.705299377441406, 1 ]
			],
			"cuboid_centroid": [ 0, 0, 24.705299377441406 ],
			"projected_cuboid_centroid": [ 981.51617431640625, 558.21307373046875 ],
			"bounding_box":
			{
				"top_left": [ -4023.658447265625, -4565.49462890625 ],
				"bottom_right": [ 2572.687255859375, 2237.975830078125 ]
			},
			"cuboid": [
				[ 19.291500091552734, -20.600000381469727, -4.8397998809814453 ],
				[ 19.291000366210938, -20.600000381469727, 54.25 ],
				[ 19.291000366210938, 20.600000381469727, 54.25 ],
				[ 19.291500091552734, 20.600000381469727, -4.8397998809814453 ],
				[ -19.291000366210938, -20.600000381469727, -4.8397998809814453 ],
				[ -19.291000366210938, -20.600000381469727, 54.25 ],
				[ -19.291000366210938, 20.600000381469727, 54.25 ],
				[ -19.291000366210938, 20.600000381469727, -4.8397998809814453 ]
			],
			"projected_cuboid": [
				[ -4955.84326171875, 6919.9169921875 ],
				[ 1511.16357421875, -9.3092002868652344 ],
				[ 1511.16357421875, 1125.7357177734375 ],
				[ -4955.84326171875, -5803.4892578125 ],
				[ 6918.84814453125, 6919.91650390625 ],
				[ 451.8341064453125, -9.3066997528076172 ],
				[ 451.8341064453125, 1125.733154296875 ],
				[ 6918.84814453125, -5803.490234375 ]
			]
		},
		{
			"class": "ExoRomper_Sat",
			"instance_id": 0,
			"visibility": 0.78430002927780151,
			"location": [ -14.763699531555176, 9.4279003143310547, 41.365699768066406 ],
			"quaternion_xyzw": [ 0.70300000905990601, 0.70630002021789551, -0.058600001037120819, 0.058899998664855957 ],
			"pose_transform": [
				[ 0.00030000001424923539, -0.057900000363588333, -0.34520000219345093, 0 ],
				[ -0.0015999999595806003, 0.34520000219345093, -0.057900000363588333, 0 ],
				[ -0.34999999403953552, -0.0015999999595806003, 0, 0 ],
				[ -14.763699531555176, 9.4279003143310547, 41.365699768066406, 1 ]
			],
			"cuboid_centroid": [ -14.763699531555176, 9.4279003143310547, 41.365699768066406 ],
			"projected_cuboid_centroid": [ 449.8629150390625, 898.84698486328125 ],
			"bounding_box":
			{
				"top_left": [ 792.9437255859375, 190.34370422363281 ],
				"bottom_right": [ 1029.43994140625, 643.39532470703125 ]
			},
			"cuboid": [
				[ -19.628900527954102, 11.431300163269043, 36.518299102783203 ],
				[ -19.603000640869141, 5.9078998565673828, 37.445301055908203 ],
				[ -9.8921003341674805, 5.9527997970581055, 37.445301055908203 ],
				[ -9.9184999465942383, 11.476200103759766, 36.518299102783203 ],
				[ -19.635700225830078, 12.902899742126465, 45.285598754882812 ],
				[ -19.609899520874023, 7.3794999122619629, 46.212898254394531 ],
				[ -9.8999004364013672, 7.4243998527526855, 46.212600708007812 ],
				[ -9.924799919128418, 12.947799682617188, 45.285598754882812 ]
			],
			"projected_cuboid": [
				[ 180.88409423828125, 1026.05419921875 ],
				[ 201.72410583496094, 794.01751708984375 ],
				[ 587.98492431640625, 795.8079833984375 ],
				[ 576.97552490234375, 1027.890380859375 ],
				[ 335.65399169921875, 984.046875 ],
				[ 349.45928955078125, 796.87261962890625 ],
				[ 662.4368896484375, 798.32452392578125 ],
				[ 655.06231689453125, 985.52752685546875 ]
			]
		}
	]
}