{
	"camera_data":
	{
		"location_worldframe": [ 6821.50439453125, -12.556400299072266, 0 ],
		"quaternion_xyzw_worldframe": [ 0, 0, 0.79339998960494995, 0.6086999773979187 ]
	},
	"objects": [
		{
			"class": "ExoRomper_FullPayload",
			"instance_id": 0,
			"visibility": 0.98669999837875366,
			"location": [ -0.00050000002374872565, 0, 24.705099105834961 ],
			"quaternion_xyzw": [ 0, 0.70709997415542603, 0, 0.70709997415542603 ],
			"pose_transform": [
				[ 1, 0, 0, 0 ],
				[ 0, 0, -1, 0 ],
				[ 0, -1, 0, 0 ],
				[ -0.00050000002374872565, 0, 24.705099105834961, 1 ]
			],
			"cuboid_centroid": [ -0.00050000002374872565, 0, 24.704999923706055 ],
			"projected_cuboid_centroid": [ 981.4783935546875, 558.21319580078125 ],
			"bounding_box":
			{
				"top_left": [ -4023.583984375, -4565.4052734375 ],
				"bottom_right": [ 2572.656005859375, 2237.991455078125 ]
			},
			"cuboid": [
				[ 19.290000915527344, -20.600000381469727, -4.8400001525878906 ],
				[ 19.290500640869141, -20.600000381469727, 54.249900817871094 ],
				[ 19.290500640869141, 20.600000381469727, 54.249900817871094 ],
				[ 19.290000915527344, 20.600000381469727, -4.8400001525878906 ],
				[ -19.291999816894531, -20.600000381469727, -4.8397998809814453 ],
				[ -19.291999816894531, -20.600000381469727, 54.25 ],
				[ -19.291999816894531, 20.600000381469727, 54.25 ],
				[ -19.291999816894531, 20.600000381469727, -4.8397998809814453 ]
			],
			"projected_cuboid": [
				[ -4955.3505859375, 6919.595703125 ],
				[ 1511.1474609375, -9.3105001449584961 ],
				[ 1511.1474609375, 1125.737060546875 ],
				[ -4955.3505859375, -5803.16796875 ],
				[ 6918.89111328125, 6919.75634765625 ],
				[ 451.81451416015625, -9.3092002868652344 ],
				[ 451.81451416015625, 1125.7357177734375 ],
				[ 6918.89111328125, -5803.3291015625 ]
			]
		},
		{
			"class": "ExoRomper_Sat",
			"instance_id": 0,
			"visibility": 0.93330001831054688,
			"location": [ -2.8285999298095703, 4.4969000816345215, 41.365200042724609 ],
			"quaternion_xyzw": [ -0.22939999401569366, 0.555899977684021, 0.30469998717308044, 0.73849999904632568 ],
			"pose_transform": [
				[ 0.23849999904632568, 0.23720000684261322, 0.096799999475479126, 0 ],
				[ 0.068599998950958252, 0.068300001323223114, -0.33629998564720154, 0 ],
				[ 0.2468000054359436, -0.24819999933242798, 0, 0 ],
				[ -2.8285999298095703, 4.4969000816345215, 41.365200042724609, 1 ]
			],
			"cuboid_centroid": [ -2.8285999298095703, 4.4969000816345215, 41.365200042724609 ],
			"projected_cuboid_centroid": [ 879.656494140625, 720.690185546875 ],
			"bounding_box":
			{
				"top_left": [ 480.54391479492188, 703.002197265625 ],
				"bottom_right": [ 925.7301025390625, 1126.9769287109375 ]
			},
			"cuboid": [
				[ 4.1732997894287109, 4.612800121307373, 39.903701782226562 ],
				[ 3.075200080871582, 3.5204000473022461, 45.285900115966797 ],
				[ -3.7725000381469727, 10.405500411987305, 45.285999298095703 ],
				[ -2.674799919128418, 11.497900009155273, 39.903701782226562 ],
				[ -1.8838000297546387, -1.4117000102996826, 37.444801330566406 ],
				[ -2.9823999404907227, -2.5041000843048096, 42.826900482177734 ],
				[ -9.8305997848510742, 4.3810000419616699, 42.826999664306641 ],
				[ -8.7313995361328125, 5.4734001159667969, 37.444801330566406 ]
			],
			"projected_cuboid": [
				[ 1137.2862548828125, 730.98370361328125 ],
				[ 1082.6375732421875, 674.39697265625 ],
				[ 857.4224853515625, 901.6259765625 ],
				[ 881.6710205078125, 988.8599853515625 ],
				[ 906.5714111328125, 501.86590576171875 ],
				[ 877.77972412109375, 470.8240966796875 ],
				[ 639.61151123046875, 711.09967041015625 ],
				[ 634.17156982421875, 776.676513671875 ]
			]
		}
	]
}