{
	"camera_data":
	{
		"location_worldframe": [ 6805.1533203125, -0.6502000093460083, 0 ],
		"quaternion_xyzw_worldframe": [ 0, 0, 0.02500000037252903, 0.99970000982284546 ]
	},
	"objects": [
		{
			"class": "ExoRomper_FullPayload",
			"instance_id": 0,
			"visibility": 0.98669999837875366,
			"location": [ 0, 0, 24.705099105834961 ],
			"quaternion_xyzw": [ 0, 0.70709997415542603, 0, 0.70709997415542603 ],
			"pose_transform": [
				[ 1, 0, 0, 0 ],
				[ 0, 0, -1, 0 ],
				[ 0, -1, 0, 0 ],
				[ 0, 0, 24.705099105834961, 1 ]
			],
			"cuboid_centroid": [ 0, 0, 24.705099105834961 ],
			"projected_cuboid_centroid": [ 981.4921875, 558.21307373046875 ],
			"bounding_box":
			{
				"top_left": [ -4023.66015625, -4565.58349609375 ],
				"bottom_right": [ 2572.68603515625, 2237.97607421875 ]
			},
			"cuboid": [
				[ 19.291400909423828, -20.600000381469727, -4.8403000831604004 ],
				[ 19.291299819946289, -20.600000381469727, 54.25 ],
				[ 19.291299819946289, 20.600000381469727, 54.25 ],
				[ 19.291400909423828, 20.600000381469727, -4.8403000831604004 ],
				[ -19.291299819946289, -20.600000381469727, -4.8403000831604004 ],
				[ -19.291400909423828, -20.600000381469727, 54.25 ],
				[ -19.291400909423828, 20.600000381469727, 54.25 ],
				[ -19.291299819946289, 20.600000381469727, -4.8403000831604004 ]
			],
			"projected_cuboid": [
				[ -4955.5625, 6919.59765625 ],
				[ 1511.1558837890625, -9.3043003082275391 ],
				[ 1511.1558837890625, 1125.7305908203125 ],
				[ -4955.5625, -5803.16796875 ],
				[ 6918.54736328125, 6919.59765625 ],
				[ 451.83151245117188, -9.3043003082275391 ],
				[ 451.83151245117188, 1125.7305908203125 ],
				[ 6918.54736328125, -5803.16796875 ]
			]
		},
		{
			"class": "ExoRomper_Sat",
			"instance_id": 0,
			"visibility": 0.97369998693466187,
			"location": [ -8.1838998794555664, 2.4727001190185547, 41.365699768066406 ],
			"quaternion_xyzw": [ 0.029799999669194221, 0.99260002374649048, -0.0035000001080334187, 0.11800000071525574 ],
			"pose_transform": [
				[ 0.08190000057220459, -0.0049000000581145287, -0.34020000696182251, 0 ],
				[ -0.33959999680519104, 0.020400000736117363, -0.082099996507167816, 0 ],
				[ -0.020999999716877937, -0.34940001368522644, 0, 0 ],
				[ -8.1838998794555664, 2.4727001190185547, 41.365699768066406, 1 ]
			],
			"cuboid_centroid": [ -8.1838998794555664, 2.4727001190185547, 41.365699768066406 ],
			"projected_cuboid_centroid": [ 686.81231689453125, 647.552001953125 ],
			"bounding_box":
			{
				"top_left": [ 455.8909912109375, 565.15087890625 ],
				"bottom_right": [ 841.64752197265625, 813.1063232421875 ]
			},
			"cuboid": [
				[ -10.152400016784668, -2.2730998992919922, 36.387699127197266 ],
				[ -4.7177000045776367, -2.5999000072479248, 37.701198577880859 ],
				[ -4.134699821472168, 7.0932998657226562, 37.701198577880859 ],
				[ -9.5694999694824219, 7.4201998710632324, 36.388198852539062 ],
				[ -12.233099937438965, -2.1479001045227051, 45.030300140380859 ],
				[ -6.7982997894287109, -2.4748001098632812, 46.343299865722656 ],
				[ -6.215400218963623, 7.2185001373291016, 46.343299865722656 ],
				[ -11.650099754333496, 7.5453000068664551, 45.030300140380859 ]
			],
			"projected_cuboid": [
				[ 565.91998291015625, 464.851806640625 ],
				[ 795.1116943359375, 455.14788818359375 ],
				[ 818.14251708984375, 839.40667724609375 ],
				[ 589.786376953125, 862.97698974609375 ],
				[ 576.8563232421875, 486.923095703125 ],
				[ 762.99481201171875, 478.402587890625 ],
				[ 781.73077392578125, 791.00567626953125 ],
				[ 596.13812255859375, 808.64117431640625 ]
			]
		}
	]
}