{
	"camera_data":
	{
		"location_worldframe": [ 6805.14306640625, 0.39789998531341553, 0 ],
		"quaternion_xyzw_worldframe": [ 0, 0, -0.015300000086426735, 0.99989998340606689 ]
	},
	"objects": [
		{
			"class": "ExoRomper_FullPayload",
			"instance_id": 0,
			"visibility": 0.98669999837875366,
			"location": [ 0, 0, 24.705099105834961 ],
			"quaternion_xyzw": [ 0, 0.70709997415542603, 0, 0.70709997415542603 ],
			"pose_transform": [
				[ 1, 0, 0, 0 ],
				[ 0, 0, -1, 0 ],
				[ 0, -1, 0, 0 ],
				[ 0, 0, 24.705099105834961, 1 ]
			],
			"cuboid_centroid": [ 0, 0, 24.705099105834961 ],
			"projected_cuboid_centroid": [ 981.4949951171875, 558.21307373046875 ],
			"bounding_box":
			{
				"top_left": [ -4023.657470703125, -4565.58740234375 ],
				"bottom_right": [ 2572.688232421875, 2237.97607421875 ]
			},
			"cuboid": [
				[ 19.291400909423828, -20.600000381469727, -4.8393998146057129 ],
				[ 19.291400909423828, -20.600000381469727, 54.25 ],
				[ 19.291400909423828, 20.600000381469727, 54.25 ],
				[ 19.291400909423828, 20.600000381469727, -4.8393998146057129 ],
				[ -19.291299819946289, -20.600000381469727, -4.8397998809814453 ],
				[ -19.291299819946289, -20.600000381469727, 54.25 ],
				[ -19.291299819946289, 20.600000381469727, 54.25 ],
				[ -19.291299819946289, 20.600000381469727, -4.8397998809814453 ]
			],
			"projected_cuboid": [
				[ -4956.16552734375, 6920.236328125 ],
				[ 1511.161376953125, -9.3092002868652344 ],
				[ 1511.161376953125, 1125.7357177734375 ],
				[ -4956.16552734375, -5803.81005859375 ],
				[ 6918.54736328125, 6919.59423828125 ],
				[ 451.8275146484375, -9.3092002868652344 ],
				[ 451.8275146484375, 1125.7357177734375 ],
				[ 6918.54736328125, -5803.16796875 ]
			]
		},
		{
			"class": "ExoRomper_Sat",
			"instance_id": 0,
			"visibility": 0.92309999465942383,
			"location": [ -10.969400405883789, 3.2372000217437744, 41.365699768066406 ],
			"quaternion_xyzw": [ 0.16599999368190765, 0.68470001220703125, -0.1671999990940094, 0.68970000743865967 ],
			"pose_transform": [
				[ 0.31110000610351562, -0.16030000150203705, 0.0024999999441206455, 0 ],
				[ 0.002199999988079071, -0.0012000000569969416, -0.34999999403953552, 0 ],
				[ -0.16030000150203705, -0.31110000610351562, 0, 0 ],
				[ -10.969400405883789, 3.2372000217437744, 41.365699768066406, 1 ]
			],
			"cuboid_centroid": [ -10.969400405883789, 3.2372000217437744, 41.365699768066406 ],
			"projected_cuboid_centroid": [ 586.506591796875, 675.174072265625 ],
			"bounding_box":
			{
				"top_left": [ 445.0404052734375, 325.60308837890625 ],
				"bottom_right": [ 876.3258056640625, 779.350830078125 ]
			},
			"cuboid": [
				[ -9.2236995697021484, -3.1238999366760254, 38.597198486328125 ],
				[ -9.2594995498657227, -3.1054999828338623, 44.198200225830078 ],
				[ -4.8123998641967773, 5.5272002220153809, 44.197299957275391 ],
				[ -4.7765998840332031, 5.508699893951416, 38.597198486328125 ],
				[ -17.126399993896484, 0.94720000028610229, 38.533199310302734 ],
				[ -17.162300109863281, 0.96560001373291016, 44.133800506591797 ],
				[ -12.715200424194336, 9.5982999801635742, 44.133800506591797 ],
				[ -12.679400444030762, 9.5797996520996094, 38.533199310302734 ]
			],
			"projected_cuboid": [
				[ 625.54400634765625, 437.24859619140625 ],
				[ 669.4462890625, 453.20138549804688 ],
				[ 819.31060791015625, 745.1187744140625 ],
				[ 797.16119384765625, 771.522705078125 ],
				[ 319.4713134765625, 594.95147705078125 ],
				[ 402.27398681640625, 590.913818359375 ],
				[ 552.36102294921875, 883.253173828125 ],
				[ 491.3734130859375, 929.78070068359375 ]
			]
		}
	]
}