{
	"camera_data":
	{
		"location_worldframe": [ 6807.04736328125, 6.7838001251220703, 0 ],
		"quaternion_xyzw_worldframe": [ 0, 0, -0.27110001444816589, 0.9625999927520752 ]
	},
	"objects": [
		{
			"class": "ExoRomper_FullPayload",
			"instance_id": 0,
			"visibility": 0.97369998693466187,
			"location": [ 0.00019999999494757503, 0, 24.705600738525391 ],
			"quaternion_xyzw": [ 0, 0.70709997415542603, 0, 0.70709997415542603 ],
			"pose_transform": [
				[ 1, 0, 0, 0 ],
				[ 0, 0, -1, 0 ],
				[ 0, -1, 0, 0 ],
				[ 0.00019999999494757503, 0, 24.705600738525391, 1 ]
			],
			"cuboid_centroid": [ 0.00019999999494757503, 0, 24.705600738525391 ],
			"projected_cuboid_centroid": [ 981.49737548828125, 558.21307373046875 ],
			"bounding_box":
			{
				"top_left": [ -4023.363037109375, -4565.19970703125 ],
				"bottom_right": [ 2572.55712890625, 2237.98095703125 ]
			},
			"cuboid": [
				[ 19.29170036315918, -20.600000381469727, -4.8397998809814453 ],
				[ 19.29170036315918, -20.600000381469727, 54.25 ],
				[ 19.29170036315918, 20.600000381469727, 54.25 ],
				[ 19.29170036315918, 20.600000381469727, -4.8397998809814453 ],
				[ -19.291000366210938, -20.600000381469727, -4.8397998809814453 ],
				[ -19.291000366210938, -20.600000381469727, 54.25 ],
				[ -19.291000366210938, 20.600000381469727, 54.25 ],
				[ -19.291000366210938, 20.600000381469727, -4.8397998809814453 ]
			],
			"projected_cuboid": [
				[ -4955.44775390625, 6919.59619140625 ],
				[ 1511.155029296875, -9.309300422668457 ],
				[ 1511.155029296875, 1125.7354736328125 ],
				[ -4955.44775390625, -5803.166015625 ],
				[ 6918.6435546875, 6919.59423828125 ],
				[ 451.82321166992188, -9.3092002868652344 ],
				[ 451.82321166992188, 1125.7357177734375 ],
				[ 6918.6435546875, -5803.16796875 ]
			]
		},
		{
			"class": "ExoRomper_Sat",
			"instance_id": 0,
			"visibility": 0.91490000486373901,
			"location": [ -3.8066000938415527, 3.6856999397277832, 41.365699768066406 ],
			"quaternion_xyzw": [ -0.26330000162124634, 0.85019999742507935, -0.13490000367164612, -0.43549999594688416 ],
			"pose_transform": [
				[ -0.23430000245571136, -0.16060000658035278, -0.20450000464916229, 0 ],
				[ -0.16869999468326569, -0.11559999734163284, 0.28400000929832458, 0 ],
				[ 0.19779999554157257, -0.28870001435279846, 0, 0 ],
				[ -3.8066000938415527, 3.6856999397277832, 41.365699768066406, 1 ]
			],
			"cuboid_centroid": [ -3.8066000938415527, 3.6856999397277832, 41.365699768066406 ],
			"projected_cuboid_centroid": [ 844.40386962890625, 691.37921142578125 ],
			"bounding_box":
			{
				"top_left": [ 449.8782958984375, 639.91632080078125 ],
				"bottom_right": [ 893.0164794921875, 1090.5133056640625 ]
			},
			"cuboid": [
				[ -5.3874998092651367, -3.2834999561309814, 41.041999816894531 ],
				[ -2.687999963760376, -1.433899998664856, 36.496601104736328 ],
				[ -8.1770000457763672, 6.5767998695373535, 36.496601104736328 ],
				[ -10.876199722290039, 4.7272000312805176, 41.041999816894531 ],
				[ 0.56419998407363892, 0.79460000991821289, 46.236301422119141 ],
				[ 3.263700008392334, 2.6442000865936279, 41.690898895263672 ],
				[ -2.225100040435791, 10.654899597167969, 41.690898895263672 ],
				[ -4.924799919128418, 8.8052997589111328, 46.236301422119141 ]
			],
			"projected_cuboid": [
				[ 785.9498291015625, 438.64181518554688 ],
				[ 871.7628173828125, 499.49319458007812 ],
				[ 647.7406005859375, 827.54248046875 ],
				[ 586.73828125, 730.359619140625 ],
				[ 999.65069580078125, 583.897705078125 ],
				[ 1098.0712890625, 653.00421142578125 ],
				[ 901.9718017578125, 940.1812744140625 ],
				[ 822.8297119140625, 842.84271240234375 ]
			]
		}
	]
}