{
	"camera_data":
	{
		"location_worldframe": [ 6806.755859375, 6.2821002006530762, 0 ],
		"quaternion_xyzw_worldframe": [ 0, 0, -0.24950000643730164, 0.96840000152587891 ]
	},
	"objects": [
		{
			"class": "ExoRomper_FullPayload",
			"instance_id": 0,
			"visibility": 0.97369998693466187,
			"location": [ 0, 0, 24.705099105834961 ],
			"quaternion_xyzw": [ 0, 0.70709997415542603, 0, 0.70709997415542603 ],
			"pose_transform": [
				[ 1, 0, 0, 0 ],
				[ 0, 0, -1, 0 ],
				[ 0, -1, 0, 0 ],
				[ 0, 0, 24.705099105834961, 1 ]
			],
			"cuboid_centroid": [ 0, 0, 24.705099105834961 ],
			"projected_cuboid_centroid": [ 981.51641845703125, 558.21307373046875 ],
			"bounding_box":
			{
				"top_left": [ -4023.363037109375, -4565.26171875 ],
				"bottom_right": [ 2572.55712890625, 2237.962890625 ]
			},
			"cuboid": [
				[ 19.291500091552734, -20.600000381469727, -4.8397998809814453 ],
				[ 19.291500091552734, -20.600000381469727, 54.25 ],
				[ 19.291500091552734, 20.600000381469727, 54.25 ],
				[ 19.291500091552734, 20.600000381469727, -4.8397998809814453 ],
				[ -19.291299819946289, -20.600000381469727, -4.8397998809814453 ],
				[ -19.291299819946289, -20.600000381469727, 54.250499725341797 ],
				[ -19.291299819946289, 20.600000381469727, 54.250499725341797 ],
				[ -19.291299819946289, 20.600000381469727, -4.8397998809814453 ]
			],
			"projected_cuboid": [
				[ -4955.73828125, 6919.59423828125 ],
				[ 1511.172119140625, -9.3092002868652344 ],
				[ 1511.172119140625, 1125.7357177734375 ],
				[ -4955.73828125, -5803.16796875 ],
				[ 6918.35302734375, 6919.59423828125 ],
				[ 451.83639526367188, -9.3042001724243164 ],
				[ 451.83639526367188, 1125.7303466796875 ],
				[ 6918.35302734375, -5803.16796875 ]
			]
		},
		{
			"class": "ExoRomper_Sat",
			"instance_id": 0,
			"visibility": 0.93620002269744873,
			"location": [ -5.0946998596191406, 2.988800048828125, 41.366199493408203 ],
			"quaternion_xyzw": [ -0.19429999589920044, 0.98059999942779541, -0.0052000000141561031, -0.026000000536441803 ],
			"pose_transform": [
				[ -0.017200000584125519, -0.0071000000461935997, -0.34950000047683716, 0 ],
				[ -0.32310000061988831, -0.13320000469684601, 0.018600000068545341, 0 ],
				[ 0.13339999318122864, -0.32359999418258667, 0, 0 ],
				[ -5.0946998596191406, 2.988800048828125, 41.366199493408203, 1 ]
			],
			"cuboid_centroid": [ -5.0946998596191406, 2.988800048828125, 41.366199493408203 ],
			"projected_cuboid_centroid": [ 798.0584716796875, 666.1986083984375 ],
			"bounding_box":
			{
				"top_left": [ 458.17608642578125, 622.7528076171875 ],
				"bottom_right": [ 867.32611083984375, 962.83148193359375 ]
			},
			"cuboid": [
				[ -6.0465998649597168, -2.6559000015258789, 37.076698303222656 ],
				[ -0.87650001049041748, -0.52369999885559082, 36.779300689697266 ],
				[ -4.5785999298095703, 8.453700065612793, 36.778800964355469 ],
				[ -9.7488002777099609, 6.3214998245239258, 37.076198577880859 ],
				[ -5.6107997894287109, -2.476099967956543, 45.953098297119141 ],
				[ -0.44040000438690186, -0.34389999508857727, 45.656299591064453 ],
				[ -4.1426000595092773, 8.6333999633789062, 45.656299591064453 ],
				[ -9.3127002716064453, 6.5012998580932617, 45.953601837158203 ]
			],
			"projected_cuboid": [
				[ 738.5880126953125, 451.15411376953125 ],
				[ 946.018798828125, 536.93157958984375 ],
				[ 796.0850830078125, 901.74261474609375 ],
				[ 589.8541259765625, 813.03802490234375 ],
				[ 799.63623046875, 477.68130493164062 ],
				[ 967.135498046875, 546.9542236328125 ],
				[ 846.355224609375, 840.83111572265625 ],
				[ 679.63922119140625, 769.65728759765625 ]
			]
		}
	]
}