{
	"camera_data":
	{
		"location_worldframe": [ 6806.251953125, 5.2670998573303223, 0 ],
		"quaternion_xyzw_worldframe": [ 0, 0, -0.20710000395774841, 0.97829997539520264 ]
	},
	"objects": [
		{
			"class": "ExoRomper_FullPayload",
			"instance_id": 0,
			"visibility": 0.98669999837875366,
			"location": [ 0, 0, 24.705099105834961 ],
			"quaternion_xyzw": [ 0, 0.70709997415542603, 0, 0.70709997415542603 ],
			"pose_transform": [
				[ 1, 0, 0, 0 ],
				[ 0, 0, -1, 0 ],
				[ 0, -1, 0, 0 ],
				[ 0, 0, 24.705099105834961, 1 ]
			],
			"cuboid_centroid": [ -0.00019999999494757503, 0, 24.704599380493164 ],
			"projected_cuboid_centroid": [ 981.45977783203125, 558.21307373046875 ],
			"bounding_box":
			{
				"top_left": [ -4023.36181640625, -4565.1376953125 ],
				"bottom_right": [ 2572.558349609375, 2237.978515625 ]
			},
			"cuboid": [
				[ 19.291299819946289, -20.600000381469727, -4.8397998809814453 ],
				[ 19.291299819946289, -20.600000381469727, 54.249500274658203 ],
				[ 19.291299819946289, 20.600000381469727, 54.249500274658203 ],
				[ 19.291299819946289, 20.600000381469727, -4.8397998809814453 ],
				[ -19.291500091552734, -20.600000381469727, -4.8403000831604004 ],
				[ -19.291500091552734, -20.600000381469727, 54.249500274658203 ],
				[ -19.291500091552734, 20.600000381469727, 54.249500274658203 ],
				[ -19.291500091552734, 20.600000381469727, -4.8403000831604004 ]
			],
			"projected_cuboid": [
				[ -4955.44775390625, 6919.59423828125 ],
				[ 1511.155029296875, -9.309300422668457 ],
				[ 1511.155029296875, 1125.7354736328125 ],
				[ -4955.44775390625, -5803.16796875 ],
				[ 6918.74072265625, 6919.59619140625 ],
				[ 451.81451416015625, -9.309300422668457 ],
				[ 451.81451416015625, 1125.7354736328125 ],
				[ 6918.74072265625, -5803.166015625 ]
			]
		},
		{
			"class": "ExoRomper_Sat",
			"instance_id": 0,
			"visibility": 0.91070002317428589,
			"location": [ -12.918899536132812, 4.7241997718811035, 41.365699768066406 ],
			"quaternion_xyzw": [ 0.010300000198185444, 0.023499999195337296, -0.40200001001358032, 0.91530001163482666 ],
			"pose_transform": [
				[ 0.012099999934434891, -0.013199999928474426, 0.34950000047683716, 0 ],
				[ 0.23649999499320984, -0.25740000605583191, -0.017899999395012856, 0 ],
				[ -0.25769999623298645, -0.23680000007152557, 0, 0 ],
				[ -12.918899536132812, 4.7241997718811035, 41.365699768066406, 1 ]
			],
			"cuboid_centroid": [ -12.918899536132812, 4.7241997718811035, 41.365699768066406 ],
			"projected_cuboid_centroid": [ 516.30157470703125, 728.90167236328125 ],
			"bounding_box":
			{
				"top_left": [ 541.46600341796875, 248.06849670410156 ],
				"bottom_right": [ 926.84881591796875, 709.01318359375 ]
			},
			"cuboid": [
				[ -14.448200225830078, -0.78780001401901245, 45.661598205566406 ],
				[ -18.232400894165039, 3.3311998844146729, 45.948200225830078 ],
				[ -11.081100463867188, 9.9008998870849609, 45.948200225830078 ],
				[ -7.2971000671386719, 5.7818999290466309, 45.661098480224609 ],
				[ -14.75629997253418, -0.45239999890327454, 36.782699584960938 ],
				[ -18.540300369262695, 3.6665999889373779, 37.069801330566406 ],
				[ -11.389399528503418, 10.236200332641602, 37.069801330566406 ],
				[ -7.6051998138427734, 6.1171998977661133, 36.782699584960938 ]
			],
			"projected_cuboid": [
				[ 510.17608642578125, 532.42791748046875 ],
				[ 390.44949340820312, 666.56878662109375 ],
				[ 622.26617431640625, 880.257080078125 ],
				[ 743.44207763671875, 747.46368408203125 ],
				[ 383.93890380859375, 539.82977294921875 ],
				[ 236.522705078125, 706.03851318359375 ],
				[ 523.8466796875, 970.9132080078125 ],
				[ 673.51141357421875, 806.76617431640625 ]
			]
		}
	]
}