{
	"camera_data":
	{
		"location_worldframe": [ 6806.22021484375, -5.1943001747131348, 0 ],
		"quaternion_xyzw_worldframe": [ 0, 0, 0.20409999787807465, 0.97899997234344482 ]
	},
	"objects": [
		{
			"class": "ExoRomper_FullPayload",
			"instance_id": 0,
			"visibility": 1,
			"location": [ 0.00019999999494757503, 0, 24.705099105834961 ],
			"quaternion_xyzw": [ 0, 0.70709997415542603, 0, 0.70709997415542603 ],
			"pose_transform": [
				[ 1, 0, 0, 0 ],
				[ 0, 0, -1, 0 ],
				[ 0, -1, 0, 0 ],
				[ 0.00019999999494757503, 0, 24.705099105834961, 1 ]
			],
			"cuboid_centroid": [ 0, 0, 24.705099105834961 ],
			"projected_cuboid_centroid": [ 981.4874267578125, 558.21337890625 ],
			"bounding_box":
			{
				"top_left": [ -4023.95361328125, -4565.91259765625 ],
				"bottom_right": [ 2572.81689453125, 2238.001708984375 ]
			},
			"cuboid": [
				[ 19.291299819946289, -20.600000381469727, -4.8397998809814453 ],
				[ 19.291500091552734, -20.600000381469727, 54.250499725341797 ],
				[ 19.291500091552734, 20.600000381469727, 54.250499725341797 ],
				[ 19.291299819946289, 20.600000381469727, -4.8397998809814453 ],
				[ -19.291500091552734, -20.600000381469727, -4.8393998146057129 ],
				[ -19.291000366210938, -20.600000381469727, 54.25 ],
				[ -19.291000366210938, 20.600000381469727, 54.25 ],
				[ -19.291500091552734, 20.600000381469727, -4.8393998146057129 ]
			],
			"projected_cuboid": [
				[ -4956.1416015625, 6920.236328125 ],
				[ 1511.1492919921875, -9.2990999221801758 ],
				[ 1511.1492919921875, 1125.725341796875 ],
				[ -4956.1416015625, -5803.81005859375 ],
				[ 6919.8466796875, 6920.88037109375 ],
				[ 451.83639526367188, -9.3041000366210938 ],
				[ 451.83639526367188, 1125.7305908203125 ],
				[ 6919.8466796875, -5804.4501953125 ]
			]
		},
		{
			"class": "ExoRomper_Sat",
			"instance_id": 0,
			"visibility": 0.86790001392364502,
			"location": [ -13.583700180053711, 5.5703001022338867, 41.365699768066406 ],
			"quaternion_xyzw": [ -0.091600000858306885, -0.17149999737739563, -0.46239998936653137, 0.86510002613067627 ],
			"pose_transform": [
				[ -0.074199996888637543, 0.11100000143051147, 0.32350000739097595, 0 ],
				[ 0.17980000376701355, -0.26899999380111694, 0.13349999487400055, 0 ],
				[ -0.29100000858306885, -0.19449999928474426, 0, 0 ],
				[ -13.583700180053711, 5.5703001022338867, 41.365699768066406, 1 ]
			],
			"cuboid_centroid": [ -13.583700180053711, 5.5703001022338867, 41.365699768066406 ],
			"projected_cuboid_centroid": [ 492.37429809570312, 759.4688720703125 ],
			"bounding_box":
			{
				"top_left": [ 539.48382568359375, 249.71200561523438 ],
				"bottom_right": [ 934.418212890625, 679.1781005859375 ]
			},
			"cuboid": [
				[ -17.124000549316406, 2.1296000480651855, 46.542999267578125 ],
				[ -20.001199722290039, 6.4341001510620117, 44.406700134277344 ],
				[ -11.927499771118164, 11.829999923706055, 44.406700134277344 ],
				[ -9.0504999160766602, 7.5255999565124512, 46.542499542236328 ],
				[ -15.240200042724609, -0.68940001726150513, 38.325199127197266 ],
				[ -18.116899490356445, 3.6150000095367432, 36.188999176025391 ],
				[ -10.043499946594238, 9.0109996795654297, 36.188999176025391 ],
				[ -7.1665000915527344, 4.7065000534057617, 38.324699401855469 ]
			],
			"projected_cuboid": [
				[ 433.47589111328125, 626.59869384765625 ],
				[ 310.62298583984375, 774.7589111328125 ],
				[ 581.4193115234375, 956.36407470703125 ],
				[ 691.840576171875, 799.87109375 ],
				[ 389.1859130859375, 531.3275146484375 ],
				[ 235.81950378417969, 707.51007080078125 ],
				[ 568.11700439453125, 930.351318359375 ],
				[ 702.9686279296875, 741.75238037109375 ]
			]
		}
	]
}