{
	"camera_data":
	{
		"location_worldframe": [ 6810.6416015625, -10.621600151062012, 0 ],
		"quaternion_xyzw_worldframe": [ 0, 0, 0.46009999513626099, 0.88789999485015869 ]
	},
	"objects": [
		{
			"class": "ExoRomper_FullPayload",
			"instance_id": 0,
			"visibility": 0.98669999837875366,
			"location": [ -0.00050000002374872565, 0, 24.705099105834961 ],
			"quaternion_xyzw": [ 0, 0.70709997415542603, 0, 0.70709997415542603 ],
			"pose_transform": [
				[ 1, 0, 0, 0 ],
				[ 0, 0, -1, 0 ],
				[ 0, -1, 0, 0 ],
				[ -0.00050000002374872565, 0, 24.705099105834961, 1 ]
			],
			"cuboid_centroid": [ -0.00050000002374872565, 0, 24.705099105834961 ],
			"projected_cuboid_centroid": [ 981.4783935546875, 558.21337890625 ],
			"bounding_box":
			{
				"top_left": [ -4023.5107421875, -4565.31640625 ],
				"bottom_right": [ 2572.622802734375, 2237.98095703125 ]
			},
			"cuboid": [
				[ 19.291000366210938, -20.600000381469727, -4.8397998809814453 ],
				[ 19.290500640869141, -20.600000381469727, 54.25 ],
				[ 19.290500640869141, 20.600000381469727, 54.25 ],
				[ 19.291000366210938, 20.600000381469727, -4.8397998809814453 ],
				[ -19.291500091552734, -20.600000381469727, -4.8400998115539551 ],
				[ -19.291999816894531, -20.600000381469727, 54.249801635742188 ],
				[ -19.291999816894531, 20.600000381469727, 54.249801635742188 ],
				[ -19.291500091552734, 20.600000381469727, -4.8400998115539551 ]
			],
			"projected_cuboid": [
				[ -4955.3505859375, 6919.59765625 ],
				[ 1511.1611328125, -9.3067998886108398 ],
				[ 1511.1611328125, 1125.733154296875 ],
				[ -4955.3505859375, -5803.1669921875 ],
				[ 6918.54736328125, 6919.59619140625 ],
				[ 451.81451416015625, -9.309300422668457 ],
				[ 451.81451416015625, 1125.7357177734375 ],
				[ 6918.54736328125, -5803.1689453125 ]
			]
		},
		{
			"class": "ExoRomper_Sat",
			"instance_id": 0,
			"visibility": 0.84060001373291016,
			"location": [ -14.674799919128418, 8.3420000076293945, 41.365001678466797 ],
			"quaternion_xyzw": [ 0.6315000057220459, 0.74190002679824829, 0.14599999785423279, -0.17149999737739563 ],
			"pose_transform": [
				[ -0.024499999359250069, 0.15170000493526459, -0.31450000405311584, 0 ],
				[ -0.050200000405311584, 0.31040000915527344, 0.15360000729560852, 0 ],
				[ -0.34549999237060547, -0.055900000035762787, 0, 0 ],
				[ -14.674799919128418, 8.3420000076293945, 41.365001678466797, 1 ]
			],
			"cuboid_centroid": [ -14.674799919128418, 8.3420000076293945, 41.365001678466797 ],
			"projected_cuboid_centroid": [ 453.07220458984375, 859.61962890625 ],
			"bounding_box":
			{
				"top_left": [ 665.70672607421875, 192.80659484863281 ],
				"bottom_right": [ 1067.73876953125, 647.69342041015625 ]
			},
			"cuboid": [
				[ -20.18120002746582, 11.976400375366211, 38.600101470947266 ],
				[ -19.377899169921875, 7.0086002349853516, 36.141799926757812 ],
				[ -9.7915000915527344, 8.5595998764038086, 36.1416015625 ],
				[ -10.595199584960938, 13.527400016784668, 38.600101470947266 ],
				[ -19.558099746704102, 8.1244001388549805, 46.588100433349609 ],
				[ -18.754400253295898, 3.1565999984741211, 44.129600524902344 ],
				[ -9.1684999465942383, 4.7076001167297363, 44.129600524902344 ],
				[ -9.9722003936767578, 9.6753997802734375, 46.588100433349609 ]
			],
			"projected_cuboid": [
				[ 202.73989868164062, 1021.9298095703125 ],
				[ 182.91090393066406, 848.03802490234375 ],
				[ 577.963623046875, 912.177001953125 ],
				[ 572.64111328125, 1081.9791259765625 ],
				[ 356.184814453125, 818.84722900390625 ],
				[ 348.48831176757812, 665.1207275390625 ],
				[ 672.057373046875, 717.6480712890625 ],
				[ 662.6820068359375, 868.601318359375 ]
			]
		}
	]
}