{
	"camera_data":
	{
		"location_worldframe": [ 6822.7021484375, -12.172200202941895, 0 ],
		"quaternion_xyzw_worldframe": [ 0, 0, 0.82190001010894775, 0.56959998607635498 ]
	},
	"objects": [
		{
			"class": "ExoRomper_FullPayload",
			"instance_id": 0,
			"visibility": 0.97369998693466187,
			"location": [ 0, 0, 24.705099105834961 ],
			"quaternion_xyzw": [ 0, 0.70709997415542603, 0, 0.70709997415542603 ],
			"pose_transform": [
				[ 1, 0, 0, 0 ],
				[ 0, 0, -1, 0 ],
				[ 0, -1, 0, 0 ],
				[ 0, 0, 24.705099105834961, 1 ]
			],
			"cuboid_centroid": [ 0, 0, 24.704799652099609 ],
			"projected_cuboid_centroid": [ 981.51641845703125, 558.21337890625 ],
			"bounding_box":
			{
				"top_left": [ -4023.805908203125, -4565.79638671875 ],
				"bottom_right": [ 2572.753173828125, 2237.98095703125 ]
			},
			"cuboid": [
				[ 19.291500091552734, -20.600000381469727, -4.8397998809814453 ],
				[ 19.291500091552734, -20.600000381469727, 54.249500274658203 ],
				[ 19.291500091552734, 20.600000381469727, 54.249500274658203 ],
				[ 19.291500091552734, 20.600000381469727, -4.8397998809814453 ],
				[ -19.291000366210938, -20.600000381469727, -4.8400998115539551 ],
				[ -19.291000366210938, -20.600000381469727, 54.249801635742188 ],
				[ -19.291000366210938, 20.600000381469727, 54.249801635742188 ],
				[ -19.291000366210938, 20.600000381469727, -4.8400998115539551 ]
			],
			"projected_cuboid": [
				[ -4955.84326171875, 6919.91650390625 ],
				[ 1511.16357421875, -9.3092002868652344 ],
				[ 1511.16357421875, 1125.7359619140625 ],
				[ -4955.84326171875, -5803.49072265625 ],
				[ 6918.35302734375, 6919.59521484375 ],
				[ 451.831787109375, -9.3092002868652344 ],
				[ 451.831787109375, 1125.7359619140625 ],
				[ 6918.35302734375, -5803.169921875 ]
			]
		},
		{
			"class": "ExoRomper_Sat",
			"instance_id": 0,
			"visibility": 0.87929999828338623,
			"location": [ -12.623499870300293, 4.4218997955322266, 41.365200042724609 ],
			"quaternion_xyzw": [ 0.36259999871253967, 0.89819997549057007, -0.093000002205371857, 0.23039999604225159 ],
			"pose_transform": [
				[ 0.12129999697208405, -0.11699999868869781, -0.30680000782012939, 0 ],
				[ -0.2207999974489212, 0.21299999952316284, -0.16850000619888306, 0 ],
				[ -0.24300000071525574, -0.25189998745918274, 0, 0 ],
				[ -12.623499870300293, 4.4218997955322266, 41.365200042724609, 1 ]
			],
			"cuboid_centroid": [ -12.623499870300293, 4.4218997955322266, 41.365200042724609 ],
			"projected_cuboid_centroid": [ 526.94219970703125, 717.97979736328125 ],
			"bounding_box":
			{
				"top_left": [ 482.20260620117188, 324.12399291992188 ],
				"bottom_right": [ 905.9962158203125, 716.17462158203125 ]
			},
			"cuboid": [
				[ -16.220699310302734, 1.1456999778747559, 36.121101379394531 ],
				[ -12.6875, -2.2623000144958496, 38.817100524902344 ],
				[ -5.9463000297546387, 4.7270998954772949, 38.817100524902344 ],
				[ -9.4794998168945312, 8.1351003646850586, 36.121101379394531 ],
				[ -19.301300048828125, 4.1167998313903809, 43.913299560546875 ],
				[ -15.768099784851074, 0.70880001783370972, 46.609401702880859 ],
				[ -9.0269002914428711, 7.6981000900268555, 46.609100341796875 ],
				[ -12.560099601745605, 11.106100082397461, 43.913101196289062 ]
			],
			"projected_cuboid": [
				[ 312.60308837890625, 605.61822509765625 ],
				[ 494.626708984375, 471.11041259765625 ],
				[ 753.31097412109375, 740.21771240234375 ],
				[ 590.59649658203125, 894.809814453125 ],
				[ 326.81741333007812, 698.32440185546875 ],
				[ 477.58880615234375, 580.94061279296875 ],
				[ 693.02862548828125, 805.0587158203125 ],
				[ 555.48388671875, 936.2020263671875 ]
			]
		}
	]
}