{
	"camera_data":
	{
		"location_worldframe": [ 6806.02587890625, -4.7242999076843262, 0 ],
		"quaternion_xyzw_worldframe": [ 0, 0, 0.18490000069141388, 0.98280000686645508 ]
	},
	"objects": [
		{
			"class": "ExoRomper_FullPayload",
			"instance_id": 0,
			"visibility": 0.97369998693466187,
			"location": [ 0, 0, 24.705099105834961 ],
			"quaternion_xyzw": [ 0, 0.70709997415542603, 0, 0.70709997415542603 ],
			"pose_transform": [
				[ 1, 0, 0, 0 ],
				[ 0, 0, -1, 0 ],
				[ 0, -1, 0, 0 ],
				[ 0, 0, 24.705099105834961, 1 ]
			],
			"cuboid_centroid": [ 0, 0, 24.705099105834961 ],
			"projected_cuboid_centroid": [ 981.4879150390625, 558.21307373046875 ],
			"bounding_box":
			{
				"top_left": [ -4023.36181640625, -4565.23095703125 ],
				"bottom_right": [ 2572.558349609375, 2237.970703125 ]
			},
			"cuboid": [
				[ 19.291000366210938, -20.600000381469727, -4.8397998809814453 ],
				[ 19.291299819946289, -20.600000381469727, 54.25 ],
				[ 19.291299819946289, 20.600000381469727, 54.25 ],
				[ 19.291000366210938, 20.600000381469727, -4.8397998809814453 ],
				[ -19.291500091552734, -20.600000381469727, -4.8393998146057129 ],
				[ -19.291500091552734, -20.600000381469727, 54.250499725341797 ],
				[ -19.291500091552734, 20.600000381469727, 54.250499725341797 ],
				[ -19.291500091552734, 20.600000381469727, -4.8393998146057129 ]
			],
			"projected_cuboid": [
				[ -4955.54443359375, 6919.59619140625 ],
				[ 1511.16357421875, -9.309300422668457 ],
				[ 1511.16357421875, 1125.7354736328125 ],
				[ -4955.54443359375, -5803.166015625 ],
				[ 6918.59521484375, 6919.59423828125 ],
				[ 451.8275146484375, -9.3092002868652344 ],
				[ 451.8275146484375, 1125.7357177734375 ],
				[ 6918.59521484375, -5803.16796875 ]
			]
		},
		{
			"class": "ExoRomper_Sat",
			"instance_id": 0,
			"visibility": 0.96079999208450317,
			"location": [ -9.7749004364013672, 2.7551000118255615, 41.365200042724609 ],
			"quaternion_xyzw": [ -0.10849999636411667, -0.73960000276565552, -0.096400000154972076, 0.65719997882843018 ],
			"pose_transform": [
				[ -0.33289998769760132, 0.099899999797344208, -0.041099999099969864, 0 ],
				[ -0.039400000125169754, 0.011800000444054604, 0.34760001301765442, 0 ],
				[ -0.1005999967455864, -0.33520001173019409, 0, 0 ],
				[ -9.7749004364013672, 2.7551000118255615, 41.365200042724609, 1 ]
			],
			"cuboid_centroid": [ -9.7749004364013672, 2.7551000118255615, 41.365200042724609 ],
			"projected_cuboid_centroid": [ 629.51019287109375, 657.75848388671875 ],
			"bounding_box":
			{
				"top_left": [ 438.88180541992188, 394.53860473632812 ],
				"bottom_right": [ 857.753173828125, 808.56292724609375 ]
			},
			"cuboid": [
				[ -15.713100433349609, -0.53280001878738403, 43.624000549316406 ],
				[ -15.083000183105469, -0.72180002927780151, 38.061500549316406 ],
				[ -12.292699813842773, 8.5795001983642578, 38.061500549316406 ],
				[ -12.923100471496582, 8.7685003280639648, 43.624000549316406 ],
				[ -7.2565999031066895, -3.0692999362945557, 44.668498992919922 ],
				[ -6.6266999244689941, -3.2583000659942627, 39.105998992919922 ],
				[ -3.8366999626159668, 6.0430002212524414, 39.105998992919922 ],
				[ -4.4668002128601074, 6.2319998741149902, 44.667999267578125 ]
			],
			"projected_cuboid": [
				[ 444.99209594726562, 539.958984375 ],
				[ 391.24771118164062, 529.869384765625 ],
				[ 500.43161010742188, 895.105712890625 ],
				[ 540.24847412109375, 858.62408447265625 ],
				[ 739.51617431640625, 455.51651000976562 ],
				[ 729.09490966796875, 433.68508911132812 ],
				[ 835.36871337890625, 789.16668701171875 ],
				[ 832.5491943359375, 766.73297119140625 ]
			]
		}
	]
}