{
	"camera_data":
	{
		"location_worldframe": [ 6805.69970703125, -3.7827000617980957, 0 ],
		"quaternion_xyzw_worldframe": [ 0, 0, 0.14710000157356262, 0.98909997940063477 ]
	},
	"objects": [
		{
			"class": "ExoRomper_FullPayload",
			"instance_id": 0,
			"visibility": 0.97369998693466187,
			"location": [ 0, 0, 24.705099105834961 ],
			"quaternion_xyzw": [ 0, 0.70709997415542603, 0, 0.70709997415542603 ],
			"pose_transform": [
				[ 1, 0, 0, 0 ],
				[ 0, 0, -1, 0 ],
				[ 0, -1, 0, 0 ],
				[ 0, 0, 24.705099105834961, 1 ]
			],
			"cuboid_centroid": [ 0, 0, 24.705099105834961 ],
			"projected_cuboid_centroid": [ 981.4874267578125, 558.21307373046875 ],
			"bounding_box":
			{
				"top_left": [ -4023.658447265625, -4565.58740234375 ],
				"bottom_right": [ 2572.687255859375, 2237.977294921875 ]
			},
			"cuboid": [
				[ 19.291400909423828, -20.600000381469727, -4.8397998809814453 ],
				[ 19.291299819946289, -20.600000381469727, 54.25 ],
				[ 19.291299819946289, 20.600000381469727, 54.25 ],
				[ 19.291400909423828, 20.600000381469727, -4.8397998809814453 ],
				[ -19.291400909423828, -20.600000381469727, -4.8397998809814453 ],
				[ -19.291400909423828, -20.600000381469727, 54.25 ],
				[ -19.291400909423828, 20.600000381469727, 54.25 ],
				[ -19.291400909423828, 20.600000381469727, -4.8397998809814453 ]
			],
			"projected_cuboid": [
				[ -4955.54443359375, 6919.59423828125 ],
				[ 1511.155029296875, -9.3090000152587891 ],
				[ 1511.155029296875, 1125.7357177734375 ],
				[ -4955.54443359375, -5803.16796875 ],
				[ 6918.54736328125, 6919.59423828125 ],
				[ 451.8275146484375, -9.3092002868652344 ],
				[ 451.8275146484375, 1125.7357177734375 ],
				[ 6918.54736328125, -5803.16796875 ]
			]
		},
		{
			"class": "ExoRomper_Sat",
			"instance_id": 0,
			"visibility": 0.92500001192092896,
			"location": [ -5.6243000030517578, 2.7950000762939453, 41.365699768066406 ],
			"quaternion_xyzw": [ -0.012199999764561653, 0.077600002288818359, 0.1542000025510788, 0.98489999771118164 ],
			"pose_transform": [
				[ 0.052200000733137131, 0.01679999940097332, 0.34569999575614929, 0 ],
				[ 0.32910001277923584, 0.10559999942779541, -0.054800000041723251, 0 ],
				[ 0.10700000077486038, -0.33329999446868896, 0, 0 ],
				[ -5.6243000030517578, 2.7950000762939453, 41.365699768066406, 1 ]
			],
			"cuboid_centroid": [ -5.6243000030517578, 2.7950000762939453, 41.365699768066406 ],
			"projected_cuboid_centroid": [ 778.96807861328125, 659.1995849609375 ],
			"bounding_box":
			{
				"top_left": [ 448.85919189453125, 597.595703125 ],
				"bottom_right": [ 859.35968017578125, 950.69122314453125 ]
			},
			"cuboid": [
				[ -0.84399998188018799, -0.76990002393722534, 45.317401885986328 ],
				[ -6.1107997894287109, -2.4605000019073486, 46.194301605224609 ],
				[ -9.078700065612793, 6.7856001853942871, 46.194301605224609 ],
				[ -3.8115999698638916, 8.4762001037597656, 45.317401885986328 ],
				[ -2.1698000431060791, -1.1955000162124634, 36.536598205566406 ],
				[ -7.4366002082824707, -2.8861000537872314, 37.413600921630859 ],
				[ -10.404500007629395, 6.3600001335144043, 37.414100646972656 ],
				[ -5.1375999450683594, 8.0506000518798828, 36.536598205566406 ]
			],
			"projected_cuboid": [
				[ 953.75238037109375, 532.82061767578125 ],
				[ 784.450927734375, 478.60598754882812 ],
				[ 688.75921630859375, 777.75152587890625 ],
				[ 856.20611572265625, 837.75750732421875 ],
				[ 893.03692626953125, 509.30960083007812 ],
				[ 685.42352294921875, 442.92190551757812 ],
				[ 567.2750244140625, 812.2750244140625 ],
				[ 772.04638671875, 887.5308837890625 ]
			]
		}
	]
}