{
	"camera_data":
	{
		"location_worldframe": [ 6811.95263671875, -11.434599876403809, 0 ],
		"quaternion_xyzw_worldframe": [ 0, 0, 0.51200002431869507, 0.85900002717971802 ]
	},
	"objects": [
		{
			"class": "ExoRomper_FullPayload",
			"instance_id": 0,
			"visibility": 0.97369998693466187,
			"location": [ 0, 0, 24.705299377441406 ],
			"quaternion_xyzw": [ 0, 0.70709997415542603, 0, 0.70709997415542603 ],
			"pose_transform": [
				[ 1, 0, 0, 0 ],
				[ 0, 0, -1, 0 ],
				[ 0, -1, 0, 0 ],
				[ 0, 0, 24.705299377441406, 1 ]
			],
			"cuboid_centroid": [ 0, 0, 24.705099105834961 ],
			"projected_cuboid_centroid": [ 981.51641845703125, 558.21307373046875 ],
			"bounding_box":
			{
				"top_left": [ -4023.509765625, -4565.5634765625 ],
				"bottom_right": [ 2572.623779296875, 2237.944580078125 ]
			},
			"cuboid": [
				[ 19.291500091552734, -20.600000381469727, -4.8397998809814453 ],
				[ 19.291999816894531, -20.600000381469727, 54.249801635742188 ],
				[ 19.291999816894531, 20.600000381469727, 54.249801635742188 ],
				[ 19.291500091552734, 20.600000381469727, -4.8397998809814453 ],
				[ -19.291000366210938, -20.600000381469727, -4.8397998809814453 ],
				[ -19.291000366210938, -20.600000381469727, 54.249801635742188 ],
				[ -19.291000366210938, 20.600000381469727, 54.249801635742188 ],
				[ -19.291000366210938, 20.600000381469727, -4.8397998809814453 ]
			],
			"projected_cuboid": [
				[ -4955.73828125, 6919.59619140625 ],
				[ 1511.183349609375, -9.3118000030517578 ],
				[ 1511.183349609375, 1125.73828125 ],
				[ -4955.73828125, -5803.1669921875 ],
				[ 6918.35302734375, 6919.59521484375 ],
				[ 451.831787109375, -9.3092002868652344 ],
				[ 451.831787109375, 1125.7357177734375 ],
				[ 6918.35302734375, -5803.16796875 ]
			]
		},
		{
			"class": "ExoRomper_Sat",
			"instance_id": 0,
			"visibility": 0.95999997854232788,
			"location": [ -2.1415998935699463, 5.2878999710083008, 41.364700317382812 ],
			"quaternion_xyzw": [ 0.31450000405311584, -0.625, 0.32109999656677246, 0.63819998502731323 ],
			"pose_transform": [
				[ -0.2085999995470047, -0.28099998831748962, 0.0073000001721084118, 0 ],
				[ 0.0043999999761581421, 0.0059000002220273018, 0.3499000072479248, 0 ],
				[ 0.28099998831748962, -0.2085999995470047, 0, 0 ],
				[ -2.1415998935699463, 5.2878999710083008, 41.364700317382812, 1 ]
			],
			"cuboid_centroid": [ -2.1415998935699463, 5.2878999710083008, 41.364700317382812 ],
			"projected_cuboid_centroid": [ 904.38201904296875, 749.27349853515625 ],
			"bounding_box":
			{
				"top_left": [ 520.03668212890625, 712.35357666015625 ],
				"bottom_right": [ 953.53411865234375, 1140.205810546875 ]
			},
			"cuboid": [
				[ -0.85689997673034668, -1.1274000406265259, 44.257301330566406 ],
				[ -0.92680001258850098, -1.2214000225067139, 38.657699584960938 ],
				[ -8.7241001129150391, 4.5664000511169434, 38.657699584960938 ],
				[ -8.6542997360229492, 4.6603999137878418, 44.257301330566406 ],
				[ 4.4404001235961914, 6.0093998908996582, 44.071498870849609 ],
				[ 4.3706002235412598, 5.9154000282287598, 38.471900939941406 ],
				[ -3.4272000789642334, 11.703300476074219, 38.472198486328125 ],
				[ -3.3573999404907227, 11.797200202941895, 44.071498870849609 ]
			],
			"projected_cuboid": [
				[ 952.64959716796875, 520.14068603515625 ],
				[ 945.7886962890625, 510.9921875 ],
				[ 645.3656005859375, 734.75787353515625 ],
				[ 690.23529052734375, 715.595703125 ],
				[ 1131.581787109375, 762.0062255859375 ],
				[ 1150.7315673828125, 788.01727294921875 ],
				[ 848.83197021484375, 1012.86181640625 ],
				[ 868.04058837890625, 958.28289794921875 ]
			]
		}
	]
}