{
	"camera_data":
	{
		"location_worldframe": [ 6805.384765625, 2.5260999202728271, 0 ],
		"quaternion_xyzw_worldframe": [ 0, 0, -0.097599998116493225, 0.99519997835159302 ]
	},
	"objects": [
		{
			"class": "ExoRomper_FullPayload",
			"instance_id": 0,
			"visibility": 0.98669999837875366,
			"location": [ -0.00019999999494757503, 0, 24.705099105834961 ],
			"quaternion_xyzw": [ 0, 0.70709997415542603, 0, 0.70709997415542603 ],
			"pose_transform": [
				[ 1, 0, 0, 0 ],
				[ 0, 0, -1, 0 ],
				[ 0, -1, 0, 0 ],
				[ -0.00019999999494757503, 0, 24.705099105834961, 1 ]
			],
			"cuboid_centroid": [ -0.00019999999494757503, 0, 24.705099105834961 ],
			"projected_cuboid_centroid": [ 981.49737548828125, 558.21337890625 ],
			"bounding_box":
			{
				"top_left": [ -4023.658447265625, -4565.58740234375 ],
				"bottom_right": [ 2572.688232421875, 2237.977294921875 ]
			},
			"cuboid": [
				[ 19.291299819946289, -20.600000381469727, -4.8393998146057129 ],
				[ 19.291099548339844, -20.600000381469727, 54.250499725341797 ],
				[ 19.291099548339844, 20.600000381469727, 54.250499725341797 ],
				[ 19.291299819946289, 20.600000381469727, -4.8393998146057129 ],
				[ -19.291500091552734, -20.600000381469727, -4.8397998809814453 ],
				[ -19.291500091552734, -20.600000381469727, 54.25 ],
				[ -19.291500091552734, 20.600000381469727, 54.25 ],
				[ -19.291500091552734, 20.600000381469727, -4.8397998809814453 ]
			],
			"projected_cuboid": [
				[ -4956.18994140625, 6920.23779296875 ],
				[ 1511.15869140625, -9.3042001724243164 ],
				[ 1511.15869140625, 1125.730712890625 ],
				[ -4956.18994140625, -5803.8115234375 ],
				[ 6918.54736328125, 6919.59619140625 ],
				[ 451.831787109375, -9.3092002868652344 ],
				[ 451.831787109375, 1125.7359619140625 ],
				[ 6918.54736328125, -5803.169921875 ]
			]
		},
		{
			"class": "ExoRomper_Sat",
			"instance_id": 0,
			"visibility": 0.79409998655319214,
			"location": [ -14.712400436401367, 8.6111001968383789, 41.366199493408203 ],
			"quaternion_xyzw": [ -0.22370000183582306, -0.25270000100135803, -0.62400001287460327, 0.70480000972747803 ],
			"pose_transform": [
				[ -0.027000000700354576, 0.2207999974489212, 0.2703000009059906, 0 ],
				[ 0.032800000160932541, -0.26829999685287476, 0.2223999947309494, 0 ],
				[ -0.3474000096321106, -0.042399998754262924, 0, 0 ],
				[ -14.712400436401367, 8.6111001968383789, 41.366199493408203, 1 ]
			],
			"cuboid_centroid": [ -14.712400436401367, 8.6111001968383789, 41.366199493408203 ],
			"projected_cuboid_centroid": [ 451.73870849609375, 869.3333740234375 ],
			"bounding_box":
			{
				"top_left": [ 673.836669921875, 192.52139282226562 ],
				"bottom_right": [ 1039.9942626953125, 648.14727783203125 ]
			},
			"cuboid": [
				[ -19.612300872802734, 8.6794004440307617, 46.577098846435547 ],
				[ -20.136699676513672, 12.972200393676758, 43.019001007080078 ],
				[ -10.497699737548828, 14.149900436401367, 43.019001007080078 ],
				[ -9.9730997085571289, 9.8570995330810547, 46.577598571777344 ],
				[ -18.927200317382812, 3.0722999572753906, 39.712898254394531 ],
				[ -19.451700210571289, 7.3650999069213867, 36.154300689697266 ],
				[ -9.8127002716064453, 8.5427999496459961, 36.153800964355469 ],
				[ -9.2882003784179688, 4.25, 39.712398529052734 ]
			],
			"projected_cuboid": [
				[ 354.32269287109375, 836.715087890625 ],
				[ 284.285400390625, 1008.8936767578125 ],
				[ 618.0294189453125, 1049.80810546875 ],
				[ 662.5712890625, 874.5001220703125 ],
				[ 271.60379028320312, 673.837890625 ],
				[ 180.13699340820312, 862.67242431640625 ],
				[ 577.23431396484375, 911.36492919921875 ],
				[ 633.12841796875, 718.1605224609375 ]
			]
		}
	]
}