{
	"camera_data":
	{
		"location_worldframe": [ 6805.5654296875, -3.3092999458312988, 0 ],
		"quaternion_xyzw_worldframe": [ 0, 0, 0.12829999625682831, 0.99169999361038208 ]
	},
	"objects": [
		{
			"class": "ExoRomper_FullPayload",
			"instance_id": 0,
			"visibility": 0.97369998693466187,
			"location": [ 0, 0, 24.705099105834961 ],
			"quaternion_xyzw": [ 0, 0.70709997415542603, 0, 0.70709997415542603 ],
			"pose_transform": [
				[ 1, 0, 0, 0 ],
				[ 0, 0, -1, 0 ],
				[ 0, -1, 0, 0 ],
				[ 0, 0, 24.705099105834961, 1 ]
			],
			"cuboid_centroid": [ 9.9999997473787516e-05, 0, 24.704599380493164 ],
			"projected_cuboid_centroid": [ 981.4976806640625, 558.21337890625 ],
			"bounding_box":
			{
				"top_left": [ -4023.657470703125, -4565.58740234375 ],
				"bottom_right": [ 2572.689453125, 2237.962890625 ]
			},
			"cuboid": [
				[ 19.291400909423828, -20.600000381469727, -4.8397998809814453 ],
				[ 19.291400909423828, -20.600000381469727, 54.25 ],
				[ 19.291400909423828, 20.600000381469727, 54.25 ],
				[ 19.291400909423828, 20.600000381469727, -4.8397998809814453 ],
				[ -19.291400909423828, -20.600000381469727, -4.8397998809814453 ],
				[ -19.291299819946289, -20.600000381469727, 54.249500274658203 ],
				[ -19.291299819946289, 20.600000381469727, 54.249500274658203 ],
				[ -19.291400909423828, 20.600000381469727, -4.8397998809814453 ]
			],
			"projected_cuboid": [
				[ -4955.54443359375, 6919.59765625 ],
				[ 1511.16845703125, -9.3143997192382812 ],
				[ 1511.16845703125, 1125.7408447265625 ],
				[ -4955.54443359375, -5803.16796875 ],
				[ 6917.8974609375, 6918.95458984375 ],
				[ 451.82290649414062, -9.3143997192382812 ],
				[ 451.82290649414062, 1125.7408447265625 ],
				[ 6917.8974609375, -5802.52880859375 ]
			]
		},
		{
			"class": "ExoRomper_Sat",
			"instance_id": 0,
			"visibility": 0.87720000743865967,
			"location": [ -0.8618999719619751, 8.2919998168945312, 41.366199493408203 ],
			"quaternion_xyzw": [ 0.24690000712871552, -0.2921999990940094, 0.59630000591278076, 0.70569998025894165 ],
			"pose_transform": [
				[ -0.041299998760223389, -0.24400000274181366, 0.24750000238418579, 0 ],
				[ 0.041299998760223389, 0.24410000443458557, 0.24740000069141388, 0 ],
				[ 0.34509998559951782, -0.058400001376867294, 0, 0 ],
				[ -0.8618999719619751, 8.2919998168945312, 41.366199493408203, 1 ]
			],
			"cuboid_centroid": [ -0.8618999719619751, 8.2919998168945312, 41.366199493408203 ],
			"projected_cuboid_centroid": [ 950.4586181640625, 857.80859375 ],
			"bounding_box":
			{
				"top_left": [ 644.65582275390625, 761.36602783203125 ],
				"bottom_right": [ 1070.086669921875, 1156.1068115234375 ]
			},
			"cuboid": [
				[ 3.7314000129699707, 6.3361001014709473, 46.489299774169922 ],
				[ 3.0703001022338867, 2.4305000305175781, 42.529800415039062 ],
				[ -6.5043001174926758, 4.051300048828125, 42.530300140380859 ],
				[ -5.8431000709533691, 7.9569001197814941, 46.489700317382812 ],
				[ 4.7803997993469238, 12.53279972076416, 40.201698303222656 ],
				[ 4.1192998886108398, 8.6272001266479492, 36.242698669433594 ],
				[ -5.4551000595092773, 10.247900009155273, 36.242198944091797 ],
				[ -4.7939000129699707, 14.153499603271484, 40.201698303222656 ]
			],
			"projected_cuboid": [
				[ 1101.05224609375, 761.91259765625 ],
				[ 1089.02685546875, 643.62652587890625 ],
				[ 753.70159912109375, 700.58209228515625 ],
				[ 794.286376953125, 814.01611328125 ],
				[ 1158.6099853515625, 1024.1407470703125 ],
				[ 1150.790771484375, 913.97857666015625 ],
				[ 757.29840087890625, 980.8272705078125 ],
				[ 803.87109375, 1084.4022216796875 ]
			]
		}
	]
}