{
	"camera_data":
	{
		"location_worldframe": [ 6815.8046875, -12.788999557495117, 0 ],
		"quaternion_xyzw_worldframe": [ 0, 0, 0.64050000905990601, 0.76789999008178711 ]
	},
	"objects": [
		{
			"class": "ExoRomper_FullPayload",
			"instance_id": 0,
			"visibility": 0.97369998693466187,
			"location": [ 0, 0, 24.704799652099609 ],
			"quaternion_xyzw": [ 0, 0.70709997415542603, 0, 0.70709997415542603 ],
			"pose_transform": [
				[ 1, 0, 0, 0 ],
				[ 0, 0, -1, 0 ],
				[ 0, -1, 0, 0 ],
				[ 0, 0, 24.704799652099609, 1 ]
			],
			"cuboid_centroid": [ 0, 0, 24.704700469970703 ],
			"projected_cuboid_centroid": [ 981.4783935546875, 558.21331787109375 ],
			"bounding_box":
			{
				"top_left": [ -4023.58447265625, -4565.529296875 ],
				"bottom_right": [ 2572.655517578125, 2237.978515625 ]
			},
			"cuboid": [
				[ 19.291500091552734, -20.600000381469727, -4.8400998115539551 ],
				[ 19.291999816894531, -20.600000381469727, 54.249801635742188 ],
				[ 19.291999816894531, 20.600000381469727, 54.249801635742188 ],
				[ 19.291500091552734, 20.600000381469727, -4.8400998115539551 ],
				[ -19.291000366210938, -20.600000381469727, -4.8400998115539551 ],
				[ -19.291000366210938, -20.600000381469727, 54.249599456787109 ],
				[ -19.291000366210938, 20.600000381469727, 54.249599456787109 ],
				[ -19.291000366210938, 20.600000381469727, -4.8400998115539551 ]
			],
			"projected_cuboid": [
				[ -4955.6943359375, 6919.7568359375 ],
				[ 1511.1451416015625, -9.3080997467041016 ],
				[ 1511.1451416015625, 1125.7344970703125 ],
				[ -4955.6943359375, -5803.3291015625 ],
				[ 6918.89111328125, 6919.7568359375 ],
				[ 451.831787109375, -9.309300422668457 ],
				[ 451.831787109375, 1125.7357177734375 ],
				[ 6918.89111328125, -5803.3291015625 ]
			]
		},
		{
			"class": "ExoRomper_Sat",
			"instance_id": 0,
			"visibility": 0.94440001249313354,
			"location": [ -5.3812999725341797, 2.8777999877929688, 41.365001678466797 ],
			"quaternion_xyzw": [ -0.1695999950170517, 0.96660000085830688, -0.03319999948143959, -0.1890999972820282 ],
			"pose_transform": [
				[ -0.12399999797344208, -0.044900000095367432, -0.32420000433921814, 0 ],
				[ -0.30480000376701355, -0.1103999987244606, 0.13189999759197235, 0 ],
				[ 0.11909999698400497, -0.32910001277923584, 0, 0 ],
				[ -5.3812999725341797, 2.8777999877929688, 41.365001678466797, 1 ]
			],
			"cuboid_centroid": [ -5.3812999725341797, 2.8777999877929688, 41.365001678466797 ],
			"projected_cuboid_centroid": [ 787.6864013671875, 662.190185546875 ],
			"bounding_box":
			{
				"top_left": [ 442.74481201171875, 584.9962158203125 ],
				"bottom_right": [ 857.773681640625, 987.50537109375 ]
			},
			"cuboid": [
				[ -7.7421998977661133, -3.140700101852417, 38.302898406982422 ],
				[ -2.8647000789642334, -1.3747999668121338, 36.192401885986328 ],
				[ -6.1698999404907227, 7.7561001777648926, 36.192501068115234 ],
				[ -11.04740047454834, 5.990300178527832, 38.302700042724609 ],
				[ -4.5928001403808594, -2.000499963760376, 46.537601470947266 ],
				[ 0.28560000658035278, -0.23469999432563782, 44.427200317382812 ],
				[ -3.0199999809265137, 8.8962001800537109, 44.427398681640625 ],
				[ -7.898399829864502, 7.1304001808166504, 46.537601470947266 ]
			],
			"projected_cuboid": [
				[ 680.38897705078125, 435.66641235351562 ],
				[ 863.589111328125, 501.43951416015625 ],
				[ 727.5474853515625, 878.49700927734375 ],
				[ 551.8656005859375, 791.9501953125 ],
				[ 834.47747802734375, 493.96661376953125 ],
				[ 991.04058837890625, 550.318115234375 ],
				[ 880.2144775390625, 857.486328125 ],
				[ 728.67681884765625, 787.20648193359375 ]
			]
		}
	]
}