{
	"camera_data":
	{
		"location_worldframe": [ 6817.97802734375, 12.99899959564209, 0 ],
		"quaternion_xyzw_worldframe": [ 0, 0, -0.70279997587203979, 0.71139997243881226 ]
	},
	"objects": [
		{
			"class": "ExoRomper_FullPayload",
			"instance_id": 0,
			"visibility": 1,
			"location": [ -0.00050000002374872565, 0, 24.705400466918945 ],
			"quaternion_xyzw": [ 0, 0.70709997415542603, 0, 0.70709997415542603 ],
			"pose_transform": [
				[ 1, 0, 0, 0 ],
				[ 0, 0, -1, 0 ],
				[ 0, -1, 0, 0 ],
				[ -0.00050000002374872565, 0, 24.705400466918945, 1 ]
			],
			"cuboid_centroid": [ -0.00050000002374872565, 0, 24.705299377441406 ],
			"projected_cuboid_centroid": [ 981.51617431640625, 558.21331787109375 ],
			"bounding_box":
			{
				"top_left": [ -4023.589111328125, -4565.53466796875 ],
				"bottom_right": [ 2572.65625, 2237.96240234375 ]
			},
			"cuboid": [
				[ 19.291000366210938, -20.600000381469727, -4.8397002220153809 ],
				[ 19.291500091552734, -20.600000381469727, 54.250198364257812 ],
				[ 19.291500091552734, 20.600000381469727, 54.250198364257812 ],
				[ 19.291000366210938, 20.600000381469727, -4.8397002220153809 ],
				[ -19.291999816894531, -20.600000381469727, -4.8397002220153809 ],
				[ -19.291500091552734, -20.600000381469727, 54.250198364257812 ],
				[ -19.291500091552734, 20.600000381469727, 54.250198364257812 ],
				[ -19.291999816894531, 20.600000381469727, -4.8397002220153809 ]
			],
			"projected_cuboid": [
				[ -4955.822265625, 6919.685546875 ],
				[ 1511.1630859375, -9.3087997436523438 ],
				[ 1511.1630859375, 1125.7352294921875 ],
				[ -4955.822265625, -5803.2587890625 ],
				[ 6918.6220703125, 6919.67529296875 ],
				[ 451.83209228515625, -9.3088998794555664 ],
				[ 451.83209228515625, 1125.7354736328125 ],
				[ 6918.6220703125, -5803.2490234375 ]
			]
		},
		{
			"class": "ExoRomper_Sat",
			"instance_id": 0,
			"visibility": 0.88679999113082886,
			"location": [ -13.565400123596191, 5.5433998107910156, 41.366001129150391 ],
			"quaternion_xyzw": [ -0.060199998319149017, -0.11330000311136246, -0.46540001034736633, 0.87580001354217529 ],
			"pose_transform": [
				[ -0.049800001084804535, 0.073799997568130493, 0.33849999308586121, 0 ],
				[ 0.18940000236034393, -0.28049999475479126, 0.089100003242492676, 0 ],
				[ -0.29010000824928284, -0.19580000638961792, 0, 0 ],
				[ -13.565400123596191, 5.5433998107910156, 41.366001129150391, 1 ]
			],
			"cuboid_centroid": [ -13.565400123596191, 5.5433998107910156, 41.366001129150391 ],
			"projected_cuboid_centroid": [ 493.03909301757812, 758.4989013671875 ],
			"bounding_box":
			{
				"top_left": [ 552.5928955078125, 238.37370300292969 ],
				"bottom_right": [ 928.4127197265625, 681.2537841796875 ]
			},
			"cuboid": [
				[ -16.706499099731445, 1.5194000005722046, 46.377300262451172 ],
				[ -19.737800598144531, 6.0083999633789062, 44.952098846435547 ],
				[ -11.689499855041504, 11.44219970703125, 44.952098846435547 ],
				[ -8.6591997146606445, 6.9531998634338379, 46.377300262451172 ],
				[ -15.441399574279785, -0.35539999604225159, 37.779899597167969 ],
				[ -18.471700668334961, 4.1336002349853516, 36.354801177978516 ],
				[ -10.423800468444824, 9.5673999786376953, 36.354698181152344 ],
				[ -7.3930997848510742, 5.0784001350402832, 37.779899597167969 ]
			],
			"projected_cuboid": [
				[ 444.9495849609375, 607.17828369140625 ],
				[ 327.49200439453125, 757.981201171875 ],
				[ 594.17218017578125, 938.64471435546875 ],
				[ 703.414794921875, 782.29010009765625 ],
				[ 372.73110961914062, 544.15362548828125 ],
				[ 224.71690368652344, 728.148681640625 ],
				[ 554.4376220703125, 951.53668212890625 ],
				[ 690.03887939453125, 759.11480712890625 ]
			]
		}
	]
}