{
	"camera_data":
	{
		"location_worldframe": [ 6807.73974609375, -7.8035998344421387, 0 ],
		"quaternion_xyzw_worldframe": [ 0, 0, 0.31639999151229858, 0.94859999418258667 ]
	},
	"objects": [
		{
			"class": "ExoRomper_FullPayload",
			"instance_id": 0,
			"visibility": 0.97369998693466187,
			"location": [ -0.00050000002374872565, 0, 24.705600738525391 ],
			"quaternion_xyzw": [ 0, 0.70709997415542603, 0, 0.70709997415542603 ],
			"pose_transform": [
				[ 1, 0, 0, 0 ],
				[ 0, 0, -1, 0 ],
				[ 0, -1, 0, 0 ],
				[ -0.00050000002374872565, 0, 24.705600738525391, 1 ]
			],
			"cuboid_centroid": [ -0.00050000002374872565, 0, 24.705600738525391 ],
			"projected_cuboid_centroid": [ 981.49737548828125, 558.21337890625 ],
			"bounding_box":
			{
				"top_left": [ -4023.657958984375, -4565.55615234375 ],
				"bottom_right": [ 2572.688232421875, 2237.98095703125 ]
			},
			"cuboid": [
				[ 19.291000366210938, -20.600000381469727, -4.8397998809814453 ],
				[ 19.291000366210938, -20.600000381469727, 54.25 ],
				[ 19.291000366210938, 20.600000381469727, 54.25 ],
				[ 19.291000366210938, 20.600000381469727, -4.8397998809814453 ],
				[ -19.291999816894531, -20.600000381469727, -4.8397998809814453 ],
				[ -19.291999816894531, -20.600000381469727, 54.25 ],
				[ -19.291999816894531, 20.600000381469727, 54.25 ],
				[ -19.291999816894531, 20.600000381469727, -4.8397998809814453 ]
			],
			"projected_cuboid": [
				[ -4955.54443359375, 6919.59619140625 ],
				[ 1511.16845703125, -9.3142995834350586 ],
				[ 1511.16845703125, 1125.740966796875 ],
				[ -4955.54443359375, -5803.1689453125 ],
				[ 6918.54736328125, 6919.59423828125 ],
				[ 451.82321166992188, -9.3092002868652344 ],
				[ 451.82321166992188, 1125.7359619140625 ],
				[ 6918.54736328125, -5803.17041015625 ]
			]
		},
		{
			"class": "ExoRomper_Sat",
			"instance_id": 0,
			"visibility": 0.90200001001358032,
			"location": [ -11.969200134277344, 3.8638999462127686, 41.364700317382812 ],
			"quaternion_xyzw": [ 0.031199999153614044, 0.093500003218650818, -0.31510001420974731, 0.94389998912811279 ],
			"pose_transform": [
				[ 0.054900001734495163, -0.041200000792741776, 0.34319999814033508, 0 ],
				[ 0.27439999580383301, -0.2062000036239624, -0.068599998950958252, 0 ],
				[ -0.21029999852180481, -0.27979999780654907, 0, 0 ],
				[ -11.969200134277344, 3.8638999462127686, 41.364700317382812, 1 ]
			],
			"cuboid_centroid": [ -11.969200134277344, 3.8638999462127686, 41.364700317382812 ],
			"projected_cuboid_centroid": [ 550.50921630859375, 697.82208251953125 ],
			"bounding_box":
			{
				"top_left": [ 494.74679565429688, 285.17959594726562 ],
				"bottom_right": [ 900.68621826171875, 742.7855224609375 ]
			},
			"cuboid": [
				[ -11.994099617004395, -2.1909999847412109, 45.174301147460938 ],
				[ -16.384799957275391, 1.1082999706268311, 46.272899627685547 ],
				[ -10.550800323486328, 8.8715000152587891, 46.272899627685547 ],
				[ -6.1602001190185547, 5.572199821472168, 45.174301147460938 ],
				[ -13.387200355529785, -1.1438000202178955, 36.457000732421875 ],
				[ -17.777799606323242, 2.1554999351501465, 37.555198669433594 ],
				[ -11.944299697875977, 9.9187002182006836, 37.555198669433594 ],
				[ -7.5542001724243164, 6.6194000244140625, 36.457500457763672 ]
			],
			"projected_cuboid": [
				[ 586.031982421875, 485.72650146484375 ],
				[ 454.09698486328125, 594.01141357421875 ],
				[ 641.8740234375, 844.75262451171875 ],
				[ 778.380615234375, 742.56640625 ],
				[ 434.52850341796875, 511.32470703125 ],
				[ 276.40579223632812, 643.9959716796875 ],
				[ 507.75949096679688, 952.94873046875 ],
				[ 672.86407470703125, 829.577880859375 ]
			]
		}
	]
}