{
	"camera_data":
	{
		"location_worldframe": [ 6817.40966796875, -12.979599952697754, 0 ],
		"quaternion_xyzw_worldframe": [ 0, 0, 0.68699997663497925, 0.72659999132156372 ]
	},
	"objects": [
		{
			"class": "ExoRomper_FullPayload",
			"instance_id": 0,
			"visibility": 0.97369998693466187,
			"location": [ -0.00050000002374872565, 0, 24.705799102783203 ],
			"quaternion_xyzw": [ 0, 0.70709997415542603, 0, 0.70709997415542603 ],
			"pose_transform": [
				[ 1, 0, 0, 0 ],
				[ 0, 0, -1, 0 ],
				[ 0, -1, 0, 0 ],
				[ -0.00050000002374872565, 0, 24.705799102783203, 1 ]
			],
			"cuboid_centroid": [ -0.0010000000474974513, 0, 24.705699920654297 ],
			"projected_cuboid_centroid": [ 981.478271484375, 558.21331787109375 ],
			"bounding_box":
			{
				"top_left": [ -4023.620849609375, -4565.44970703125 ],
				"bottom_right": [ 2572.671630859375, 2237.97900390625 ]
			},
			"cuboid": [
				[ 19.290500640869141, -20.600000381469727, -4.8392000198364258 ],
				[ 19.290500640869141, -20.600000381469727, 54.250499725341797 ],
				[ 19.290500640869141, 20.600000381469727, 54.250499725341797 ],
				[ 19.290500640869141, 20.600000381469727, -4.8392000198364258 ],
				[ -19.291999816894531, -20.600000381469727, -4.8392000198364258 ],
				[ -19.291500091552734, -20.600000381469727, 54.250499725341797 ],
				[ -19.291500091552734, 20.600000381469727, 54.250499725341797 ],
				[ -19.291999816894531, 20.600000381469727, -4.8392000198364258 ]
			],
			"projected_cuboid": [
				[ -4955.462890625, 6919.71630859375 ],
				[ 1511.1630859375, -9.3086996078491211 ],
				[ 1511.1630859375, 1125.735107421875 ],
				[ -4955.462890625, -5803.28955078125 ],
				[ 6918.89111328125, 6919.75634765625 ],
				[ 451.81509399414062, -9.3086996078491211 ],
				[ 451.81509399414062, 1125.735107421875 ],
				[ 6918.89111328125, -5803.32958984375 ]
			]
		},
		{
			"class": "ExoRomper_Sat",
			"instance_id": 0,
			"visibility": 0.76469999551773071,
			"location": [ -0.76899999380111694, 9.2178001403808594, 41.366001129150391 ],
			"quaternion_xyzw": [ -0.61779999732971191, 0.63959997892379761, 0.31769999861717224, 0.32890000939369202 ],
			"pose_transform": [
				[ 0.0098999999463558197, 0.28450000286102295, -0.20360000431537628, 0 ],
				[ -0.0070000002160668373, -0.20350000262260437, -0.28470000624656677, 0 ],
				[ 0.3497999906539917, -0.012099999934434891, 0, 0 ],
				[ -0.76899999380111694, 9.2178001403808594, 41.366001129150391, 1 ]
			],
			"cuboid_centroid": [ -0.76899999380111694, 9.2178001403808594, 41.366001129150391 ],
			"projected_cuboid_centroid": [ 953.81268310546875, 891.26068115234375 ],
			"bounding_box":
			{
				"top_left": [ 693.4874267578125, 765.12469482421875 ],
				"bottom_right": [ 1088.9114990234375, 1149.408935546875 ]
			},
			"cuboid": [
				[ 4.1518998146057129, 11.035300254821777, 36.502498626708984 ],
				[ 4.2651000022888184, 14.291199684143066, 41.058200836181641 ],
				[ -5.4398999214172363, 14.627300262451172, 41.058200836181641 ],
				[ -5.5527000427246094, 11.371299743652344, 36.502498626708984 ],
				[ 3.901900053024292, 3.8083999156951904, 41.673698425292969 ],
				[ 4.0142002105712891, 7.0643000602722168, 46.229400634765625 ],
				[ -5.6904001235961914, 7.4003000259399414, 46.229400634765625 ],
				[ -5.8031997680664062, 4.1444001197814941, 41.673801422119141 ]
			],
			"projected_cuboid": [
				[ 1150.9312744140625, 1010.0510864257812 ],
				[ 1136.230712890625, 1078.4366455078125 ],
				[ 784.13482666015625, 1090.669189453125 ],
				[ 754.9171142578125, 1023.8107299804688 ],
				[ 1120.962158203125, 694.79730224609375 ],
				[ 1110.8594970703125, 786.60009765625 ],
				[ 798.1693115234375, 797.464599609375 ],
				[ 774.08917236328125, 706.8494873046875 ]
			]
		}
	]
}