{
	"camera_data":
	{
		"location_worldframe": [ 6809.673828125, 9.8675003051757812, 0 ],
		"quaternion_xyzw_worldframe": [ 0, 0, -0.41769999265670776, 0.90859997272491455 ]
	},
	"objects": [
		{
			"class": "ExoRomper_FullPayload",
			"instance_id": 0,
			"visibility": 1,
			"location": [ 0, 0, 24.705099105834961 ],
			"quaternion_xyzw": [ 0, 0.70709997415542603, 0, 0.70709997415542603 ],
			"pose_transform": [
				[ 1, 0, 0, 0 ],
				[ 0, 0, -1, 0 ],
				[ 0, -1, 0, 0 ],
				[ 0, 0, 24.705099105834961, 1 ]
			],
			"cuboid_centroid": [ -0.00050000002374872565, 0, 24.705099105834961 ],
			"projected_cuboid_centroid": [ 981.49737548828125, 558.21307373046875 ],
			"bounding_box":
			{
				"top_left": [ -4023.363525390625, -4565.26171875 ],
				"bottom_right": [ 2572.55712890625, 2237.962890625 ]
			},
			"cuboid": [
				[ 19.291000366210938, -20.600000381469727, -4.8397998809814453 ],
				[ 19.291000366210938, -20.600000381469727, 54.25 ],
				[ 19.291000366210938, 20.600000381469727, 54.25 ],
				[ 19.291000366210938, 20.600000381469727, -4.8397998809814453 ],
				[ -19.291500091552734, -20.600000381469727, -4.8397998809814453 ],
				[ -19.291999816894531, -20.600000381469727, 54.25 ],
				[ -19.291999816894531, 20.600000381469727, 54.25 ],
				[ -19.291500091552734, 20.600000381469727, -4.8397998809814453 ]
			],
			"projected_cuboid": [
				[ -4955.6416015625, 6919.59423828125 ],
				[ 1511.16357421875, -9.309300422668457 ],
				[ 1511.16357421875, 1125.735595703125 ],
				[ -4955.6416015625, -5803.1689453125 ],
				[ 6918.4501953125, 6919.59423828125 ],
				[ 451.82720947265625, -9.3141002655029297 ],
				[ 451.82720947265625, 1125.740966796875 ],
				[ 6918.4501953125, -5803.1689453125 ]
			]
		},
		{
			"class": "ExoRomper_Sat",
			"instance_id": 0,
			"visibility": 0.78570002317428589,
			"location": [ -14.74269962310791, 8.9190998077392578, 41.365699768066406 ],
			"quaternion_xyzw": [ 0.30189999938011169, 0.32620000839233398, -0.60839998722076416, 0.65740001201629639 ],
			"pose_transform": [
				[ 0.021500000730156898, -0.27790001034736633, 0.21170000731945038, 0 ],
				[ 0.01640000008046627, -0.21109999716281891, -0.27869999408721924, 0 ],
				[ -0.34900000691413879, -0.027100000530481339, 0, 0 ],
				[ -14.74269962310791, 8.9190998077392578, 41.365699768066406, 1 ]
			],
			"cuboid_centroid": [ -14.74269962310791, 8.9190998077392578, 41.365699768066406 ],
			"projected_cuboid_centroid": [ 450.65618896484375, 880.46490478515625 ],
			"bounding_box":
			{
				"top_left": [ 676.43511962890625, 187.57870483398438 ],
				"bottom_right": [ 1082.6419677734375, 647.496826171875 ]
			},
			"cuboid": [
				[ -19.17970085144043, 3.3259000778198242, 41.824199676513672 ],
				[ -19.440900802612305, 6.7032999992370605, 46.284198760986328 ],
				[ -9.7593002319335938, 7.4538998603820801, 46.284198760986328 ],
				[ -9.4975996017456055, 4.0764999389648438, 41.824199676513672 ],
				[ -19.726100921630859, 10.384300231933594, 36.447299957275391 ],
				[ -19.988300323486328, 13.761699676513672, 40.907199859619141 ],
				[ -10.306599617004395, 14.512200355529785, 40.907199859619141 ],
				[ -10.044899940490723, 11.134900093078613, 36.447299957275391 ]
			],
			"projected_cuboid": [
				[ 298.46240234375, 677.064697265625 ],
				[ 355.85528564453125, 774.67047119140625 ],
				[ 667.4324951171875, 798.90802001953125 ],
				[ 643.2725830078125, 703.88531494140625 ],
				[ 175.34750366210938, 984.0333251953125 ],
				[ 253.6990966796875, 1061.002685546875 ],
				[ 606.230712890625, 1088.4259033203125 ],
				[ 571.00482177734375, 1014.8123168945312 ]
			]
		}
	]
}