{
	"camera_data":
	{
		"location_worldframe": [ 6808.03955078125, -8.1877002716064453, 0 ],
		"quaternion_xyzw_worldframe": [ 0, 0, 0.33410000801086426, 0.94249999523162842 ]
	},
	"objects": [
		{
			"class": "ExoRomper_FullPayload",
			"instance_id": 0,
			"visibility": 0.98669999837875366,
			"location": [ 0, 0, 24.705600738525391 ],
			"quaternion_xyzw": [ 0, 0.70709997415542603, 0, 0.70709997415542603 ],
			"pose_transform": [
				[ 1, 0, 0, 0 ],
				[ 0, 0, -1, 0 ],
				[ 0, -1, 0, 0 ],
				[ 0, 0, 24.705600738525391, 1 ]
			],
			"cuboid_centroid": [ 0, 0, 24.705099105834961 ],
			"projected_cuboid_centroid": [ 981.53570556640625, 558.21307373046875 ],
			"bounding_box":
			{
				"top_left": [ -4023.362548828125, -4565.32373046875 ],
				"bottom_right": [ 2572.558349609375, 2237.954833984375 ]
			},
			"cuboid": [
				[ 19.291500091552734, -20.600000381469727, -4.8397998809814453 ],
				[ 19.291500091552734, -20.600000381469727, 54.25 ],
				[ 19.291500091552734, 20.600000381469727, 54.25 ],
				[ 19.291500091552734, 20.600000381469727, -4.8397998809814453 ],
				[ -19.291000366210938, -20.600000381469727, -4.8397998809814453 ],
				[ -19.291000366210938, -20.600000381469727, 54.25 ],
				[ -19.291000366210938, 20.600000381469727, 54.25 ],
				[ -19.291000366210938, 20.600000381469727, -4.8397998809814453 ]
			],
			"projected_cuboid": [
				[ -4955.6416015625, 6919.59619140625 ],
				[ 1511.172119140625, -9.3094997406005859 ],
				[ 1511.172119140625, 1125.735595703125 ],
				[ -4955.6416015625, -5803.1689453125 ],
				[ 6918.4501953125, 6919.59619140625 ],
				[ 451.84051513671875, -9.309300422668457 ],
				[ 451.84051513671875, 1125.7357177734375 ],
				[ 6918.4501953125, -5803.1689453125 ]
			]
		},
		{
			"class": "ExoRomper_Sat",
			"instance_id": 0,
			"visibility": 0.94590002298355103,
			"location": [ -9.7299995422363281, 2.7420001029968262, 41.364700317382812 ],
			"quaternion_xyzw": [ 0.14190000295639038, 0.98940002918243408, -0.00419999985024333, 0.02930000051856041 ],
			"pose_transform": [
				[ 0.019899999722838402, -0.0057999999262392521, -0.34940001368522644, 0 ],
				[ -0.33529999852180481, 0.098200000822544098, -0.02070000022649765, 0 ],
				[ -0.09830000251531601, -0.33590000867843628, 0, 0 ],
				[ -9.7299995422363281, 2.7420001029968262, 41.364700317382812, 1 ]
			],
			"cuboid_centroid": [ -9.7299995422363281, 2.7418999671936035, 41.364700317382812 ],
			"projected_cuboid_centroid": [ 631.13067626953125, 657.2838134765625 ],
			"bounding_box":
			{
				"top_left": [ 451.4735107421875, 436.5701904296875 ],
				"bottom_right": [ 857.9268798828125, 777.192626953125 ]
			},
			"cuboid": [
				[ -13.523900032043457, -1.2064000368118286, 36.761699676513672 ],
				[ -8.1586999893188477, -2.7772998809814453, 37.093799591064453 ],
				[ -5.4302000999450684, 6.5423002243041992, 37.093799591064453 ],
				[ -10.795900344848633, 8.1131000518798828, 36.761699676513672 ],
				[ -14.029800415039062, -1.05840003490448, 45.635700225830078 ],
				[ -8.663599967956543, -2.6291999816894531, 45.967800140380859 ],
				[ -5.9355001449584961, 6.6902999877929688, 45.967800140380859 ],
				[ -11.301799774169922, 8.261199951171875, 45.636199951171875 ]
			],
			"projected_cuboid": [
				[ 433.53518676757812, 509.16488647460938 ],
				[ 653.89227294921875, 446.31060791015625 ],
				[ 763.4456787109375, 821.81280517578125 ],
				[ 544.06842041015625, 888.06207275390625 ],
				[ 523.58221435546875, 523.55059814453125 ],
				[ 700.75238037109375, 472.72738647460938 ],
				[ 789.16180419921875, 775.7410888671875 ],
				[ 612.6365966796875, 828.76629638671875 ]
			]
		}
	]
}