{
	"camera_data":
	{
		"location_worldframe": [ 6813.87744140625, -12.282299995422363, 0 ],
		"quaternion_xyzw_worldframe": [ 0, 0, 0.57980000972747803, 0.81480002403259277 ]
	},
	"objects": [
		{
			"class": "ExoRomper_FullPayload",
			"instance_id": 0,
			"visibility": 0.96100002527236938,
			"location": [ -0.00050000002374872565, 0, 24.705600738525391 ],
			"quaternion_xyzw": [ 0, 0.70709997415542603, 0, 0.70709997415542603 ],
			"pose_transform": [
				[ 1, 0, 0, 0 ],
				[ 0, 0, -1, 0 ],
				[ 0, -1, 0, 0 ],
				[ -0.00050000002374872565, 0, 24.705600738525391, 1 ]
			],
			"cuboid_centroid": [ -0.00050000002374872565, 0, 24.705299377441406 ],
			"projected_cuboid_centroid": [ 981.51641845703125, 558.21331787109375 ],
			"bounding_box":
			{
				"top_left": [ -4023.657958984375, -4565.6181640625 ],
				"bottom_right": [ 2572.688232421875, 2237.96533203125 ]
			},
			"cuboid": [
				[ 19.291000366210938, -20.600000381469727, -4.8393998146057129 ],
				[ 19.291500091552734, -20.600000381469727, 54.25 ],
				[ 19.291500091552734, 20.600000381469727, 54.25 ],
				[ 19.291000366210938, 20.600000381469727, -4.8393998146057129 ],
				[ -19.291000366210938, -20.600000381469727, -4.8396000862121582 ],
				[ -19.291000366210938, -20.600000381469727, 54.25 ],
				[ -19.291000366210938, 20.600000381469727, 54.25 ],
				[ -19.291000366210938, 20.600000381469727, -4.8396000862121582 ]
			],
			"projected_cuboid": [
				[ -4955.84326171875, 6919.91650390625 ],
				[ 1511.180908203125, -9.3092002868652344 ],
				[ 1511.180908203125, 1125.7357177734375 ],
				[ -4955.84326171875, -5803.490234375 ],
				[ 6918.84814453125, 6919.9169921875 ],
				[ 451.831787109375, -9.3092002868652344 ],
				[ 451.831787109375, 1125.7357177734375 ],
				[ 6918.84814453125, -5803.4892578125 ]
			]
		},
		{
			"class": "ExoRomper_Sat",
			"instance_id": 0,
			"visibility": 0.88139998912811279,
			"location": [ -0.8345000147819519, 8.4629001617431641, 41.365200042724609 ],
			"quaternion_xyzw": [ -0.59399998188018799, 0.68559998273849487, 0.27559998631477356, 0.31810000538825989 ],
			"pose_transform": [
				[ 0.038100000470876694, 0.26449999213218689, -0.22599999606609344, 0 ],
				[ -0.032200001180171967, -0.22370000183582306, -0.26730000972747803, 0 ],
				[ 0.34639999270439148, -0.049899999052286148, 0, 0 ],
				[ -0.8345000147819519, 8.4629001617431641, 41.365200042724609, 1 ]
			],
			"cuboid_centroid": [ -0.8345000147819519, 8.4629001617431641, 41.365200042724609 ],
			"projected_cuboid_centroid": [ 951.45562744140625, 863.9876708984375 ],
			"bounding_box":
			{
				"top_left": [ 651.70697021484375, 762.84088134765625 ],
				"bottom_right": [ 1072.017822265625, 1152.5418701171875 ]
			},
			"cuboid": [
				[ 4.1972999572753906, 9.341099739074707, 36.356899261474609 ],
				[ 4.712399959564209, 12.920499801635742, 40.633499145507812 ],
				[ -4.8994002342224121, 14.303899765014648, 40.633499145507812 ],
				[ -5.4145998954772949, 10.724599838256836, 36.356899261474609 ],
				[ 3.2300000190734863, 2.6217999458312988, 42.096900939941406 ],
				[ 3.7451000213623047, 6.201200008392334, 46.373798370361328 ],
				[ -5.8661999702453613, 7.5847001075744629, 46.373798370361328 ],
				[ -6.3818001747131348, 4.0053000450134277, 42.096900939941406 ]
			],
			"projected_cuboid": [
				[ 1153.447998046875, 942.2108154296875 ],
				[ 1154.244873046875, 1033.451171875 ],
				[ 801.91021728515625, 1084.3345947265625 ],
				[ 759.66717529296875, 999.0831298828125 ],
				[ 1095.7803955078125, 651.29669189453125 ],
				[ 1101.796875, 758.07159423828125 ],
				[ 793.07421875, 802.659423828125 ],
				[ 755.6947021484375, 700.41412353515625 ]
			]
		}
	]
}