{
	"camera_data":
	{
		"location_worldframe": [ 6805.6572265625, 3.6398999691009521, 0 ],
		"quaternion_xyzw_worldframe": [ 0, 0, -0.14139999449253082, 0.98989999294281006 ]
	},
	"objects": [
		{
			"class": "ExoRomper_FullPayload",
			"instance_id": 0,
			"visibility": 0.96100002527236938,
			"location": [ 9.9999997473787516e-05, 0, 24.705099105834961 ],
			"quaternion_xyzw": [ 0, 0.70709997415542603, 0, 0.70709997415542603 ],
			"pose_transform": [
				[ 1, 0, 0, 0 ],
				[ 0, 0, -1, 0 ],
				[ 0, -1, 0, 0 ],
				[ 9.9999997473787516e-05, 0, 24.705099105834961, 1 ]
			],
			"cuboid_centroid": [ 0.00019999999494757503, 0, 24.705099105834961 ],
			"projected_cuboid_centroid": [ 981.49737548828125, 558.21368408203125 ],
			"bounding_box":
			{
				"top_left": [ -4023.66015625, -4565.58740234375 ],
				"bottom_right": [ 2572.687255859375, 2237.983642578125 ]
			},
			"cuboid": [
				[ 19.291500091552734, -20.600000381469727, -4.8397998809814453 ],
				[ 19.291500091552734, -20.600000381469727, 54.25 ],
				[ 19.291500091552734, 20.600000381469727, 54.25 ],
				[ 19.291500091552734, 20.600000381469727, -4.8397998809814453 ],
				[ -19.291099548339844, -20.600000381469727, -4.8397998809814453 ],
				[ -19.291099548339844, -20.600000381469727, 54.25 ],
				[ -19.291099548339844, 20.600000381469727, 54.25 ],
				[ -19.291099548339844, 20.600000381469727, -4.8397998809814453 ]
			],
			"projected_cuboid": [
				[ -4955.5927734375, 6919.59228515625 ],
				[ 1511.16357421875, -9.3092002868652344 ],
				[ 1511.16357421875, 1125.7359619140625 ],
				[ -4955.5927734375, -5803.1728515625 ],
				[ 6918.54736328125, 6919.59423828125 ],
				[ 451.8275146484375, -9.3092002868652344 ],
				[ 451.8275146484375, 1125.7359619140625 ],
				[ 6918.54736328125, -5803.17138671875 ]
			]
		},
		{
			"class": "ExoRomper_Sat",
			"instance_id": 0,
			"visibility": 0.98250001668930054,
			"location": [ -6.6721000671386719, 2.5457000732421875, 41.366199493408203 ],
			"quaternion_xyzw": [ -0.074699997901916504, 0.95319998264312744, -0.022900000214576721, -0.2921999990940094 ],
			"pose_transform": [
				[ -0.19380000233650208, -0.03060000017285347, -0.28990000486373901, 0 ],
				[ -0.28630000352859497, -0.045200001448392868, 0.19619999825954437, 0 ],
				[ 0.054600000381469727, -0.34569999575614929, 0, 0 ],
				[ -6.6721000671386719, 2.5457000732421875, 41.366199493408203, 1 ]
			],
			"cuboid_centroid": [ -6.6721000671386719, 2.5457000732421875, 41.366199493408203 ],
			"projected_cuboid_centroid": [ 741.24127197265625, 650.18988037109375 ],
			"bounding_box":
			{
				"top_left": [ 446.6051025390625, 532.9351806640625 ],
				"bottom_right": [ 844.90277099609375, 941.1195068359375 ]
			},
			"cuboid": [
				[ -10.666999816894531, -3.0002000331878662, 39.255401611328125 ],
				[ -6.0852999687194824, -2.2771999835968018, 36.115200042724609 ],
				[ -7.5989999771118164, 7.3148999214172363, 36.115699768066406 ],
				[ -12.180700302124023, 6.5918998718261719, 39.254901885986328 ],
				[ -5.7452001571655273, -2.2235000133514404, 46.617198944091797 ],
				[ -1.163599967956543, -1.500499963760376, 43.478500366210938 ],
				[ -2.6772000789642334, 8.0916004180908203, 43.478000640869141 ],
				[ -7.2589001655578613, 7.3685998916625977, 46.617698669433594 ]
			],
			"projected_cuboid": [
				[ 576.74627685546875, 443.98699951171875 ],
				[ 730.50982666015625, 463.97799682617188 ],
				[ 668.0867919921875, 860.9232177734375 ],
				[ 519.30987548828125, 809.1846923828125 ],
				[ 797.9185791015625, 486.92718505859375 ],
				[ 941.6287841796875, 506.6348876953125 ],
				[ 889.7706298828125, 836.363525390625 ],
				[ 749.5546875, 794.4498291015625 ]
			]
		}
	]
}