{
	"camera_data":
	{
		"location_worldframe": [ 6826.59814453125, -9.8698997497558594, 0 ],
		"quaternion_xyzw_worldframe": [ 0, 0, 0.90850001573562622, 0.41780000925064087 ]
	},
	"objects": [
		{
			"class": "ExoRomper_FullPayload",
			"instance_id": 0,
			"visibility": 0.97369998693466187,
			"location": [ 0.00050000002374872565, 0, 24.705600738525391 ],
			"quaternion_xyzw": [ 0, 0.70709997415542603, 0, 0.70709997415542603 ],
			"pose_transform": [
				[ 1, 0, 0, 0 ],
				[ 0, 0, -1, 0 ],
				[ 0, -1, 0, 0 ],
				[ 0.00050000002374872565, 0, 24.705600738525391, 1 ]
			],
			"cuboid_centroid": [ 0, 0, 24.705099105834961 ],
			"projected_cuboid_centroid": [ 981.45941162109375, 558.21270751953125 ],
			"bounding_box":
			{
				"top_left": [ -4023.363037109375, -4565.19970703125 ],
				"bottom_right": [ 2572.55712890625, 2237.97314453125 ]
			},
			"cuboid": [
				[ 19.291500091552734, -20.600000381469727, -4.8397998809814453 ],
				[ 19.291500091552734, -20.600000381469727, 54.250499725341797 ],
				[ 19.291500091552734, 20.600000381469727, 54.250499725341797 ],
				[ 19.291500091552734, 20.600000381469727, -4.8397998809814453 ],
				[ -19.291000366210938, -20.600000381469727, -4.8393998146057129 ],
				[ -19.291000366210938, -20.600000381469727, 54.25 ],
				[ -19.291000366210938, 20.600000381469727, 54.25 ],
				[ -19.291000366210938, 20.600000381469727, -4.8393998146057129 ]
			],
			"projected_cuboid": [
				[ -4955.3505859375, 6919.59521484375 ],
				[ 1511.1463623046875, -9.3093996047973633 ],
				[ 1511.1463623046875, 1125.7354736328125 ],
				[ -4955.3505859375, -5803.16796875 ],
				[ 6918.74072265625, 6919.59521484375 ],
				[ 451.81451416015625, -9.3092002868652344 ],
				[ 451.81451416015625, 1125.7357177734375 ],
				[ 6918.74072265625, -5803.16796875 ]
			]
		},
		{
			"class": "ExoRomper_Sat",
			"instance_id": 0,
			"visibility": 0.83579999208450317,
			"location": [ -14.495599746704102, 7.5395002365112305, 41.365200042724609 ],
			"quaternion_xyzw": [ 0.52329999208450317, 0.69349998235702515, -0.29820001125335693, 0.39520001411437988 ],
			"pose_transform": [
				[ 0.082599997520446777, -0.28960001468658447, -0.17839999496936798, 0 ],
				[ -0.048999998718500137, 0.17159999907016754, -0.3010999858379364, 0 ],
				[ -0.33660000562667847, -0.096000000834465027, 0, 0 ],
				[ -14.495599746704102, 7.5395002365112305, 41.365200042724609, 1 ]
			],
			"cuboid_centroid": [ -14.495599746704102, 7.5395002365112305, 41.365200042724609 ],
			"projected_cuboid_centroid": [ 459.50048828125, 830.62152099609375 ],
			"bounding_box":
			{
				"top_left": [ 602.693115234375, 239.44389343261719 ],
				"bottom_right": [ 1038.941650390625, 658.3289794921875 ]
			},
			"cuboid": [
				[ -18.506799697875977, 3.9026000499725342, 36.690399169921875 ],
				[ -17.723600387573242, 1.1571999788284302, 41.508800506591797 ],
				[ -8.3857002258300781, 3.8215999603271484, 41.508800506591797 ],
				[ -9.1688995361328125, 6.5669999122619629, 36.690399169921875 ],
				[ -20.605499267578125, 11.25730037689209, 41.222198486328125 ],
				[ -19.822299957275391, 8.5118999481201172, 46.040000915527344 ],
				[ -10.48390007019043, 11.176400184631348, 46.041000366210938 ],
				[ -11.267600059509277, 13.921799659729004, 41.222198486328125 ]
			],
			"projected_cuboid": [
				[ 230.14649963378906, 717.18438720703125 ],
				[ 345.47311401367188, 599.87890625 ],
				[ 680.55670166015625, 695.8170166015625 ],
				[ 609.2401123046875, 825.71820068359375 ],
				[ 236.91270446777344, 966.36712646484375 ],
				[ 340.17950439453125, 834.5294189453125 ],
				[ 642.294189453125, 921.02008056640625 ],
				[ 574.3375244140625, 1062.9722900390625 ]
			]
		}
	]
}