{
	"camera_data":
	{
		"location_worldframe": [ 6828.42578125, -7.9467000961303711, 0 ],
		"quaternion_xyzw_worldframe": [ 0, 0, 0.946399986743927, 0.32289999723434448 ]
	},
	"objects": [
		{
			"class": "ExoRomper_FullPayload",
			"instance_id": 0,
			"visibility": 0.97369998693466187,
			"location": [ 0, 0, 24.704599380493164 ],
			"quaternion_xyzw": [ 0, 0.70709997415542603, 0, 0.70709997415542603 ],
			"pose_transform": [
				[ 1, 0, 0, 0 ],
				[ 0, 0, -1, 0 ],
				[ 0, -1, 0, 0 ],
				[ 0, 0, 24.704599380493164, 1 ]
			],
			"cuboid_centroid": [ 0, 0, 24.704599380493164 ],
			"projected_cuboid_centroid": [ 981.51641845703125, 558.21337890625 ],
			"bounding_box":
			{
				"top_left": [ -4023.657470703125, -4565.68017578125 ],
				"bottom_right": [ 2572.688232421875, 2237.96533203125 ]
			},
			"cuboid": [
				[ 19.291000366210938, -20.600000381469727, -4.8403000831604004 ],
				[ 19.291500091552734, -20.600000381469727, 54.249500274658203 ],
				[ 19.291500091552734, 20.600000381469727, 54.249500274658203 ],
				[ 19.291000366210938, 20.600000381469727, -4.8403000831604004 ],
				[ -19.291500091552734, -20.600000381469727, -4.8403000831604004 ],
				[ -19.291500091552734, -20.600000381469727, 54.249500274658203 ],
				[ -19.291500091552734, 20.600000381469727, 54.249500274658203 ],
				[ -19.291500091552734, 20.600000381469727, -4.8403000831604004 ]
			],
			"projected_cuboid": [
				[ -4955.6416015625, 6919.5966796875 ],
				[ 1511.172119140625, -9.3092002868652344 ],
				[ 1511.172119140625, 1125.7357177734375 ],
				[ -4955.6416015625, -5803.166015625 ],
				[ 6918.4501953125, 6919.5966796875 ],
				[ 451.831787109375, -9.3093996047973633 ],
				[ 451.831787109375, 1125.7354736328125 ],
				[ 6918.4501953125, -5803.166015625 ]
			]
		},
		{
			"class": "ExoRomper_Sat",
			"instance_id": 0,
			"visibility": 0.88370001316070557,
			"location": [ -3.274399995803833, 4.0890998840332031, 41.365200042724609 ],
			"quaternion_xyzw": [ 0.14280000329017639, -0.3935999870300293, 0.30979999899864197, 0.85369998216629028 ],
			"pose_transform": [
				[ -0.20419999957084656, -0.17069999873638153, 0.2273000031709671, 0 ],
				[ 0.17440000176429749, 0.14579999446868896, 0.26620000600814819, 0 ],
				[ 0.22450000047683716, -0.26850000023841858, 0, 0 ],
				[ -3.274399995803833, 4.0890998840332031, 41.365200042724609, 1 ]
			],
			"cuboid_centroid": [ -3.274399995803833, 4.0890998840332031, 41.365200042724609 ],
			"projected_cuboid_centroid": [ 863.58868408203125, 705.953125 ],
			"bounding_box":
			{
				"top_left": [ 463.82229614257812, 661.8519287109375 ],
				"bottom_right": [ 903.469970703125, 1112.868408203125 ]
			},
			"cuboid": [
				[ -1.3594000339508057, -0.63779997825622559, 46.381301879882812 ],
				[ -4.149899959564209, -2.9704000949859619, 42.122600555419922 ],
				[ -10.377400398254395, 4.4805002212524414, 42.122600555419922 ],
				[ -7.586400032043457, 6.8130002021789551, 46.381301879882812 ],
				[ 3.8280999660491943, 3.6975998878479004, 40.607898712158203 ],
				[ 1.037600040435791, 1.3651000261306763, 36.349098205566406 ],
				[ -5.1904001235961914, 8.8159999847412109, 36.349098205566406 ],
				[ -2.399899959564209, 11.148500442504883, 40.607898712158203 ]
			],
			"projected_cuboid": [
				[ 937.85711669921875, 537.65960693359375 ],
				[ 834.7515869140625, 452.8197021484375 ],
				[ 614.5460205078125, 717.18658447265625 ],
				[ 737.86297607421875, 777.74981689453125 ],
				[ 1121.904541015625, 694.30242919921875 ],
				[ 1024.0137939453125, 614.3411865234375 ],
				[ 768.80987548828125, 920.69390869140625 ],
				[ 893.48822021484375, 968.52691650390625 ]
			]
		}
	]
}