{
	"camera_data":
	{
		"location_worldframe": [ 6808.35595703125, -8.5634002685546875, 0 ],
		"quaternion_xyzw_worldframe": [ 0, 0, 0.35190001130104065, 0.93610000610351562 ]
	},
	"objects": [
		{
			"class": "ExoRomper_FullPayload",
			"instance_id": 0,
			"visibility": 0.97369998693466187,
			"location": [ 0.00050000002374872565, 0, 24.705099105834961 ],
			"quaternion_xyzw": [ 0, 0.70709997415542603, 0, 0.70709997415542603 ],
			"pose_transform": [
				[ 1, 0, 0, 0 ],
				[ 0, 0, -1, 0 ],
				[ 0, -1, 0, 0 ],
				[ 0.00050000002374872565, 0, 24.705099105834961, 1 ]
			],
			"cuboid_centroid": [ 0.0010000000474974513, 0, 24.704599380493164 ],
			"projected_cuboid_centroid": [ 981.49822998046875, 558.2135009765625 ],
			"bounding_box":
			{
				"top_left": [ -4023.362548828125, -4565.19970703125 ],
				"bottom_right": [ 2572.558349609375, 2237.96044921875 ]
			},
			"cuboid": [
				[ 19.291999816894531, -20.600000381469727, -4.8397998809814453 ],
				[ 19.292499542236328, -20.600000381469727, 54.249500274658203 ],
				[ 19.292499542236328, 20.600000381469727, 54.249500274658203 ],
				[ 19.291999816894531, 20.600000381469727, -4.8397998809814453 ],
				[ -19.290000915527344, -20.600000381469727, -4.8403000831604004 ],
				[ -19.290500640869141, -20.600000381469727, 54.249500274658203 ],
				[ -19.290500640869141, 20.600000381469727, 54.249500274658203 ],
				[ -19.290000915527344, 20.600000381469727, -4.8403000831604004 ]
			],
			"projected_cuboid": [
				[ -4954.9482421875, 6918.95458984375 ],
				[ 1511.173583984375, -9.3192996978759766 ],
				[ 1511.173583984375, 1125.7462158203125 ],
				[ -4954.9482421875, -5802.52734375 ],
				[ 6917.849609375, 6918.95458984375 ],
				[ 451.818603515625, -9.3143997192382812 ],
				[ 451.818603515625, 1125.7408447265625 ],
				[ 6917.849609375, -5802.52734375 ]
			]
		},
		{
			"class": "ExoRomper_Sat",
			"instance_id": 0,
			"visibility": 0.94230002164840698,
			"location": [ -1.7562999725341797, 5.8653998374938965, 41.364700317382812 ],
			"quaternion_xyzw": [ -0.46819999814033508, 0.82590001821517944, 0.15489999949932098, 0.27329999208450317 ],
			"pose_transform": [
				[ 0.10719999670982361, 0.17910000681877136, -0.28090000152587891, 0 ],
				[ -0.14429999887943268, -0.24099999666213989, -0.20880000293254852, 0 ],
				[ 0.3003000020980835, -0.17970000207424164, 0, 0 ],
				[ -1.7562999725341797, 5.8653998374938965, 41.364700317382812, 1 ]
			],
			"cuboid_centroid": [ -1.7562999725341797, 5.8653998374938965, 41.364700317382812 ],
			"projected_cuboid_centroid": [ 918.218505859375, 770.14031982421875 ],
			"bounding_box":
			{
				"top_left": [ 535.93231201171875, 722.27972412109375 ],
				"bottom_right": [ 983.64117431640625, 1156.1842041015625 ]
			},
			"cuboid": [
				[ 2.6171998977661133, 3.7186999320983887, 36.126998901367188 ],
				[ 4.925300121307373, 7.5756998062133789, 39.467800140380859 ],
				[ -3.4061999320983887, 12.562600135803223, 39.467800140380859 ],
				[ -5.7153000831604004, 8.7054996490478516, 36.126998901367188 ],
				[ -0.10599999874830246, -0.83170002698898315, 43.261699676513672 ],
				[ 2.2021000385284424, 3.025399923324585, 46.602500915527344 ],
				[ -6.1298999786376953, 8.0122003555297852, 46.603000640869141 ],
				[ -8.4385004043579102, 4.1550998687744141, 43.261699676513672 ]
			],
			"projected_cuboid": [
				[ 1089.36328125, 712.05609130859375 ],
				[ 1167.3592529296875, 845.0958251953125 ],
				[ 852.90582275390625, 1033.9415283203125 ],
				[ 745.83038330078125, 918.36541748046875 ],
				[ 977.81329345703125, 529.47930908203125 ],
				[ 1051.864990234375, 655.23907470703125 ],
				[ 785.535888671875, 815.169677734375 ],
				[ 690.9290771484375, 701.761474609375 ]
			]
		}
	]
}