{
	"camera_data":
	{
		"location_worldframe": [ 6823.896484375, -11.654800415039062, 0 ],
		"quaternion_xyzw_worldframe": [ 0, 0, 0.84939998388290405, 0.52770000696182251 ]
	},
	"objects": [
		{
			"class": "ExoRomper_FullPayload",
			"instance_id": 0,
			"visibility": 0.98669999837875366,
			"location": [ 0.0010000000474974513, 0, 24.705600738525391 ],
			"quaternion_xyzw": [ 0, 0.70709997415542603, 0, 0.70709997415542603 ],
			"pose_transform": [
				[ 1, 0, 0, 0 ],
				[ 0, 0, -1, 0 ],
				[ 0, -1, 0, 0 ],
				[ 0.0010000000474974513, 0, 24.705600738525391, 1 ]
			],
			"cuboid_centroid": [ 0.0010000000474974513, 0, 24.705299377441406 ],
			"projected_cuboid_centroid": [ 981.51641845703125, 558.21337890625 ],
			"bounding_box":
			{
				"top_left": [ -4023.657958984375, -4565.49462890625 ],
				"bottom_right": [ 2572.688232421875, 2237.975830078125 ]
			},
			"cuboid": [
				[ 19.291500091552734, -20.600000381469727, -4.8396000862121582 ],
				[ 19.291999816894531, -20.600000381469727, 54.250499725341797 ],
				[ 19.291999816894531, 20.600000381469727, 54.250499725341797 ],
				[ 19.291500091552734, 20.600000381469727, -4.8396000862121582 ],
				[ -19.291000366210938, -20.600000381469727, -4.8396000862121582 ],
				[ -19.290500640869141, -20.600000381469727, 54.250198364257812 ],
				[ -19.290500640869141, 20.600000381469727, 54.250198364257812 ],
				[ -19.291000366210938, 20.600000381469727, -4.8396000862121582 ]
			],
			"projected_cuboid": [
				[ -4955.54443359375, 6919.59521484375 ],
				[ 1511.1611328125, -9.3066997528076172 ],
				[ 1511.1611328125, 1125.733154296875 ],
				[ -4955.54443359375, -5803.1689453125 ],
				[ 6918.54736328125, 6919.59521484375 ],
				[ 451.84909057617188, -9.3092002868652344 ],
				[ 451.84909057617188, 1125.7357177734375 ],
				[ 6918.54736328125, -5803.1689453125 ]
			]
		},
		{
			"class": "ExoRomper_Sat",
			"instance_id": 0,
			"visibility": 0.89660000801086426,
			"location": [ -13.570799827575684, 5.5521001815795898, 41.366001129150391 ],
			"quaternion_xyzw": [ 0.3107999861240387, 0.58380001783370972, -0.35249999165534973, 0.66210001707077026 ],
			"pose_transform": [
				[ 0.19390000402927399, -0.28810000419616699, 0.043800000101327896, 0 ],
				[ 0.024499999359250069, -0.036299999803304672, -0.34720000624656677, 0 ],
				[ -0.29039999842643738, -0.19539999961853027, 0, 0 ],
				[ -13.570799827575684, 5.5521001815795898, 41.366001129150391, 1 ]
			],
			"cuboid_centroid": [ -13.570799827575684, 5.5521001815795898, 41.366001129150391 ],
			"projected_cuboid_centroid": [ 492.81060791015625, 758.8154296875 ],
			"bounding_box":
			{
				"top_left": [ 523.89990234375, 216.28489685058594 ],
				"bottom_right": [ 959.2269287109375, 684.4166259765625 ]
			},
			"cuboid": [
				[ -14.940899848937988, -1.1081999540328979, 39.144001007080078 ],
				[ -15.331999778747559, -0.52649998664855957, 44.700698852539062 ],
				[ -7.2758998870849609, 4.894899845123291, 44.700698852539062 ],
				[ -6.8847999572753906, 4.3133001327514648, 39.144001007080078 ],
				[ -19.865200042724609, 6.2094001770019531, 38.031299591064453 ],
				[ -20.256799697875977, 6.7909998893737793, 43.587898254394531 ],
				[ -12.200200080871582, 12.212400436401367, 43.587898254394531 ],
				[ -11.809100151062012, 11.630800247192383, 38.031299591064453 ]
			],
			"projected_cuboid": [
				[ 412.93060302734375, 515.902099609375 ],
				[ 470.57528686523438, 540.60858154296875 ],
				[ 739.03021240234375, 721.8748779296875 ],
				[ 719.49261474609375, 722.9010009765625 ],
				[ 203.43809509277344, 802.23291015625 ],
				[ 289.26089477539062, 791.06817626953125 ],
				[ 564.56829833984375, 976.96307373046875 ],
				[ 518.9700927734375, 1015.28857421875 ]
			]
		}
	]
}