{
	"camera_data":
	{
		"location_worldframe": [ 6827.5595703125, -8.9566001892089844, 0 ],
		"quaternion_xyzw_worldframe": [ 0, 0, 0.92869997024536133, 0.37090000510215759 ]
	},
	"objects": [
		{
			"class": "ExoRomper_FullPayload",
			"instance_id": 0,
			"visibility": 1,
			"location": [ 0, 0, 24.705099105834961 ],
			"quaternion_xyzw": [ 0, 0.70709997415542603, 0, 0.70709997415542603 ],
			"pose_transform": [
				[ 1, 0, 0, 0 ],
				[ 0, 0, -1, 0 ],
				[ 0, -1, 0, 0 ],
				[ 0, 0, 24.705099105834961, 1 ]
			],
			"cuboid_centroid": [ 0, 0, 24.705099105834961 ],
			"projected_cuboid_centroid": [ 981.4783935546875, 558.21307373046875 ],
			"bounding_box":
			{
				"top_left": [ -4023.656494140625, -4565.55615234375 ],
				"bottom_right": [ 2572.689453125, 2237.98876953125 ]
			},
			"cuboid": [
				[ 19.291000366210938, -20.600000381469727, -4.8403000831604004 ],
				[ 19.291500091552734, -20.600000381469727, 54.249500274658203 ],
				[ 19.291500091552734, 20.600000381469727, 54.249500274658203 ],
				[ 19.291000366210938, 20.600000381469727, -4.8403000831604004 ],
				[ -19.291000366210938, -20.600000381469727, -4.8403000831604004 ],
				[ -19.291500091552734, -20.600000381469727, 54.25 ],
				[ -19.291500091552734, 20.600000381469727, 54.25 ],
				[ -19.291000366210938, 20.600000381469727, -4.8403000831604004 ]
			],
			"projected_cuboid": [
				[ -4955.44775390625, 6919.5966796875 ],
				[ 1511.155029296875, -9.3093996047973633 ],
				[ 1511.155029296875, 1125.7354736328125 ],
				[ -4955.44775390625, -5803.166015625 ],
				[ 6918.6435546875, 6919.59521484375 ],
				[ 451.82321166992188, -9.3092002868652344 ],
				[ 451.82321166992188, 1125.7357177734375 ],
				[ 6918.6435546875, -5803.16796875 ]
			]
		},
		{
			"class": "ExoRomper_Sat",
			"instance_id": 0,
			"visibility": 0.81540000438690186,
			"location": [ -14.75100040435791, 9.0249004364013672, 41.365200042724609 ],
			"quaternion_xyzw": [ -0.42539998888969421, -0.45269998908042908, -0.53659999370574951, 0.57109999656677246 ],
			"pose_transform": [
				[ -0.021199999377131462, 0.3400999903678894, 0.079899996519088745, 0 ],
				[ 0.004999999888241291, -0.079700000584125519, 0.34079998731613159, 0 ],
				[ -0.34929999709129333, -0.021800000220537186, 0, 0 ],
				[ -14.75100040435791, 9.0249004364013672, 41.365200042724609, 1 ]
			],
			"cuboid_centroid": [ -14.75100040435791, 9.0249004364013672, 41.365200042724609 ],
			"projected_cuboid_centroid": [ 450.3328857421875, 884.29248046875 ],
			"bounding_box":
			{
				"top_left": [ 688.22198486328125, 223.3612060546875 ],
				"bottom_right": [ 1092.1279296875, 642.13568115234375 ]
			},
			"cuboid": [
				[ -19.826200485229492, 12.404199600219727, 45.106399536132812 ],
				[ -19.905799865722656, 13.68019962310791, 39.653301239013672 ],
				[ -10.213899612426758, 14.284099578857422, 39.653301239013672 ],
				[ -10.134300231933594, 13.008199691772461, 45.106399536132812 ],
				[ -19.28809928894043, 3.765700101852417, 43.076698303222656 ],
				[ -19.367700576782227, 5.0416998863220215, 37.624000549316406 ],
				[ -9.6752996444702148, 5.6455998420715332, 37.624000549316406 ],
				[ -9.5957002639770508, 4.3695998191833496, 43.077098846435547 ]
			],
			"projected_cuboid": [
				[ 326.77911376953125, 969.2177734375 ],
				[ 233.76429748535156, 1073.831787109375 ],
				[ 597.822021484375, 1096.5943603515625 ],
				[ 646.83447265625, 989.2288818359375 ],
				[ 314.55551147460938, 688.86407470703125 ],
				[ 214.73980712890625, 758.48699951171875 ],
				[ 598.45037841796875, 782.474609375 ],
				[ 649.67742919921875, 709.81787109375 ]
			]
		}
	]
}