{
	"camera_data":
	{
		"location_worldframe": [ 6814.84130859375, -12.575300216674805, 0 ],
		"quaternion_xyzw_worldframe": [ 0, 0, 0.61089998483657837, 0.79170000553131104 ]
	},
	"objects": [
		{
			"class": "ExoRomper_FullPayload",
			"instance_id": 0,
			"visibility": 0.97369998693466187,
			"location": [ -0.00050000002374872565, 0, 24.705400466918945 ],
			"quaternion_xyzw": [ 0, 0.70709997415542603, 0, 0.70709997415542603 ],
			"pose_transform": [
				[ 1, 0, 0, 0 ],
				[ 0, 0, -1, 0 ],
				[ 0, -1, 0, 0 ],
				[ -0.00050000002374872565, 0, 24.705400466918945, 1 ]
			],
			"cuboid_centroid": [ -0.00050000002374872565, 0, 24.705299377441406 ],
			"projected_cuboid_centroid": [ 981.478271484375, 558.21307373046875 ],
			"bounding_box":
			{
				"top_left": [ -4023.58447265625, -4565.4052734375 ],
				"bottom_right": [ 2572.655517578125, 2237.978515625 ]
			},
			"cuboid": [
				[ 19.291000366210938, -20.600000381469727, -4.8397002220153809 ],
				[ 19.291000366210938, -20.600000381469727, 54.250198364257812 ],
				[ 19.291000366210938, 20.600000381469727, 54.250198364257812 ],
				[ 19.291000366210938, 20.600000381469727, -4.8397002220153809 ],
				[ -19.291999816894531, -20.600000381469727, -4.8396000862121582 ],
				[ -19.291500091552734, -20.600000381469727, 54.250099182128906 ],
				[ -19.291500091552734, 20.600000381469727, 54.250099182128906 ],
				[ -19.291999816894531, 20.600000381469727, -4.8396000862121582 ]
			],
			"projected_cuboid": [
				[ -4955.6943359375, 6919.7568359375 ],
				[ 1511.1451416015625, -9.3080997467041016 ],
				[ 1511.1451416015625, 1125.7344970703125 ],
				[ -4955.6943359375, -5803.328125 ],
				[ 6918.89111328125, 6919.7568359375 ],
				[ 451.81570434570312, -9.3080997467041016 ],
				[ 451.81570434570312, 1125.7344970703125 ],
				[ 6918.89111328125, -5803.328125 ]
			]
		},
		{
			"class": "ExoRomper_Sat",
			"instance_id": 0,
			"visibility": 0.84380000829696655,
			"location": [ -14.371600151062012, 7.1487998962402344, 41.365200042724609 ],
			"quaternion_xyzw": [ 0.13619999587535858, 0.19189999997615814, -0.5625, 0.79259997606277466 ],
			"pose_transform": [
				[ 0.052900001406669617, -0.15109999477863312, 0.31119999289512634, 0 ],
				[ 0.10279999673366547, -0.2937999963760376, -0.16009999811649323, 0 ],
				[ -0.33039999008178711, -0.11559999734163284, 0, 0 ],
				[ -14.371600151062012, 7.1487998962402344, 41.365200042724609, 1 ]
			],
			"cuboid_centroid": [ -14.371600151062012, 7.1487998962402344, 41.365200042724609 ],
			"projected_cuboid_centroid": [ 463.997802734375, 816.5078125 ],
			"bounding_box":
			{
				"top_left": [ 604.87567138671875, 204.206298828125 ],
				"bottom_right": [ 1029.4744873046875, 664.88507080078125 ]
			},
			"cuboid": [
				[ -17.461399078369141, 1.2760000228881836, 44.037399291992188 ],
				[ -19.105499267578125, 5.9772000312805176, 46.598899841308594 ],
				[ -9.9394998550415039, 9.1837997436523438, 46.598899841308594 ],
				[ -8.2948999404907227, 4.482600212097168, 44.037498474121094 ],
				[ -18.803699493408203, 5.113800048828125, 36.131698608398438 ],
				[ -20.448200225830078, 9.8149995803833008, 38.693199157714844 ],
				[ -11.281700134277344, 13.021599769592285, 38.693099975585938 ],
				[ -9.6372003555297852, 8.3204002380371094, 36.131599426269531 ]
			],
			"projected_cuboid": [
				[ 390.88790893554688, 601.51800537109375 ],
				[ 370.78759765625, 749.9207763671875 ],
				[ 663.79522705078125, 852.76593017578125 ],
				[ 700.93731689453125, 710.34588623046875 ],
				[ 206.32269287109375, 769.74371337890625 ],
				[ 194.335693359375, 937.330810546875 ],
				[ 547.1829833984375, 1061.191650390625 ],
				[ 584.18621826171875, 902.38372802734375 ]
			]
		}
	]
}