{
	"camera_data":
	{
		"location_worldframe": [ 6812.12451171875, 11.526000022888184, 0 ],
		"quaternion_xyzw_worldframe": [ 0, 0, -0.51840001344680786, 0.85509997606277466 ]
	},
	"objects": [
		{
			"class": "ExoRomper_FullPayload",
			"instance_id": 0,
			"visibility": 0.97369998693466187,
			"location": [ 0, 0, 24.705099105834961 ],
			"quaternion_xyzw": [ 0, 0.70709997415542603, 0, 0.70709997415542603 ],
			"pose_transform": [
				[ 1, 0, 0, 0 ],
				[ 0, 0, -1, 0 ],
				[ 0, -1, 0, 0 ],
				[ 0, 0, 24.705099105834961, 1 ]
			],
			"cuboid_centroid": [ 0, 0, 24.705099105834961 ],
			"projected_cuboid_centroid": [ 981.5543212890625, 558.21331787109375 ],
			"bounding_box":
			{
				"top_left": [ -4023.657958984375, -4565.7421875 ],
				"bottom_right": [ 2572.688232421875, 2237.944580078125 ]
			},
			"cuboid": [
				[ 19.291500091552734, -20.600000381469727, -4.8397998809814453 ],
				[ 19.291500091552734, -20.600000381469727, 54.250198364257812 ],
				[ 19.291500091552734, 20.600000381469727, 54.250198364257812 ],
				[ 19.291500091552734, 20.600000381469727, -4.8397998809814453 ],
				[ -19.291500091552734, -20.600000381469727, -4.8397998809814453 ],
				[ -19.291000366210938, -20.600000381469727, 54.25 ],
				[ -19.291000366210938, 20.600000381469727, 54.25 ],
				[ -19.291500091552734, 20.600000381469727, -4.8397998809814453 ]
			],
			"projected_cuboid": [
				[ -4955.73828125, 6919.59619140625 ],
				[ 1511.1956787109375, -9.3067998886108398 ],
				[ 1511.1956787109375, 1125.733154296875 ],
				[ -4955.73828125, -5803.1689453125 ],
				[ 6918.35302734375, 6919.59619140625 ],
				[ 451.84909057617188, -9.3093996047973633 ],
				[ 451.84909057617188, 1125.7357177734375 ],
				[ 6918.35302734375, -5803.1689453125 ]
			]
		},
		{
			"class": "ExoRomper_Sat",
			"instance_id": 0,
			"visibility": 0.91490000486373901,
			"location": [ -3.8417999744415283, 3.6619000434875488, 41.365699768066406 ],
			"quaternion_xyzw": [ -0.28310000896453857, 0.92379999160766602, 0.075599998235702515, 0.24660000205039978 ],
			"pose_transform": [
				[ 0.1445000022649765, 0.097699999809265137, -0.30340000987052917, 0 ],
				[ -0.25130000710487366, -0.17000000178813934, -0.1745000034570694, 0 ],
				[ 0.19609999656677246, -0.28990000486373901, 0, 0 ],
				[ -3.8417999744415283, 3.6619000434875488, 41.365699768066406, 1 ]
			],
			"cuboid_centroid": [ -3.8417999744415283, 3.6619000434875488, 41.365699768066406 ],
			"projected_cuboid_centroid": [ 843.1685791015625, 690.5206298828125 ],
			"bounding_box":
			{
				"top_left": [ 467.44830322265625, 657.64202880859375 ],
				"bottom_right": [ 892.6580810546875, 1077.7296142578125 ]
			},
			"cuboid": [
				[ -1.2973999977111816, -0.47870001196861267, 36.116500854492188 ],
				[ 2.7241001129150391, 2.2414000034332275, 38.908199310302734 ],
				[ -2.7158000469207764, 10.285099983215332, 38.908199310302734 ],
				[ -6.737800121307373, 7.565000057220459, 36.116500854492188 ],
				[ -4.9682998657226562, -2.9612998962402344, 43.823200225830078 ],
				[ -0.94580000638961792, -0.2410999983549118, 46.615200042724609 ],
				[ -6.3867001533508301, 7.8025999069213867, 46.615001678466797 ],
				[ -10.408200263977051, 5.082399845123291, 43.823501586914062 ]
			],
			"projected_cuboid": [
				[ 928.0198974609375, 538.40167236328125 ],
				[ 1085.8250732421875, 644.31170654296875 ],
				[ 877.54632568359375, 953.29217529296875 ],
				[ 703.64178466796875, 871.2659912109375 ],
				[ 812.6680908203125, 457.22000122070312 ],
				[ 951.271728515625, 550.48211669921875 ],
				[ 777.42730712890625, 808.3792724609375 ],
				[ 627.74908447265625, 731.54656982421875 ]
			]
		}
	]
}