{
	"camera_data":
	{
		"location_worldframe": [ 6820.91943359375, -12.698800086975098, 0 ],
		"quaternion_xyzw_worldframe": [ 0, 0, 0.77910000085830688, 0.62690001726150513 ]
	},
	"objects": [
		{
			"class": "ExoRomper_FullPayload",
			"instance_id": 0,
			"visibility": 0.96100002527236938,
			"location": [ -0.00050000002374872565, 0, 24.705099105834961 ],
			"quaternion_xyzw": [ 0, 0.70709997415542603, 0, 0.70709997415542603 ],
			"pose_transform": [
				[ 1, 0, 0, 0 ],
				[ 0, 0, -1, 0 ],
				[ 0, -1, 0, 0 ],
				[ -0.00050000002374872565, 0, 24.705099105834961, 1 ]
			],
			"cuboid_centroid": [ -0.00050000002374872565, 0, 24.704999923706055 ],
			"projected_cuboid_centroid": [ 981.51617431640625, 558.21319580078125 ],
			"bounding_box":
			{
				"top_left": [ -4023.657958984375, -4565.6181640625 ],
				"bottom_right": [ 2572.68798828125, 2237.98095703125 ]
			},
			"cuboid": [
				[ 19.291000366210938, -20.600000381469727, -4.8400001525878906 ],
				[ 19.291000366210938, -20.600000381469727, 54.249801635742188 ],
				[ 19.291000366210938, 20.600000381469727, 54.249801635742188 ],
				[ 19.291000366210938, 20.600000381469727, -4.8400001525878906 ],
				[ -19.291500091552734, -20.600000381469727, -4.8400001525878906 ],
				[ -19.291999816894531, -20.600000381469727, 54.249900817871094 ],
				[ -19.291999816894531, 20.600000381469727, 54.249900817871094 ],
				[ -19.291500091552734, 20.600000381469727, -4.8400001525878906 ]
			],
			"projected_cuboid": [
				[ -4955.6943359375, 6919.755859375 ],
				[ 1511.180908203125, -9.3092002868652344 ],
				[ 1511.180908203125, 1125.7357177734375 ],
				[ -4955.6943359375, -5803.3291015625 ],
				[ 6918.697265625, 6919.755859375 ],
				[ 451.8328857421875, -9.3079996109008789 ],
				[ 451.8328857421875, 1125.7344970703125 ],
				[ 6918.697265625, -5803.3291015625 ]
			]
		},
		{
			"class": "ExoRomper_Sat",
			"instance_id": 0,
			"visibility": 0.98360002040863037,
			"location": [ -7.0981001853942871, 2.4916999340057373, 41.365200042724609 ],
			"quaternion_xyzw": [ -0.045000001788139343, 0.94340002536773682, -0.015699999406933784, -0.32809999585151672 ],
			"pose_transform": [
				[ -0.21619999408721924, -0.02070000022649765, -0.27450001239776611, 0 ],
				[ -0.27320000529289246, -0.026100000366568565, 0.21719999611377716, 0 ],
				[ 0.033300001174211502, -0.34839999675750732, 0, 0 ],
				[ -7.0981001853942871, 2.4916999340057373, 41.365200042724609, 1 ]
			],
			"cuboid_centroid": [ -7.0981001853942871, 2.4916999340057373, 41.365200042724609 ],
			"projected_cuboid_centroid": [ 725.90472412109375, 648.24212646484375 ],
			"bounding_box":
			{
				"top_left": [ 453.14859008789062, 519.3004150390625 ],
				"bottom_right": [ 842.62908935546875, 923.10101318359375 ]
			},
			"cuboid": [
				[ -11.567399978637695, -2.8131999969482422, 39.616901397705078 ],
				[ -7.1953001022338867, -2.3951001167297363, 36.141799926757812 ],
				[ -8.1201000213623047, 7.2715997695922852, 36.141700744628906 ],
				[ -12.492199897766113, 6.8534002304077148, 39.616901397705078 ],
				[ -6.0767002105712891, -2.288100004196167, 46.588600158691406 ],
				[ -1.7041000127792358, -1.8698999881744385, 43.113498687744141 ],
				[ -2.6289000511169434, 7.7967000007629395, 43.113399505615234 ],
				[ -7.000999927520752, 7.3786001205444336, 46.588600158691406 ]
			],
			"projected_cuboid": [
				[ 546.59051513671875, 452.0830078125 ],
				[ 684.99169921875, 459.1702880859375 ],
				[ 646.88592529296875, 858.91168212890625 ],
				[ 511.85171508789062, 816.7593994140625 ],
				[ 787.22528076171875, 484.81179809570312 ],
				[ 922.64239501953125, 493.39120483398438 ],
				[ 890.69921875, 828.49261474609375 ],
				[ 757.68511962890625, 794.9171142578125 ]
			]
		}
	]
}