{
	"camera_data":
	{
		"location_worldframe": [ 6816.85302734375, -12.936400413513184, 0 ],
		"quaternion_xyzw_worldframe": [ 0, 0, 0.67129999399185181, 0.74119997024536133 ]
	},
	"objects": [
		{
			"class": "ExoRomper_FullPayload",
			"instance_id": 0,
			"visibility": 0.98669999837875366,
			"location": [ 0, 0, 24.704999923706055 ],
			"quaternion_xyzw": [ 0, 0.70709997415542603, 0, 0.70709997415542603 ],
			"pose_transform": [
				[ 1, 0, 0, 0 ],
				[ 0, 0, -1, 0 ],
				[ 0, -1, 0, 0 ],
				[ 0, 0, 24.704999923706055, 1 ]
			],
			"cuboid_centroid": [ 0, 0, 24.704900741577148 ],
			"projected_cuboid_centroid": [ 981.51617431640625, 558.21331787109375 ],
			"bounding_box":
			{
				"top_left": [ -4023.58447265625, -4565.529296875 ],
				"bottom_right": [ 2572.65576171875, 2237.979736328125 ]
			},
			"cuboid": [
				[ 19.291500091552734, -20.600000381469727, -4.8400001525878906 ],
				[ 19.291500091552734, -20.600000381469727, 54.249801635742188 ],
				[ 19.291500091552734, 20.600000381469727, 54.249801635742188 ],
				[ 19.291500091552734, 20.600000381469727, -4.8400001525878906 ],
				[ -19.291000366210938, -20.600000381469727, -4.8400001525878906 ],
				[ -19.291000366210938, -20.600000381469727, 54.249801635742188 ],
				[ -19.291000366210938, 20.600000381469727, 54.249801635742188 ],
				[ -19.291000366210938, 20.600000381469727, -4.8400001525878906 ]
			],
			"projected_cuboid": [
				[ -4955.61962890625, 6919.67529296875 ],
				[ 1511.1456298828125, -9.3086996078491211 ],
				[ 1511.1456298828125, 1125.735107421875 ],
				[ -4955.61962890625, -5803.2490234375 ],
				[ 6918.697265625, 6919.75634765625 ],
				[ 451.8323974609375, -9.3086996078491211 ],
				[ 451.8323974609375, 1125.735107421875 ],
				[ 6918.697265625, -5803.3291015625 ]
			]
		},
		{
			"class": "ExoRomper_Sat",
			"instance_id": 0,
			"visibility": 0.91070002317428589,
			"location": [ -12.635299682617188, 4.4326000213623047, 41.365200042724609 ],
			"quaternion_xyzw": [ 0.18340000510215759, 0.45280000567436218, -0.32749998569488525, 0.80879998207092285 ],
			"pose_transform": [
				[ 0.2143000066280365, -0.20759999752044678, 0.18299999833106995, 0 ],
				[ 0.13140000402927399, -0.12729999423027039, -0.29840001463890076, 0 ],
				[ -0.2434999942779541, -0.25139999389648438, 0, 0 ],
				[ -12.635299682617188, 4.4326000213623047, 41.365200042724609, 1 ]
			],
			"cuboid_centroid": [ -12.635299682617188, 4.4326000213623047, 41.365200042724609 ],
			"projected_cuboid_centroid": [ 526.531005859375, 718.36737060546875 ],
			"bounding_box":
			{
				"top_left": [ 470.37200927734375, 273.82791137695312 ],
				"bottom_right": [ 909.11212158203125, 718.10198974609375 ]
			},
			"cuboid": [
				[ -12.240699768066406, -2.70989990234375, 41.301399230957031 ],
				[ -14.343299865722656, -0.67280000448226929, 46.076000213623047 ],
				[ -7.586400032043457, 6.3017001152038574, 46.076000213623047 ],
				[ -5.4839000701904297, 4.2645998001098633, 41.301498413085938 ],
				[ -17.683599472045898, 2.563499927520752, 36.654399871826172 ],
				[ -19.786100387573242, 4.6005997657775879, 41.429000854492188 ],
				[ -13.029800415039062, 11.575099945068359, 41.429000854492188 ],
				[ -10.926799774169922, 9.5380001068115234, 36.654399871826172 ]
			],
			"projected_cuboid": [
				[ 540.04840087890625, 460.15249633789062 ],
				[ 517.8251953125, 536.39068603515625 ],
				[ 736.2471923828125, 762.62042236328125 ],
				[ 783.72088623046875, 712.5347900390625 ],
				[ 262.88430786132812, 662.73968505859375 ],
				[ 270.11068725585938, 724.181884765625 ],
				[ 513.03271484375, 975.78729248046875 ],
				[ 537.448974609375, 947.11907958984375 ]
			]
		}
	]
}