{
	"camera_data":
	{
		"location_worldframe": [ 6811.0703125, -10.911499977111816, 0 ],
		"quaternion_xyzw_worldframe": [ 0, 0, 0.47769999504089355, 0.87849998474121094 ]
	},
	"objects": [
		{
			"class": "ExoRomper_FullPayload",
			"instance_id": 0,
			"visibility": 0.98669999837875366,
			"location": [ 0.00050000002374872565, 0, 24.705299377441406 ],
			"quaternion_xyzw": [ 0, 0.70709997415542603, 0, 0.70709997415542603 ],
			"pose_transform": [
				[ 1, 0, 0, 0 ],
				[ 0, 0, -1, 0 ],
				[ 0, -1, 0, 0 ],
				[ 0.00050000002374872565, 0, 24.705299377441406, 1 ]
			],
			"cuboid_centroid": [ 0.00050000002374872565, 0, 24.705099105834961 ],
			"projected_cuboid_centroid": [ 981.4783935546875, 558.21337890625 ],
			"bounding_box":
			{
				"top_left": [ -4023.657958984375, -4565.6181640625 ],
				"bottom_right": [ 2572.687744140625, 2237.96533203125 ]
			},
			"cuboid": [
				[ 19.291500091552734, -20.600000381469727, -4.8396000862121582 ],
				[ 19.291500091552734, -20.600000381469727, 54.25 ],
				[ 19.291500091552734, 20.600000381469727, 54.25 ],
				[ 19.291500091552734, 20.600000381469727, -4.8396000862121582 ],
				[ -19.291000366210938, -20.600000381469727, -4.8396000862121582 ],
				[ -19.291000366210938, -20.600000381469727, 54.250198364257812 ],
				[ -19.291000366210938, 20.600000381469727, 54.250198364257812 ],
				[ -19.291000366210938, 20.600000381469727, -4.8396000862121582 ]
			],
			"projected_cuboid": [
				[ -4955.54443359375, 6919.59521484375 ],
				[ 1511.16357421875, -9.3092002868652344 ],
				[ 1511.16357421875, 1125.7357177734375 ],
				[ -4955.54443359375, -5803.1689453125 ],
				[ 6918.54736328125, 6919.59423828125 ],
				[ 451.8341064453125, -9.3066997528076172 ],
				[ 451.8341064453125, 1125.733154296875 ],
				[ 6918.54736328125, -5803.169921875 ]
			]
		},
		{
			"class": "ExoRomper_Sat",
			"instance_id": 0,
			"visibility": 0.82260000705718994,
			"location": [ -14.69480037689209, 8.4766998291015625, 41.365200042724609 ],
			"quaternion_xyzw": [ 0.12669999897480011, 0.14599999785423279, -0.64319998025894165, 0.74089998006820679 ],
			"pose_transform": [
				[ 0.018699999898672104, -0.1315000057220459, 0.32379999756813049, 0 ],
				[ 0.045499999076128006, -0.3206000030040741, -0.13279999792575836, 0 ],
				[ -0.34650000929832458, -0.049199998378753662, 0, 0 ],
				[ -14.69480037689209, 8.4766998291015625, 41.365200042724609, 1 ]
			],
			"cuboid_centroid": [ -14.69480037689209, 8.4766998291015625, 41.365200042724609 ],
			"projected_cuboid_centroid": [ 452.37271118164062, 864.4849853515625 ],
			"bounding_box":
			{
				"top_left": [ 678.33319091796875, 193.57110595703125 ],
				"bottom_right": [ 1068.113037109375, 646.4075927734375 ]
			},
			"cuboid": [
				[ -18.900899887084961, 3.5597000122070312, 44.415500640869141 ],
				[ -19.628900527954102, 8.6904001235961914, 46.540298461914062 ],
				[ -10.014599800109863, 10.054499626159668, 46.540298461914062 ],
				[ -9.2861003875732422, 4.9239001274108887, 44.415298461914062 ],
				[ -19.374500274658203, 6.898900032043457, 36.189899444580078 ],
				[ -20.102500915527344, 12.029500007629395, 38.314701080322266 ],
				[ -10.488300323486328, 13.393699645996094, 38.314701080322266 ],
				[ -9.7602996826171875, 8.2629995346069336, 36.190200805664062 ]
			],
			"projected_cuboid": [
				[ 347.62640380859375, 677.9979248046875 ],
				[ 353.26748657226562, 837.29071044921875 ],
				[ 660.9832763671875, 881.099609375 ],
				[ 670.06597900390625, 723.901123046875 ],
				[ 184.06790161132812, 843.12298583984375 ],
				[ 199.98649597167969, 1027.4573974609375 ],
				[ 573.7659912109375, 1080.66943359375 ],
				[ 579.79248046875, 899.459228515625 ]
			]
		}
	]
}