{
	"camera_data":
	{
		"location_worldframe": [ 6807.37109375, 7.2859997749328613, 0 ],
		"quaternion_xyzw_worldframe": [ 0, 0, -0.29309999942779541, 0.9560999870300293 ]
	},
	"objects": [
		{
			"class": "ExoRomper_FullPayload",
			"instance_id": 0,
			"visibility": 0.97369998693466187,
			"location": [ 0.00050000002374872565, 0, 24.705099105834961 ],
			"quaternion_xyzw": [ 0, 0.70709997415542603, 0, 0.70709997415542603 ],
			"pose_transform": [
				[ 1, 0, 0, 0 ],
				[ 0, 0, -1, 0 ],
				[ 0, -1, 0, 0 ],
				[ 0.00050000002374872565, 0, 24.705099105834961, 1 ]
			],
			"cuboid_centroid": [ 0.000699999975040555, 0, 24.705099105834961 ],
			"projected_cuboid_centroid": [ 981.49737548828125, 558.21368408203125 ],
			"bounding_box":
			{
				"top_left": [ -4023.65966796875, -4565.68017578125 ],
				"bottom_right": [ 2572.687255859375, 2237.983642578125 ]
			},
			"cuboid": [
				[ 19.29170036315918, -20.600000381469727, -4.8397998809814453 ],
				[ 19.291999816894531, -20.600000381469727, 54.250499725341797 ],
				[ 19.291999816894531, 20.600000381469727, 54.250499725341797 ],
				[ 19.29170036315918, 20.600000381469727, -4.8397998809814453 ],
				[ -19.291000366210938, -20.600000381469727, -4.8397998809814453 ],
				[ -19.290800094604492, -20.600000381469727, 54.25 ],
				[ -19.290800094604492, 20.600000381469727, 54.25 ],
				[ -19.291000366210938, 20.600000381469727, -4.8397998809814453 ]
			],
			"projected_cuboid": [
				[ -4956.23828125, 6920.23779296875 ],
				[ 1511.15869140625, -9.3041000366210938 ],
				[ 1511.15869140625, 1125.7305908203125 ],
				[ -4956.23828125, -5803.8076171875 ],
				[ 6918.54736328125, 6919.59423828125 ],
				[ 451.831787109375, -9.3090000152587891 ],
				[ 451.831787109375, 1125.7357177734375 ],
				[ 6918.54736328125, -5803.16796875 ]
			]
		},
		{
			"class": "ExoRomper_Sat",
			"instance_id": 0,
			"visibility": 0.89999997615814209,
			"location": [ -3.9202001094818115, 3.6094000339508057, 41.366199493408203 ],
			"quaternion_xyzw": [ -0.072499997913837433, 0.24240000545978546, 0.27720001339912415, 0.92690002918243408 ],
			"pose_transform": [
				[ 0.14319999516010284, 0.094099998474121094, 0.3052000105381012, 0 ],
				[ 0.25510001182556152, 0.16750000417232513, -0.17139999568462372, 0 ],
				[ 0.19210000336170197, -0.29249998927116394, 0, 0 ],
				[ -3.9202001094818115, 3.6094000339508057, 41.366199493408203, 1 ]
			],
			"cuboid_centroid": [ -3.9202001094818115, 3.6094000339508057, 41.366199493408203 ],
			"projected_cuboid_centroid": [ 840.3258056640625, 688.62158203125 ],
			"bounding_box":
			{
				"top_left": [ 455.43881225585938, 634.78692626953125 ],
				"bottom_right": [ 880.0015869140625, 1062.96826171875 ]
			},
			"cuboid": [
				[ 2.6057000160217285, 2.086400032043457, 43.870601654052734 ],
				[ -1.4766000509262085, -0.59460002183914185, 46.612300872802734 ],
				[ -6.8076000213623047, 7.5219998359680176, 46.612800598144531 ],
				[ -2.7258000373840332, 10.202899932861328, 43.870601654052734 ],
				[ -1.0329999923706055, -0.30320000648498535, 36.118698120117188 ],
				[ -5.1145000457763672, -2.9841001033782959, 38.861301422119141 ],
				[ -10.445599555969238, 5.1324000358581543, 38.861301422119141 ],
				[ -6.363800048828125, 7.8133997917175293, 36.119098663330078 ]
			],
			"projected_cuboid": [
				[ 1069.9456787109375, 629.29168701171875 ],
				[ 934.3062744140625, 539.1494140625 ],
				[ 763.95343017578125, 799.3931884765625 ],
				[ 888.9459228515625, 905.80328369140625 ],
				[ 938.89788818359375, 545.669189453125 ],
				[ 785.46112060546875, 443.44650268554688 ],
				[ 581.12152099609375, 755.59698486328125 ],
				[ 719.05267333984375, 881.52117919921875 ]
			]
		}
	]
}