{
	"camera_data":
	{
		"location_worldframe": [ 6816.77783203125, 12.92870044708252, 0 ],
		"quaternion_xyzw_worldframe": [ 0, 0, -0.66909998655319214, 0.74320000410079956 ]
	},
	"objects": [
		{
			"class": "ExoRomper_FullPayload",
			"instance_id": 0,
			"visibility": 0.98669999837875366,
			"location": [ 0.00050000002374872565, 0, 24.705299377441406 ],
			"quaternion_xyzw": [ 0, 0.70709997415542603, 0, 0.70709997415542603 ],
			"pose_transform": [
				[ 1, 0, 0, 0 ],
				[ 0, 0, -1, 0 ],
				[ 0, -1, 0, 0 ],
				[ 0.00050000002374872565, 0, 24.705299377441406, 1 ]
			],
			"cuboid_centroid": [ 0, 0, 24.705099105834961 ],
			"projected_cuboid_centroid": [ 981.4404296875, 558.21331787109375 ],
			"bounding_box":
			{
				"top_left": [ -4023.58447265625, -4565.4052734375 ],
				"bottom_right": [ 2572.6552734375, 2237.994140625 ]
			},
			"cuboid": [
				[ 19.291500091552734, -20.600000381469727, -4.8397998809814453 ],
				[ 19.291500091552734, -20.600000381469727, 54.250099182128906 ],
				[ 19.291500091552734, 20.600000381469727, 54.250099182128906 ],
				[ 19.291500091552734, 20.600000381469727, -4.8397998809814453 ],
				[ -19.291000366210938, -20.600000381469727, -4.8397002220153809 ],
				[ -19.291000366210938, -20.600000381469727, 54.250099182128906 ],
				[ -19.291000366210938, 20.600000381469727, 54.250099182128906 ],
				[ -19.291000366210938, 20.600000381469727, -4.8397002220153809 ]
			],
			"projected_cuboid": [
				[ -4955.42529296875, 6919.6748046875 ],
				[ 1511.1456298828125, -9.3085002899169922 ],
				[ 1511.1456298828125, 1125.735107421875 ],
				[ -4955.42529296875, -5803.2490234375 ],
				[ 6918.81591796875, 6919.6748046875 ],
				[ 451.81509399414062, -9.3085002899169922 ],
				[ 451.81509399414062, 1125.7352294921875 ],
				[ 6918.81591796875, -5803.2490234375 ]
			]
		},
		{
			"class": "ExoRomper_Sat",
			"instance_id": 0,
			"visibility": 0.93879997730255127,
			"location": [ -10.810500144958496, 3.1582000255584717, 41.366001129150391 ],
			"quaternion_xyzw": [ -0.15639999508857727, -0.68279999494552612, -0.15940000116825104, 0.69559997320175171 ],
			"pose_transform": [
				[ -0.31499999761581421, 0.15230000019073486, 0.0065000001341104507, 0 ],
				[ 0.0059000002220273018, -0.00279999990016222, 0.3499000072479248, 0 ],
				[ -0.15240000188350677, -0.31510001420974731, 0, 0 ],
				[ -10.810500144958496, 3.1582000255584717, 41.366001129150391, 1 ]
			],
			"cuboid_centroid": [ -10.810500144958496, 3.1582000255584717, 41.365898132324219 ],
			"projected_cuboid_centroid": [ 592.192626953125, 672.31890869140625 ],
			"bounding_box":
			{
				"top_left": [ 444.11410522460938, 333.0928955078125 ],
				"bottom_right": [ 873.5576171875, 787.09967041015625 ]
			},
			"cuboid": [
				[ -16.878400802612305, 0.69889998435974121, 44.248500823974609 ],
				[ -16.972700119018555, 0.74419999122619629, 38.648700714111328 ],
				[ -12.745599746704102, 9.4865999221801758, 38.648700714111328 ],
				[ -12.651900291442871, 9.4413003921508789, 44.248500823974609 ],
				[ -8.876500129699707, -3.1703000068664551, 44.083099365234375 ],
				[ -8.9701995849609375, -3.125, 38.483299255371094 ],
				[ -4.7437000274658203, 5.6174001693725586, 38.4833984375 ],
				[ -4.6494002342224121, 5.5721001625061035, 44.083099365234375 ]
			],
			"projected_cuboid": [
				[ 413.30740356445312, 581.81951904296875 ],
				[ 327.35391235351562, 586.9935302734375 ],
				[ 490.264404296875, 925.0670166015625 ],
				[ 555.57928466796875, 877.109375 ],
				[ 681.555908203125, 450.7283935546875 ],
				[ 634.2664794921875, 436.84909057617188 ],
				[ 797.87652587890625, 776.37548828125 ],
				[ 824.3612060546875, 747.1259765625 ]
			]
		}
	]
}