{
	"camera_data":
	{
		"location_worldframe": [ 6806.49072265625, 5.7761001586914062, 0 ],
		"quaternion_xyzw_worldframe": [ 0, 0, -0.22820000350475311, 0.97359997034072876 ]
	},
	"objects": [
		{
			"class": "ExoRomper_FullPayload",
			"instance_id": 0,
			"visibility": 0.97369998693466187,
			"location": [ 0, 0, 24.705099105834961 ],
			"quaternion_xyzw": [ 0, 0.70709997415542603, 0, 0.70709997415542603 ],
			"pose_transform": [
				[ 1, 0, 0, 0 ],
				[ 0, 0, -1, 0 ],
				[ 0, -1, 0, 0 ],
				[ 0, 0, 24.705099105834961, 1 ]
			],
			"cuboid_centroid": [ 0, 0, 24.705099105834961 ],
			"projected_cuboid_centroid": [ 981.4783935546875, 558.21337890625 ],
			"bounding_box":
			{
				"top_left": [ -4023.363037109375, -4565.19970703125 ],
				"bottom_right": [ 2572.558349609375, 2237.97314453125 ]
			},
			"cuboid": [
				[ 19.291500091552734, -20.600000381469727, -4.8397998809814453 ],
				[ 19.291500091552734, -20.600000381469727, 54.25 ],
				[ 19.291500091552734, 20.600000381469727, 54.25 ],
				[ 19.291500091552734, 20.600000381469727, -4.8397998809814453 ],
				[ -19.291299819946289, -20.600000381469727, -4.8393998146057129 ],
				[ -19.291299819946289, -20.600000381469727, 54.25 ],
				[ -19.291299819946289, 20.600000381469727, 54.25 ],
				[ -19.291299819946289, 20.600000381469727, -4.8393998146057129 ]
			],
			"projected_cuboid": [
				[ -4954.9482421875, 6918.953125 ],
				[ 1511.159912109375, -9.3143997192382812 ],
				[ 1511.159912109375, 1125.7408447265625 ],
				[ -4954.9482421875, -5802.5302734375 ],
				[ 6918.6435546875, 6919.59619140625 ],
				[ 451.818603515625, -9.3142995834350586 ],
				[ 451.818603515625, 1125.7410888671875 ],
				[ 6918.6435546875, -5803.169921875 ]
			]
		},
		{
			"class": "ExoRomper_Sat",
			"instance_id": 0,
			"visibility": 0.93879997730255127,
			"location": [ -2.8910999298095703, 4.4341001510620117, 41.365699768066406 ],
			"quaternion_xyzw": [ -0.24729999899864197, 0.61049997806549072, 0.2824999988079071, 0.6973000168800354 ],
			"pose_transform": [
				[ 0.24909999966621399, 0.24150000512599945, 0.046300001442432404, 0 ],
				[ 0.03319999948143959, 0.032200001180171967, -0.34689998626708984, 0 ],
				[ 0.24359999597072601, -0.25130000710487366, 0, 0 ],
				[ -2.8910999298095703, 4.4341001510620117, 41.365699768066406, 1 ]
			],
			"cuboid_centroid": [ -2.8910999298095703, 4.4341001510620117, 41.365699768066406 ],
			"projected_cuboid_centroid": [ 877.3795166015625, 718.419189453125 ],
			"bounding_box":
			{
				"top_left": [ 486.40679931640625, 692.46807861328125 ],
				"bottom_right": [ 919.36578369140625, 1120.08984375 ]
			},
			"cuboid": [
				[ 3.9177000522613525, 4.2722001075744629, 39.177700042724609 ],
				[ 3.3859999179840088, 3.7567999362945557, 44.729499816894531 ],
				[ -3.372999906539917, 10.729299545288086, 44.729499816894531 ],
				[ -2.8413000106811523, 11.24470043182373, 39.177700042724609 ],
				[ -2.4093999862670898, -1.8611999750137329, 38.002899169921875 ],
				[ -2.9412000179290771, -2.3764998912811279, 43.55419921875 ],
				[ -9.6999998092651367, 4.5960001945495605, 43.553699493408203 ],
				[ -9.1684999465942383, 5.1114001274108887, 38.002899169921875 ]
			],
			"projected_cuboid": [
				[ 1130.4251708984375, 721.18951416015625 ],
				[ 1094.2354736328125, 683.74188232421875 ],
				[ 869.17279052734375, 916.71661376953125 ],
				[ 873.45941162109375, 987.17987060546875 ],
				[ 887.041015625, 485.01849365234375 ],
				[ 880.9058837890625, 476.66128540039062 ],
				[ 649.75811767578125, 715.9268798828125 ],
				[ 622.12701416015625, 759.2340087890625 ]
			]
		}
	]
}