{
	"camera_data":
	{
		"location_worldframe": [ 6805.4423828125, -2.7997000217437744, 0 ],
		"quaternion_xyzw_worldframe": [ 0, 0, 0.10830000042915344, 0.99409997463226318 ]
	},
	"objects": [
		{
			"class": "ExoRomper_FullPayload",
			"instance_id": 0,
			"visibility": 0.98669999837875366,
			"location": [ 0, 0, 24.705099105834961 ],
			"quaternion_xyzw": [ 0, 0.70709997415542603, 0, 0.70709997415542603 ],
			"pose_transform": [
				[ 1, 0, 0, 0 ],
				[ 0, 0, -1, 0 ],
				[ 0, -1, 0, 0 ],
				[ 0, 0, 24.705099105834961, 1 ]
			],
			"cuboid_centroid": [ 0, 0, 24.705099105834961 ],
			"projected_cuboid_centroid": [ 981.4879150390625, 558.21337890625 ],
			"bounding_box":
			{
				"top_left": [ -4023.363037109375, -4565.23095703125 ],
				"bottom_right": [ 2572.55712890625, 2237.977294921875 ]
			},
			"cuboid": [
				[ 19.291099548339844, -20.600000381469727, -4.8397998809814453 ],
				[ 19.291299819946289, -20.600000381469727, 54.249500274658203 ],
				[ 19.291299819946289, 20.600000381469727, 54.249500274658203 ],
				[ 19.291099548339844, 20.600000381469727, -4.8397998809814453 ],
				[ -19.291500091552734, -20.600000381469727, -4.8397998809814453 ],
				[ -19.291400909423828, -20.600000381469727, 54.25 ],
				[ -19.291400909423828, 20.600000381469727, 54.25 ],
				[ -19.291500091552734, 20.600000381469727, -4.8397998809814453 ]
			],
			"projected_cuboid": [
				[ -4955.54443359375, 6919.59423828125 ],
				[ 1511.1641845703125, -9.3141002655029297 ],
				[ 1511.1641845703125, 1125.7408447265625 ],
				[ -4955.54443359375, -5803.16796875 ],
				[ 6918.54736328125, 6919.59228515625 ],
				[ 451.82321166992188, -9.3092002868652344 ],
				[ 451.82321166992188, 1125.7357177734375 ],
				[ 6918.54736328125, -5803.169921875 ]
			]
		},
		{
			"class": "ExoRomper_Sat",
			"instance_id": 0,
			"visibility": 0.91670000553131104,
			"location": [ -4.5527000427246094, 3.2400999069213867, 41.366199493408203 ],
			"quaternion_xyzw": [ -0.23319999873638153, 0.96009999513626099, 0.036499999463558197, 0.15019999444484711 ],
			"pose_transform": [
				[ 0.094999998807907104, 0.048999998718500137, -0.33329999446868896, 0 ],
				[ -0.29609999060630798, -0.15289999544620514, -0.10689999908208847, 0 ],
				[ 0.16060000658035278, -0.31099998950958252, 0, 0 ],
				[ -4.5527000427246094, 3.2400999069213867, 41.366199493408203, 1 ]
			],
			"cuboid_centroid": [ -4.5527000427246094, 3.2400999069213867, 41.366199493408203 ],
			"projected_cuboid_centroid": [ 817.5604248046875, 675.2799072265625 ],
			"bounding_box":
			{
				"top_left": [ 467.63809204101562, 653.9359130859375 ],
				"bottom_right": [ 878.8922119140625, 1023.9033203125 ]
			},
			"cuboid": [
				[ -3.4888999462127686, -1.6749000549316406, 36.278301239013672 ],
				[ 1.2502000331878662, 0.77160000801086426, 37.988300323486328 ],
				[ -3.2042999267578125, 9.4004001617431641, 37.988800048828125 ],
				[ -7.9435000419616699, 6.9538998603820801, 36.278301239013672 ],
				[ -5.9011001586914062, -2.9200999736785889, 44.744098663330078 ],
				[ -1.1619999408721924, -0.47360000014305115, 46.453601837158203 ],
				[ -5.6164999008178711, 8.1550998687744141, 46.453601837158203 ],
				[ -10.355600357055664, 5.7087001800537109, 44.743198394775391 ]
			],
			"projected_cuboid": [
				[ 838.2459716796875, 489.21279907226562 ],
				[ 1030.5130615234375, 588.56951904296875 ],
				[ 855.8511962890625, 928.04571533203125 ],
				[ 655.35662841796875, 844.6953125 ],
				[ 785.05218505859375, 460.67428588867188 ],
				[ 944.238525390625, 542.97467041015625 ],
				[ 801.404296875, 820.59136962890625 ],
				[ 636.76812744140625, 748.89990234375 ]
			]
		}
	]
}