{
	"camera_data":
	{
		"location_worldframe": [ 6809.833984375, -10.002900123596191, 0 ],
		"quaternion_xyzw_worldframe": [ 0, 0, 0.42500001192092896, 0.90520000457763672 ]
	},
	"objects": [
		{
			"class": "ExoRomper_FullPayload",
			"instance_id": 0,
			"visibility": 0.97369998693466187,
			"location": [ 0, 0, 24.705099105834961 ],
			"quaternion_xyzw": [ 0, 0.70709997415542603, 0, 0.70709997415542603 ],
			"pose_transform": [
				[ 1, 0, 0, 0 ],
				[ 0, 0, -1, 0 ],
				[ 0, -1, 0, 0 ],
				[ 0, 0, 24.705099105834961, 1 ]
			],
			"cuboid_centroid": [ 0, 0, 24.705099105834961 ],
			"projected_cuboid_centroid": [ 981.49737548828125, 558.21270751953125 ],
			"bounding_box":
			{
				"top_left": [ -4023.362548828125, -4565.26171875 ],
				"bottom_right": [ 2572.558349609375, 2237.962890625 ]
			},
			"cuboid": [
				[ 19.291999816894531, -20.600000381469727, -4.8403000831604004 ],
				[ 19.291999816894531, -20.600000381469727, 54.249500274658203 ],
				[ 19.291999816894531, 20.600000381469727, 54.249500274658203 ],
				[ 19.291999816894531, 20.600000381469727, -4.8403000831604004 ],
				[ -19.291000366210938, -20.600000381469727, -4.8403000831604004 ],
				[ -19.290500640869141, -20.600000381469727, 54.249500274658203 ],
				[ -19.290500640869141, 20.600000381469727, 54.249500274658203 ],
				[ -19.291000366210938, 20.600000381469727, -4.8403000831604004 ]
			],
			"projected_cuboid": [
				[ -4955.54443359375, 6919.59619140625 ],
				[ 1511.16845703125, -9.3142995834350586 ],
				[ 1511.16845703125, 1125.7408447265625 ],
				[ -4955.54443359375, -5803.1669921875 ],
				[ 6918.54736328125, 6919.59619140625 ],
				[ 451.82720947265625, -9.3142995834350586 ],
				[ 451.82720947265625, 1125.7408447265625 ],
				[ 6918.54736328125, -5803.1669921875 ]
			]
		},
		{
			"class": "ExoRomper_Sat",
			"instance_id": 0,
			"visibility": 0.95740002393722534,
			"location": [ -2.2715001106262207, 5.1191000938415527, 41.364700317382812 ],
			"quaternion_xyzw": [ -0.33869999647140503, 0.69950002431869507, 0.27430000901222229, 0.56639999151229858 ],
			"pose_transform": [
				[ 0.21230000257492065, 0.2685999870300293, -0.072800002992153168, 0 ],
				[ -0.045099999755620956, -0.057100001722574234, -0.34229999780654907, 0 ],
				[ 0.27459999918937683, -0.21709999442100525, 0, 0 ],
				[ -2.2715001106262207, 5.1191000938415527, 41.364700317382812, 1 ]
			],
			"cuboid_centroid": [ -2.2715001106262207, 5.1191000938415527, 41.364700317382812 ],
			"projected_cuboid_centroid": [ 899.69122314453125, 743.17138671875 ],
			"bounding_box":
			{
				"top_left": [ 500.67361450195312, 700.1732177734375 ],
				"bottom_right": [ 933.3656005859375, 1131.1378173828125 ]
			},
			"cuboid": [
				[ 3.8726000785827637, 5.0619997978210449, 37.701198577880859 ],
				[ 4.5952000617980957, 5.9756999015808105, 43.17919921875 ],
				[ -3.0229001045227051, 11.997799873352051, 43.179698944091797 ],
				[ -3.7455999851226807, 11.084099769592285, 37.700698852539062 ],
				[ -1.5199999809265137, -1.759600043296814, 39.549800872802734 ],
				[ -0.79790002107620239, -0.84589999914169312, 45.028301239013672 ],
				[ -8.4154996871948242, 5.1761999130249023, 45.028301239013672 ],
				[ -9.1381998062133789, 4.2624998092651367, 39.549800872802734 ]
			],
			"projected_cuboid": [
				[ 1134.4742431640625, 758.8798828125 ],
				[ 1139.9912109375, 765.051025390625 ],
				[ 877.20281982421875, 973.49041748046875 ],
				[ 833.5159912109375, 997.61407470703125 ],
				[ 924.230712890625, 491.71920776367188 ],
				[ 955.096923828125, 530.13671875 ],
				[ 703.09918212890625, 730.02099609375 ],
				[ 637.32928466796875, 719.289306640625 ]
			]
		}
	]
}