{
	"camera_data":
	{
		"location_worldframe": [ 6816.15966796875, 12.848699569702148, 0 ],
		"quaternion_xyzw_worldframe": [ 0, 0, -0.65109997987747192, 0.75900000333786011 ]
	},
	"objects": [
		{
			"class": "ExoRomper_FullPayload",
			"instance_id": 0,
			"visibility": 0.97369998693466187,
			"location": [ 0, 0, 24.705600738525391 ],
			"quaternion_xyzw": [ 0, 0.70709997415542603, 0, 0.70709997415542603 ],
			"pose_transform": [
				[ 1, 0, 0, 0 ],
				[ 0, 0, -1, 0 ],
				[ 0, -1, 0, 0 ],
				[ 0, 0, 24.705600738525391, 1 ]
			],
			"cuboid_centroid": [ 0, 0, 24.705400466918945 ],
			"projected_cuboid_centroid": [ 981.478271484375, 558.21331787109375 ],
			"bounding_box":
			{
				"top_left": [ -4023.658447265625, -4565.49462890625 ],
				"bottom_right": [ 2572.688232421875, 2237.979736328125 ]
			},
			"cuboid": [
				[ 19.291000366210938, -20.600000381469727, -4.8394999504089355 ],
				[ 19.291500091552734, -20.600000381469727, 54.250400543212891 ],
				[ 19.291500091552734, 20.600000381469727, 54.250400543212891 ],
				[ 19.291000366210938, 20.600000381469727, -4.8394999504089355 ],
				[ -19.291000366210938, -20.600000381469727, -4.8394999504089355 ],
				[ -19.291500091552734, -20.600000381469727, 54.250400543212891 ],
				[ -19.291500091552734, 20.600000381469727, 54.250400543212891 ],
				[ -19.291000366210938, 20.600000381469727, -4.8394999504089355 ]
			],
			"projected_cuboid": [
				[ -4955.6943359375, 6919.75537109375 ],
				[ 1511.1451416015625, -9.3079996109008789 ],
				[ 1511.1451416015625, 1125.7344970703125 ],
				[ -4955.6943359375, -5803.330078125 ],
				[ 6918.697265625, 6919.75537109375 ],
				[ 451.8328857421875, -9.3079996109008789 ],
				[ 451.8328857421875, 1125.7344970703125 ],
				[ 6918.697265625, -5803.330078125 ]
			]
		},
		{
			"class": "ExoRomper_Sat",
			"instance_id": 0,
			"visibility": 0.8913000226020813,
			"location": [ -3.5366001129150391, 3.8803000450134277, 41.366298675537109 ],
			"quaternion_xyzw": [ -0.3091999888420105, 0.92019999027252197, 0.076399996876716614, 0.22740000486373901 ],
			"pose_transform": [
				[ 0.12999999523162842, 0.098499998450279236, -0.30970001220703125, 0 ],
				[ -0.24690000712871552, -0.18700000643730164, -0.16310000419616699, 0 ],
				[ 0.21140000224113464, -0.27900001406669617, 0, 0 ],
				[ -3.5366001129150391, 3.8803000450134277, 41.366298675537109, 1 ]
			],
			"cuboid_centroid": [ -3.5366001129150391, 3.8803000450134277, 41.366298675537109 ],
			"projected_cuboid_centroid": [ 854.16107177734375, 698.40997314453125 ],
			"bounding_box":
			{
				"top_left": [ 476.2296142578125, 668.88427734375 ],
				"bottom_right": [ 902.79351806640625, 1088.738037109375 ]
			},
			"cuboid": [
				[ -0.92820000648498535, -0.23569999635219574, 36.128501892089844 ],
				[ 3.0209999084472656, 2.7571001052856445, 38.737499237060547 ],
				[ -2.8433001041412354, 10.497300148010254, 38.737701416015625 ],
				[ -6.7925000190734863, 7.5044999122619629, 36.128501892089844 ],
				[ -4.2300000190734863, -2.7367000579833984, 43.994899749755859 ],
				[ -0.27979999780654907, 0.25609999895095825, 46.604000091552734 ],
				[ -6.1435999870300293, 7.996300220489502, 46.604000091552734 ],
				[ -10.094200134277344, 5.0034999847412109, 43.994899749755859 ]
			],
			"projected_cuboid": [
				[ 943.18487548828125, 548.4644775390625 ],
				[ 1097.657958984375, 664.58770751953125 ],
				[ 872.17291259765625, 963.2197265625 ],
				[ 701.44232177734375, 868.66241455078125 ],
				[ 838.28021240234375, 465.24459838867188 ],
				[ 972.55267333984375, 566.42608642578125 ],
				[ 785.12811279296875, 814.65069580078125 ],
				[ 639.74072265625, 728.1904296875 ]
			]
		}
	]
}