{
	"camera_data":
	{
		"location_worldframe": [ 6824.478515625, -11.348600387573242, 0 ],
		"quaternion_xyzw_worldframe": [ 0, 0, 0.86250001192092896, 0.50609999895095825 ]
	},
	"objects": [
		{
			"class": "ExoRomper_FullPayload",
			"instance_id": 0,
			"visibility": 0.98669999837875366,
			"location": [ 0, 0, 24.705600738525391 ],
			"quaternion_xyzw": [ 0, 0.70709997415542603, 0, 0.70709997415542603 ],
			"pose_transform": [
				[ 1, 0, 0, 0 ],
				[ 0, 0, -1, 0 ],
				[ 0, -1, 0, 0 ],
				[ 0, 0, 24.705600738525391, 1 ]
			],
			"cuboid_centroid": [ 0, 0, 24.705299377441406 ],
			"projected_cuboid_centroid": [ 981.51641845703125, 558.21337890625 ],
			"bounding_box":
			{
				"top_left": [ -4023.5107421875, -4565.31640625 ],
				"bottom_right": [ 2572.622802734375, 2237.975830078125 ]
			},
			"cuboid": [
				[ 19.291000366210938, -20.600000381469727, -4.8396000862121582 ],
				[ 19.291000366210938, -20.600000381469727, 54.25 ],
				[ 19.291000366210938, 20.600000381469727, 54.25 ],
				[ 19.291000366210938, 20.600000381469727, -4.8396000862121582 ],
				[ -19.291500091552734, -20.600000381469727, -4.8396000862121582 ],
				[ -19.291500091552734, -20.600000381469727, 54.250198364257812 ],
				[ -19.291500091552734, 20.600000381469727, 54.250198364257812 ],
				[ -19.291500091552734, 20.600000381469727, -4.8396000862121582 ]
			],
			"projected_cuboid": [
				[ -4955.052734375, 6919.27392578125 ],
				[ 1511.1488037109375, -9.3118000030517578 ],
				[ 1511.1488037109375, 1125.7384033203125 ],
				[ -4955.052734375, -5802.84912109375 ],
				[ 6918.74072265625, 6919.59521484375 ],
				[ 451.81219482421875, -9.3118000030517578 ],
				[ 451.81219482421875, 1125.7384033203125 ],
				[ 6918.74072265625, -5803.1689453125 ]
			]
		},
		{
			"class": "ExoRomper_Sat",
			"instance_id": 0,
			"visibility": 0.97729998826980591,
			"location": [ -8.4511995315551758, 2.4941000938415527, 41.366001129150391 ],
			"quaternion_xyzw": [ 0.0098000001162290573, 0.19850000739097595, -0.048200000077486038, 0.97890001535415649 ],
			"pose_transform": [
				[ 0.13570000231266022, -0.013399999588727951, 0.32240000367164612, 0 ],
				[ 0.32080000638961792, -0.031599998474121094, -0.13629999756813049, 0 ],
				[ -0.034400001168251038, -0.34830000996589661, 0, 0 ],
				[ -8.4511995315551758, 2.4941000938415527, 41.366001129150391, 1 ]
			],
			"cuboid_centroid": [ -8.4511995315551758, 2.4941000938415527, 41.366001129150391 ],
			"projected_cuboid_centroid": [ 677.17822265625, 648.32537841796875 ],
			"bounding_box":
			{
				"top_left": [ 459.31838989257812, 467.7174072265625 ],
				"bottom_right": [ 839.22711181640625, 850.84027099609375 ]
			},
			"cuboid": [
				[ -4.6381998062133789, -2.7609999179840088, 44.369400024414062 ],
				[ -9.7714996337890625, -2.2546000480651855, 46.550498962402344 ],
				[ -8.8184003829956055, 7.4092001914978027, 46.550498962402344 ],
				[ -3.6846001148223877, 6.902900218963623, 44.369098663330078 ],
				[ -8.0834999084472656, -2.4210999011993408, 36.181198120117188 ],
				[ -13.217300415039062, -1.9148000478744507, 38.362499237060547 ],
				[ -12.264200210571289, 7.7491002082824707, 38.362300872802734 ],
				[ -7.1304001808166504, 7.2427000999450684, 36.181400299072266 ]
			],
			"projected_cuboid": [
				[ 825.78497314453125, 465.2095947265625 ],
				[ 668.80291748046875, 485.8251953125 ],
				[ 699.314208984375, 796.0980224609375 ],
				[ 857.77471923828125, 790.736328125 ],
				[ 648.6998291015625, 458.20120239257812 ],
				[ 468.306396484375, 483.61590576171875 ],
				[ 505.30270385742188, 860.114501953125 ],
				[ 687.9296875, 857.39727783203125 ]
			]
		}
	]
}