{
	"camera_data":
	{
		"location_worldframe": [ 6830.09130859375, -5.1092000007629395, 0 ],
		"quaternion_xyzw_worldframe": [ 0, 0, 0.97970002889633179, 0.20059999823570251 ]
	},
	"objects": [
		{
			"class": "ExoRomper_FullPayload",
			"instance_id": 0,
			"visibility": 0.97369998693466187,
			"location": [ 0, 0, 24.705099105834961 ],
			"quaternion_xyzw": [ 0, 0.70709997415542603, 0, 0.70709997415542603 ],
			"pose_transform": [
				[ 1, 0, 0, 0 ],
				[ 0, 0, -1, 0 ],
				[ 0, -1, 0, 0 ],
				[ 0, 0, 24.705099105834961, 1 ]
			],
			"cuboid_centroid": [ 0, 0, 24.705099105834961 ],
			"projected_cuboid_centroid": [ 981.51641845703125, 558.21270751953125 ],
			"bounding_box":
			{
				"top_left": [ -4023.363037109375, -4565.26171875 ],
				"bottom_right": [ 2572.558349609375, 2237.954833984375 ]
			},
			"cuboid": [
				[ 19.291299819946289, -20.600000381469727, -4.8397998809814453 ],
				[ 19.291299819946289, -20.600000381469727, 54.25 ],
				[ 19.291299819946289, 20.600000381469727, 54.25 ],
				[ 19.291299819946289, 20.600000381469727, -4.8397998809814453 ],
				[ -19.291500091552734, -20.600000381469727, -4.8397998809814453 ],
				[ -19.291500091552734, -20.600000381469727, 54.249500274658203 ],
				[ -19.291500091552734, 20.600000381469727, 54.249500274658203 ],
				[ -19.291500091552734, 20.600000381469727, -4.8397998809814453 ]
			],
			"projected_cuboid": [
				[ -4955.6416015625, 6919.59765625 ],
				[ 1511.16357421875, -9.3094997406005859 ],
				[ 1511.16357421875, 1125.7357177734375 ],
				[ -4955.6416015625, -5803.16796875 ],
				[ 6918.54736328125, 6919.59912109375 ],
				[ 451.82720947265625, -9.3143997192382812 ],
				[ 451.82720947265625, 1125.7408447265625 ],
				[ 6918.54736328125, -5803.166015625 ]
			]
		},
		{
			"class": "ExoRomper_Sat",
			"instance_id": 0,
			"visibility": 1,
			"location": [ -7.7838997840881348, 2.4600999355316162, 41.365200042724609 ],
			"quaternion_xyzw": [ -0.0010999999940395355, -0.75999999046325684, -0.00089999998454004526, 0.64990001916885376 ],
			"pose_transform": [
				[ -0.3458000123500824, 0.0010000000474974513, -0.05429999902844429, 0 ],
				[ -0.05429999902844429, 0.00019999999494757503, 0.3458000123500824, 0 ],
				[ -0.0010000000474974513, -0.34999999403953552, 0, 0 ],
				[ -7.7838997840881348, 2.4600999355316162, 41.365200042724609, 1 ]
			],
			"cuboid_centroid": [ -7.7838997840881348, 2.4600999355316162, 41.365200042724609 ],
			"projected_cuboid_centroid": [ 701.2147216796875, 647.09912109375 ],
			"bounding_box":
			{
				"top_left": [ 464.06939697265625, 518.12451171875 ],
				"bottom_right": [ 837.9970703125, 871.01812744140625 ]
			},
			"cuboid": [
				[ -12.623499870300293, -2.3815999031066895, 43.441898345947266 ],
				[ -11.754199981689453, -2.3840000629425049, 37.908699035644531 ],
				[ -11.72659969329834, 7.3267002105712891, 37.909698486328125 ],
				[ -12.596199989318848, 7.3291001319885254, 43.441898345947266 ],
				[ -3.8415999412536621, -2.4063999652862549, 44.821800231933594 ],
				[ -2.9718999862670898, -2.4089000225067139, 39.289100646972656 ],
				[ -2.9442999362945557, 7.3017997741699219, 39.289600372314453 ],
				[ -3.8139998912811279, 7.3042998313903809, 44.822299957275391 ]
			],
			"projected_cuboid": [
				[ 548.6746826171875, 476.27789306640625 ],
				[ 519.67950439453125, 464.22268676757812 ],
				[ 520.760986328125, 847.06329345703125 ],
				[ 549.62432861328125, 810.36358642578125 ],
				[ 853.84002685546875, 477.972412109375 ],
				[ 868.83782958984375, 466.57989501953125 ],
				[ 869.8878173828125, 835.97412109375 ],
				[ 854.761474609375, 801.77001953125 ]
			]
		}
	]
}