{
	"camera_data":
	{
		"location_worldframe": [ 6809.25146484375, 9.4890003204345703, 0 ],
		"quaternion_xyzw_worldframe": [ 0, 0, -0.39779999852180481, 0.91750001907348633 ]
	},
	"objects": [
		{
			"class": "ExoRomper_FullPayload",
			"instance_id": 0,
			"visibility": 0.97369998693466187,
			"location": [ 0.00050000002374872565, 0, 24.705099105834961 ],
			"quaternion_xyzw": [ 0, 0.70709997415542603, 0, 0.70709997415542603 ],
			"pose_transform": [
				[ 1, 0, 0, 0 ],
				[ 0, 0, -1, 0 ],
				[ 0, -1, 0, 0 ],
				[ 0.00050000002374872565, 0, 24.705099105834961, 1 ]
			],
			"cuboid_centroid": [ 0.00050000002374872565, 0, 24.705099105834961 ],
			"projected_cuboid_centroid": [ 981.4783935546875, 558.21337890625 ],
			"bounding_box":
			{
				"top_left": [ -4023.657958984375, -4565.49462890625 ],
				"bottom_right": [ 2572.688232421875, 2237.98095703125 ]
			},
			"cuboid": [
				[ 19.291500091552734, -20.600000381469727, -4.8397998809814453 ],
				[ 19.291999816894531, -20.600000381469727, 54.25 ],
				[ 19.291999816894531, 20.600000381469727, 54.25 ],
				[ 19.291500091552734, 20.600000381469727, -4.8397998809814453 ],
				[ -19.291000366210938, -20.600000381469727, -4.8397998809814453 ],
				[ -19.291000366210938, -20.600000381469727, 54.249500274658203 ],
				[ -19.291000366210938, 20.600000381469727, 54.249500274658203 ],
				[ -19.291000366210938, 20.600000381469727, -4.8397998809814453 ]
			],
			"projected_cuboid": [
				[ -4956.044921875, 6920.23779296875 ],
				[ 1511.1500244140625, -9.3042001724243164 ],
				[ 1511.1500244140625, 1125.73046875 ],
				[ -4956.044921875, -5803.80908203125 ],
				[ 6919.2451171875, 6920.23779296875 ],
				[ 451.81451416015625, -9.3092002868652344 ],
				[ 451.81451416015625, 1125.7357177734375 ],
				[ 6919.2451171875, -5803.80908203125 ]
			]
		},
		{
			"class": "ExoRomper_Sat",
			"instance_id": 0,
			"visibility": 0.93180000782012939,
			"location": [ -1.7285000085830688, 5.9134001731872559, 41.365699768066406 ],
			"quaternion_xyzw": [ -0.25690001249313354, 0.44900000095367432, 0.42500001192092896, 0.74279999732971191 ],
			"pose_transform": [
				[ 0.15700000524520874, 0.26719999313354492, 0.16269999742507935, 0 ],
				[ 0.082400001585483551, 0.14030000567436218, -0.30989998579025269, 0 ],
				[ 0.30169999599456787, -0.17730000615119934, 0, 0 ],
				[ -1.7285000085830688, 5.9134001731872559, 41.365699768066406, 1 ]
			],
			"cuboid_centroid": [ -1.7285000085830688, 5.9134001731872559, 41.365699768066406 ],
			"projected_cuboid_centroid": [ 919.22802734375, 771.8690185546875 ],
			"bounding_box":
			{
				"top_left": [ 526.82318115234375, 727.20941162109375 ],
				"bottom_right": [ 981.138427734375, 1156.77294921875 ]
			},
			"cuboid": [
				[ 5.111299991607666, 7.9684000015258789, 40.953098297119141 ],
				[ 3.7920000553131104, 5.7237000465393066, 45.911598205566406 ],
				[ -4.5801000595092773, 10.644100189208984, 45.911598205566406 ],
				[ -3.2602999210357666, 12.888799667358398, 40.952598571777344 ],
				[ 1.1230000257492065, 1.1827000379562378, 36.819801330566406 ],
				[ -0.19629999995231628, -1.062000036239624, 41.778800964355469 ],
				[ -8.5684003829956055, 3.8584001064300537, 41.778800964355469 ],
				[ -7.249000072479248, 6.1030998229980469, 36.820301055908203 ]
			],
			"projected_cuboid": [
				[ 1167.37890625, 849.0181884765625 ],
				[ 1104.498291015625, 744.53662109375 ],
				[ 832.8978271484375, 904.71368408203125 ],
				[ 862.880615234375, 1028.5865478515625 ],
				[ 1026.912841796875, 606.2205810546875 ],
				[ 974.47357177734375, 520.22198486328125 ],
				[ 676.00762939453125, 696.23968505859375 ],
				[ 688.24041748046875, 805.9404296875 ]
			]
		}
	]
}