{
	"camera_data":
	{
		"location_worldframe": [ 6812.6650390625, 11.792200088500977, 0 ],
		"quaternion_xyzw_worldframe": [ 0, 0, -0.53810000419616699, 0.84289997816085815 ]
	},
	"objects": [
		{
			"class": "ExoRomper_FullPayload",
			"instance_id": 0,
			"visibility": 0.97369998693466187,
			"location": [ 0.00050000002374872565, 0, 24.705799102783203 ],
			"quaternion_xyzw": [ 0, 0.70709997415542603, 0, 0.70709997415542603 ],
			"pose_transform": [
				[ 1, 0, 0, 0 ],
				[ 0, 0, -1, 0 ],
				[ 0, -1, 0, 0 ],
				[ 0.00050000002374872565, 0, 24.705799102783203, 1 ]
			],
			"cuboid_centroid": [ 0.00050000002374872565, 0, 24.705600738525391 ],
			"projected_cuboid_centroid": [ 981.4783935546875, 558.21337890625 ],
			"bounding_box":
			{
				"top_left": [ -4023.657958984375, -4565.49462890625 ],
				"bottom_right": [ 2572.688232421875, 2237.99658203125 ]
			},
			"cuboid": [
				[ 19.291500091552734, -20.600000381469727, -4.8393998146057129 ],
				[ 19.291999816894531, -20.600000381469727, 54.250499725341797 ],
				[ 19.291999816894531, 20.600000381469727, 54.250499725341797 ],
				[ 19.291500091552734, 20.600000381469727, -4.8393998146057129 ],
				[ -19.291000366210938, -20.600000381469727, -4.8393998146057129 ],
				[ -19.291000366210938, -20.600000381469727, 54.250499725341797 ],
				[ -19.291000366210938, 20.600000381469727, 54.250499725341797 ],
				[ -19.291000366210938, 20.600000381469727, -4.8393998146057129 ]
			],
			"projected_cuboid": [
				[ -4955.84326171875, 6919.91650390625 ],
				[ 1511.1611328125, -9.3066997528076172 ],
				[ 1511.1611328125, 1125.733154296875 ],
				[ -4955.84326171875, -5803.490234375 ],
				[ 6918.84814453125, 6919.91650390625 ],
				[ 451.81680297851562, -9.3066997528076172 ],
				[ 451.81680297851562, 1125.733154296875 ],
				[ 6918.84814453125, -5803.490234375 ]
			]
		},
		{
			"class": "ExoRomper_Sat",
			"instance_id": 0,
			"visibility": 0.94739997386932373,
			"location": [ -0.96289998292922974, 7.7996997833251953, 41.366001129150391 ],
			"quaternion_xyzw": [ 0.4659000039100647, -0.59340000152587891, 0.40529999136924744, 0.51620000600814819 ],
			"pose_transform": [
				[ -0.082199998199939728, -0.33669999241828918, -0.048399999737739563, 0 ],
				[ -0.011500000022351742, -0.047100000083446503, 0.3465999960899353, 0 ],
				[ 0.34000000357627869, -0.082999996840953827, 0, 0 ],
				[ -0.96289998292922974, 7.7996997833251953, 41.366001129150391, 1 ]
			],
			"cuboid_centroid": [ -0.96340000629425049, 7.7996997833251953, 41.366001129150391 ],
			"projected_cuboid_centroid": [ 946.7642822265625, 840.02337646484375 ],
			"bounding_box":
			{
				"top_left": [ 628.96728515625, 751.41217041015625 ],
				"bottom_right": [ 1054.82763671875, 1162.3607177734375 ]
			},
			"cuboid": [
				[ 2.6171998977661133, 1.9948999881744385, 43.524398803710938 ],
				[ 2.801300048828125, 2.7478001117706299, 37.977798461914062 ],
				[ -6.6322999000549316, 5.0514001846313477, 37.977798461914062 ],
				[ -6.8164000511169434, 4.2985000610351562, 43.524398803710938 ],
				[ 4.7055997848510742, 10.548000335693359, 44.754398345947266 ],
				[ 4.8895998001098633, 11.300999641418457, 39.207801818847656 ],
				[ -4.5439000129699707, 13.604499816894531, 39.207801818847656 ],
				[ -4.7280001640319824, 12.85159969329834, 44.754398345947266 ]
			],
			"projected_cuboid": [
				[ 1071.0374755859375, 626.71551513671875 ],
				[ 1091.3531494140625, 666.35162353515625 ],
				[ 721.3623046875, 757.0072021484375 ],
				[ 748.19842529296875, 705.818603515625 ],
				[ 1138.0980224609375, 910.46588134765625 ],
				[ 1167.2147216796875, 988.99981689453125 ],
				[ 808.832275390625, 1076.8140869140625 ],
				[ 824.1326904296875, 987.39398193359375 ]
			]
		}
	]
}