{
	"camera_data":
	{
		"location_worldframe": [ 6810.12890625, 10.240500450134277, 0 ],
		"quaternion_xyzw_worldframe": [ 0, 0, -0.43819999694824219, 0.89889997243881226 ]
	},
	"objects": [
		{
			"class": "ExoRomper_FullPayload",
			"instance_id": 0,
			"visibility": 0.98669999837875366,
			"location": [ 0, 0, 24.705600738525391 ],
			"quaternion_xyzw": [ 0, 0.70709997415542603, 0, 0.70709997415542603 ],
			"pose_transform": [
				[ 1, 0, 0, 0 ],
				[ 0, 0, -1, 0 ],
				[ 0, -1, 0, 0 ],
				[ 0, 0, 24.705600738525391, 1 ]
			],
			"cuboid_centroid": [ 0, 0, 24.705600738525391 ],
			"projected_cuboid_centroid": [ 981.4783935546875, 558.21368408203125 ],
			"bounding_box":
			{
				"top_left": [ -4023.65966796875, -4565.49462890625 ],
				"bottom_right": [ 2572.687255859375, 2237.991455078125 ]
			},
			"cuboid": [
				[ 19.291500091552734, -20.600000381469727, -4.8393998146057129 ],
				[ 19.291000366210938, -20.600000381469727, 54.25 ],
				[ 19.291000366210938, 20.600000381469727, 54.25 ],
				[ 19.291500091552734, 20.600000381469727, -4.8393998146057129 ],
				[ -19.291000366210938, -20.600000381469727, -4.8393998146057129 ],
				[ -19.291500091552734, -20.600000381469727, 54.250499725341797 ],
				[ -19.291500091552734, 20.600000381469727, 54.250499725341797 ],
				[ -19.291000366210938, 20.600000381469727, -4.8393998146057129 ]
			],
			"projected_cuboid": [
				[ -4956.1416015625, 6920.236328125 ],
				[ 1511.1463623046875, -9.3090000152587891 ],
				[ 1511.1463623046875, 1125.7359619140625 ],
				[ -4956.1416015625, -5803.810546875 ],
				[ 6919.1484375, 6920.236328125 ],
				[ 451.81451416015625, -9.3090000152587891 ],
				[ 451.81451416015625, 1125.7359619140625 ],
				[ 6919.1484375, -5803.810546875 ]
			]
		},
		{
			"class": "ExoRomper_Sat",
			"instance_id": 0,
			"visibility": 0.98360002040863037,
			"location": [ -8.426300048828125, 2.4916999340057373, 41.366199493408203 ],
			"quaternion_xyzw": [ 0.045400001108646393, 0.95590001344680786, 0.013799999840557575, -0.28979998826980591 ],
			"pose_transform": [
				[ -0.19349999725818634, 0.018400000408291817, -0.29109999537467957, 0 ],
				[ -0.28979998826980591, 0.02759999968111515, 0.19429999589920044, 0 ],
				[ -0.03319999948143959, -0.34839999675750732, 0, 0 ],
				[ -8.426300048828125, 2.4916999340057373, 41.366199493408203, 1 ]
			],
			"cuboid_centroid": [ -8.426300048828125, 2.4916999340057373, 41.366199493408203 ],
			"projected_cuboid_centroid": [ 678.041015625, 648.24151611328125 ],
			"bounding_box":
			{
				"top_left": [ 462.53500366210938, 462.17349243164062 ],
				"bottom_right": [ 839.2667236328125, 865.24072265625 ]
			},
			"cuboid": [
				[ -13.661600112915039, -1.8874000310897827, 39.224098205566406 ],
				[ -9.0249004364013672, -2.3285999298095703, 36.114700317382812 ],
				[ -8.1049995422363281, 7.3383998870849609, 36.114700317382812 ],
				[ -12.741700172424316, 7.7796998023986816, 39.224098205566406 ],
				[ -8.7480001449584961, -2.3550000190734863, 46.618198394775391 ],
				[ -4.1107997894287109, -2.7962000370025635, 43.50830078125 ],
				[ -3.1909000873565674, 6.8709001541137695, 43.50830078125 ],
				[ -7.8281002044677734, 7.3120999336242676, 46.618198394775391 ]
			],
			"projected_cuboid": [
				[ 462.65948486328125, 486.2969970703125 ],
				[ 609.23822021484375, 461.84390258789062 ],
				[ 647.190673828125, 861.91058349609375 ],
				[ 497.57949829101562, 854.64892578125 ],
				[ 701.9635009765625, 482.71310424804688 ],
				[ 840.73388671875, 462.15969848632812 ],
				[ 872.21502685546875, 794.23687744140625 ],
				[ 731.3673095703125, 792.638427734375 ]
			]
		}
	]
}