{
	"camera_data":
	{
		"location_worldframe": [ 6805.873046875, -4.3112001419067383, 0 ],
		"quaternion_xyzw_worldframe": [ 0, 0, 0.16820000112056732, 0.98580002784729004 ]
	},
	"objects": [
		{
			"class": "ExoRomper_FullPayload",
			"instance_id": 0,
			"visibility": 1,
			"location": [ 0.00019999999494757503, 0, 24.705099105834961 ],
			"quaternion_xyzw": [ 0, 0.70709997415542603, 0, 0.70709997415542603 ],
			"pose_transform": [
				[ 1, 0, 0, 0 ],
				[ 0, 0, -1, 0 ],
				[ 0, -1, 0, 0 ],
				[ 0.00019999999494757503, 0, 24.705099105834961, 1 ]
			],
			"cuboid_centroid": [ 0, 0, 24.705099105834961 ],
			"projected_cuboid_centroid": [ 981.4779052734375, 558.21307373046875 ],
			"bounding_box":
			{
				"top_left": [ -4023.364501953125, -4565.19970703125 ],
				"bottom_right": [ 2572.55712890625, 2237.98095703125 ]
			},
			"cuboid": [
				[ 19.291500091552734, -20.600000381469727, -4.8403000831604004 ],
				[ 19.291500091552734, -20.600000381469727, 54.249500274658203 ],
				[ 19.291500091552734, 20.600000381469727, 54.249500274658203 ],
				[ 19.291500091552734, 20.600000381469727, -4.8403000831604004 ],
				[ -19.291000366210938, -20.600000381469727, -4.8403000831604004 ],
				[ -19.291299819946289, -20.600000381469727, 54.249500274658203 ],
				[ -19.291299819946289, 20.600000381469727, 54.249500274658203 ],
				[ -19.291000366210938, 20.600000381469727, -4.8403000831604004 ]
			],
			"projected_cuboid": [
				[ -4955.54443359375, 6919.59765625 ],
				[ 1511.155029296875, -9.309300422668457 ],
				[ 1511.155029296875, 1125.7357177734375 ],
				[ -4955.54443359375, -5803.16796875 ],
				[ 6918.59521484375, 6919.59619140625 ],
				[ 451.82321166992188, -9.309300422668457 ],
				[ 451.82321166992188, 1125.7357177734375 ],
				[ 6918.59521484375, -5803.169921875 ]
			]
		},
		{
			"class": "ExoRomper_Sat",
			"instance_id": 0,
			"visibility": 0.92680001258850098,
			"location": [ -10.756799697875977, 3.1322999000549316, 41.362800598144531 ],
			"quaternion_xyzw": [ -0.013299999758601189, -0.059300001710653305, -0.21870000660419464, 0.97390002012252808 ],
			"pose_transform": [
				[ -0.03840000182390213, 0.018200000748038292, 0.3474000096321106, 0 ],
				[ 0.31400001049041748, -0.14859999716281891, 0.042500000447034836, 0 ],
				[ -0.14970000088214874, -0.31639999151229858, 0, 0 ],
				[ -10.756799697875977, 3.1322999000549316, 41.362800598144531, 1 ]
			],
			"cuboid_centroid": [ -10.756799697875977, 3.1322999000549316, 41.362800598144531 ],
			"projected_cuboid_centroid": [ 594.12408447265625, 671.3917236328125 ],
			"bounding_box":
			{
				"top_left": [ 459.20208740234375, 382.83740234375 ],
				"bottom_right": [ 871.03497314453125, 751.7322998046875 ]
			},
			"cuboid": [
				[ -10.808600425720215, -2.2146000862121582, 46.115699768066406 ],
				[ -15.833700180053711, 0.16259999573230743, 45.435100555419922 ],
				[ -11.68120002746582, 8.9407997131347656, 45.435100555419922 ],
				[ -6.6560001373291016, 6.5636000633239746, 46.114700317382812 ],
				[ -9.8327999114990234, -2.6761999130249023, 37.291000366210938 ],
				[ -14.85789966583252, -0.29899999499320984, 36.610801696777344 ],
				[ -10.70580005645752, 8.4792003631591797, 36.611301422119141 ],
				[ -5.6802000999450684, 6.1020002365112305, 37.291000366210938 ]
			],
			"projected_cuboid": [
				[ 632.3817138671875, 486.44049072265625 ],
				[ 462.41500854492188, 563.5615234375 ],
				[ 598.54022216796875, 852.3126220703125 ],
				[ 766.5037841796875, 770.93402099609375 ],
				[ 588.7484130859375, 450.9580078125 ],
				[ 376.99649047851562, 546.0089111328125 ],
				[ 545.93682861328125, 904.35089111328125 ],
				[ 754.60809326171875, 802.768798828125 ]
			]
		}
	]
}