{
	"camera_data":
	{
		"location_worldframe": [ 6814.8837890625, -12.586299896240234, 0 ],
		"quaternion_xyzw_worldframe": [ 0, 0, 0.61229997873306274, 0.79070001840591431 ]
	},
	"objects": [
		{
			"class": "ExoRomper_FullPayload",
			"instance_id": 0,
			"visibility": 0.98669999837875366,
			"location": [ 0, 0, 24.704700469970703 ],
			"quaternion_xyzw": [ 0, 0.70709997415542603, 0, 0.70709997415542603 ],
			"pose_transform": [
				[ 1, 0, 0, 0 ],
				[ 0, 0, -1, 0 ],
				[ 0, -1, 0, 0 ],
				[ 0, 0, 24.704700469970703, 1 ]
			],
			"cuboid_centroid": [ -0.00050000002374872565, 0, 24.704599380493164 ],
			"projected_cuboid_centroid": [ 981.51641845703125, 558.21337890625 ],
			"bounding_box":
			{
				"top_left": [ -4023.658447265625, -4565.49462890625 ],
				"bottom_right": [ 2572.688232421875, 2237.978515625 ]
			},
			"cuboid": [
				[ 19.291000366210938, -20.600000381469727, -4.8401999473571777 ],
				[ 19.291000366210938, -20.600000381469727, 54.249599456787109 ],
				[ 19.291000366210938, 20.600000381469727, 54.249599456787109 ],
				[ 19.291000366210938, 20.600000381469727, -4.8401999473571777 ],
				[ -19.291500091552734, -20.600000381469727, -4.8401999473571777 ],
				[ -19.291999816894531, -20.600000381469727, 54.249599456787109 ],
				[ -19.291999816894531, 20.600000381469727, 54.249599456787109 ],
				[ -19.291500091552734, 20.600000381469727, -4.8401999473571777 ]
			],
			"projected_cuboid": [
				[ -4955.6943359375, 6919.755859375 ],
				[ 1511.1451416015625, -9.3079996109008789 ],
				[ 1511.1451416015625, 1125.7344970703125 ],
				[ -4955.6943359375, -5803.32958984375 ],
				[ 6918.89111328125, 6919.75537109375 ],
				[ 451.8328857421875, -9.3079996109008789 ],
				[ 451.8328857421875, 1125.7344970703125 ],
				[ 6918.89111328125, -5803.330078125 ]
			]
		},
		{
			"class": "ExoRomper_Sat",
			"instance_id": 0,
			"visibility": 0.87099999189376831,
			"location": [ -14.10890007019043, 6.5008001327514648, 41.364398956298828 ],
			"quaternion_xyzw": [ 0.15270000696182251, 0.23980000615119934, -0.51510000228881836, 0.80870002508163452 ],
			"pose_transform": [
				[ 0.080700002610683441, -0.1729000061750412, 0.29339998960494995, 0 ],
				[ 0.12409999966621399, -0.26589998602867126, -0.19079999625682831, 0 ],
				[ -0.31720000505447388, -0.14800000190734863, 0, 0 ],
				[ -14.10890007019043, 6.5008001327514648, 41.364398956298828, 1 ]
			],
			"cuboid_centroid": [ -14.10890007019043, 6.5008001327514648, 41.364398956298828 ],
			"projected_cuboid_centroid": [ 473.46841430664062, 793.0958251953125 ],
			"bounding_box":
			{
				"top_left": [ 567.39190673828125, 211.7637939453125 ],
				"bottom_right": [ 1008.951904296875, 674.78497314453125 ]
			},
			"cuboid": [
				[ -16.49220085144043, 0.12470000237226486, 43.564701080322266 ],
				[ -18.478000640869141, 4.380000114440918, 46.617599487304688 ],
				[ -9.6772003173828125, 8.4856996536254883, 46.617401123046875 ],
				[ -7.6918997764587402, 4.2304000854492188, 43.564800262451172 ],
				[ -18.540500640869141, 4.5159001350402832, 36.111301422119141 ],
				[ -20.526399612426758, 8.7712001800537109, 39.164199829101562 ],
				[ -11.725600242614746, 12.876899719238281, 39.164100646972656 ],
				[ -9.7406997680664062, 8.6216001510620117, 36.111301422119141 ]
			],
			"projected_cuboid": [
				[ 417.64459228515625, 562.49249267578125 ],
				[ 391.12161254882812, 698.6361083984375 ],
				[ 672.3013916015625, 830.2642822265625 ],
				[ 718.50897216796875, 703.34271240234375 ],
				[ 216.7615966796875, 745.1146240234375 ],
				[ 200.84959411621094, 892.93212890625 ],
				[ 535.5408935546875, 1049.6102294921875 ],
				[ 579.748779296875, 915.036376953125 ]
			]
		}
	]
}