{
	"camera_data":
	{
		"location_worldframe": [ 6824.58984375, 11.285599708557129, 0 ],
		"quaternion_xyzw_worldframe": [ 0, 0, -0.86500000953674316, 0.50180000066757202 ]
	},
	"objects": [
		{
			"class": "ExoRomper_FullPayload",
			"instance_id": 0,
			"visibility": 0.97369998693466187,
			"location": [ 0.00050000002374872565, 0, 24.705600738525391 ],
			"quaternion_xyzw": [ 0, 0.70709997415542603, 0, 0.70709997415542603 ],
			"pose_transform": [
				[ 1, 0, 0, 0 ],
				[ 0, 0, -1, 0 ],
				[ 0, -1, 0, 0 ],
				[ 0.00050000002374872565, 0, 24.705600738525391, 1 ]
			],
			"cuboid_centroid": [ 0, 0, 24.705299377441406 ],
			"projected_cuboid_centroid": [ 981.51641845703125, 558.21337890625 ],
			"bounding_box":
			{
				"top_left": [ -4023.51123046875, -4565.43994140625 ],
				"bottom_right": [ 2572.622314453125, 2237.98095703125 ]
			},
			"cuboid": [
				[ 19.291999816894531, -20.600000381469727, -4.8396000862121582 ],
				[ 19.291999816894531, -20.600000381469727, 54.250198364257812 ],
				[ 19.291999816894531, 20.600000381469727, 54.250198364257812 ],
				[ 19.291999816894531, 20.600000381469727, -4.8396000862121582 ],
				[ -19.290500640869141, -20.600000381469727, -4.8396000862121582 ],
				[ -19.291500091552734, -20.600000381469727, 54.250499725341797 ],
				[ -19.291500091552734, 20.600000381469727, 54.250499725341797 ],
				[ -19.290500640869141, 20.600000381469727, -4.8396000862121582 ]
			],
			"projected_cuboid": [
				[ -4955.54443359375, 6919.59521484375 ],
				[ 1511.16357421875, -9.3092002868652344 ],
				[ 1511.16357421875, 1125.7357177734375 ],
				[ -4955.54443359375, -5803.1689453125 ],
				[ 6918.35302734375, 6919.59521484375 ],
				[ 451.81451416015625, -9.3092002868652344 ],
				[ 451.81451416015625, 1125.7357177734375 ],
				[ 6918.35302734375, -5803.1689453125 ]
			]
		},
		{
			"class": "ExoRomper_Sat",
			"instance_id": 0,
			"visibility": 0.81160002946853638,
			"location": [ -14.677700042724609, 8.3695001602172852, 41.366001129150391 ],
			"quaternion_xyzw": [ 0.54250001907348633, 0.63489997386932373, -0.35740000009536743, 0.41819998621940613 ],
			"pose_transform": [
				[ 0.050099998712539673, -0.31760001182556152, -0.13819999992847443, 0 ],
				[ -0.021500000730156898, 0.13650000095367432, -0.32159999012947083, 0 ],
				[ -0.34569999575614929, -0.054499998688697815, 0, 0 ],
				[ -14.677700042724609, 8.3695001602172852, 41.366001129150391, 1 ]
			],
			"cuboid_centroid": [ -14.677700042724609, 8.3695001602172852, 41.366001129150391 ],
			"projected_cuboid_centroid": [ 452.96490478515625, 860.611083984375 ],
			"bounding_box":
			{
				"top_left": [ 647.21728515625, 226.11610412597656 ],
				"bottom_right": [ 1070.609375, 647.98248291015625 ]
			},
			"cuboid": [
				[ -19.009799957275391, 4.6708998680114746, 37.038299560546875 ],
				[ -18.665000915527344, 2.486799955368042, 42.184101104736328 ],
				[ -9.0727996826171875, 4.0001001358032227, 42.183799743652344 ],
				[ -9.4174995422363281, 6.1841998100280762, 37.038299560546875 ],
				[ -20.282699584960938, 12.73900032043457, 40.548099517822266 ],
				[ -19.937999725341797, 10.554900169372559, 45.693801879882812 ],
				[ -10.345700263977051, 12.068099975585938, 45.693801879882812 ],
				[ -10.690400123596191, 14.252300262451172, 40.547901153564453 ]
			],
			"projected_cuboid": [
				[ 216.99299621582031, 746.6964111328125 ],
				[ 322.41128540039062, 646.32012939453125 ],
				[ 661.105712890625, 699.936279296875 ],
				[ 602.74951171875, 807.75909423828125 ],
				[ 236.41050720214844, 1027.763916015625 ],
				[ 331.55801391601562, 903.44879150390625 ],
				[ 644.2197265625, 952.94610595703125 ],
				[ 588.76971435546875, 1083.5458984375 ]
			]
		}
	]
}