{
	"camera_data":
	{
		"location_worldframe": [ 6816.91748046875, -12.942700386047363, 0 ],
		"quaternion_xyzw_worldframe": [ 0, 0, 0.67309999465942383, 0.73949998617172241 ]
	},
	"objects": [
		{
			"class": "ExoRomper_FullPayload",
			"instance_id": 0,
			"visibility": 0.98669999837875366,
			"location": [ 0, 0, 24.705499649047852 ],
			"quaternion_xyzw": [ 0, 0.70709997415542603, 0, 0.70709997415542603 ],
			"pose_transform": [
				[ 1, 0, 0, 0 ],
				[ 0, 0, -1, 0 ],
				[ 0, -1, 0, 0 ],
				[ 0, 0, 24.705499649047852, 1 ]
			],
			"cuboid_centroid": [ 0, 0, 24.705299377441406 ],
			"projected_cuboid_centroid": [ 981.4783935546875, 558.21331787109375 ],
			"bounding_box":
			{
				"top_left": [ -4023.54736328125, -4565.484375 ],
				"bottom_right": [ 2572.638916015625, 2237.978515625 ]
			},
			"cuboid": [
				[ 19.291500091552734, -20.600000381469727, -4.8394999504089355 ],
				[ 19.291000366210938, -20.600000381469727, 54.250198364257812 ],
				[ 19.291000366210938, 20.600000381469727, 54.250198364257812 ],
				[ 19.291500091552734, 20.600000381469727, -4.8394999504089355 ],
				[ -19.291500091552734, -20.600000381469727, -4.8394999504089355 ],
				[ -19.291000366210938, -20.600000381469727, 54.250198364257812 ],
				[ -19.291000366210938, 20.600000381469727, 54.250198364257812 ],
				[ -19.291500091552734, 20.600000381469727, -4.8394999504089355 ]
			],
			"projected_cuboid": [
				[ -4955.81298828125, 6919.67529296875 ],
				[ 1511.16357421875, -9.309300422668457 ],
				[ 1511.16357421875, 1125.7357177734375 ],
				[ -4955.81298828125, -5803.2490234375 ],
				[ 6918.4287109375, 6919.67529296875 ],
				[ 451.831787109375, -9.309300422668457 ],
				[ 451.831787109375, 1125.7357177734375 ],
				[ 6918.4287109375, -5803.2490234375 ]
			]
		},
		{
			"class": "ExoRomper_Sat",
			"instance_id": 0,
			"visibility": 0.97960001230239868,
			"location": [ -0.98240000009536743, 7.7262001037597656, 41.365100860595703 ],
			"quaternion_xyzw": [ 0.068599998950958252, -0.08829999715089798, 0.60949999094009399, 0.7849000096321106 ],
			"pose_transform": [
				[ -0.019300000742077827, -0.075400002300739288, 0.34119999408721924, 0 ],
				[ 0.08449999988079071, 0.33059999346733093, 0.077799998223781586, 0 ],
				[ 0.33910000324249268, -0.086699999868869781, 0, 0 ],
				[ -0.98240000009536743, 7.7262001037597656, 41.365100860595703, 1 ]
			],
			"cuboid_centroid": [ -0.98240000009536743, 7.7262001037597656, 41.365001678466797 ],
			"projected_cuboid_centroid": [ 946.10687255859375, 837.3712158203125 ],
			"bounding_box":
			{
				"top_left": [ 657.4970703125, 751.09307861328125 ],
				"bottom_right": [ 1032.0726318359375, 1159.75341796875 ]
			},
			"cuboid": [
				[ 4.1528000831604004, 8.2115001678466797, 46.321201324462891 ],
				[ 2.8002998828887939, 2.9210999011993408, 45.076499938964844 ],
				[ -6.6083998680114746, 5.3267002105712891, 45.076499938964844 ],
				[ -5.2554001808166504, 10.617099761962891, 46.321201324462891 ],
				[ 4.6420998573303223, 10.125699996948242, 37.653598785400391 ],
				[ 3.2895998954772949, 4.8351998329162598, 36.408901214599609 ],
				[ -6.1187000274658203, 7.2409000396728516, 36.408901214599609 ],
				[ -4.7660999298095703, 12.531299591064453, 37.653598785400391 ]
			],
			"projected_cuboid": [
				[ 1115.0323486328125, 823.16162109375 ],
				[ 1074.0357666015625, 655.06610107421875 ],
				[ 763.14617919921875, 734.82830810546875 ],
				[ 812.51690673828125, 900.780517578125 ],
				[ 1165.13623046875, 960.1292724609375 ],
				[ 1116.067138671875, 756.69842529296875 ],
				[ 731.16522216796875, 855.44921875 ],
				[ 792.9578857421875, 1055.6156005859375 ]
			]
		}
	]
}