{
	"camera_data":
	{
		"location_worldframe": [ 6824.02392578125, 11.590700149536133, 0 ],
		"quaternion_xyzw_worldframe": [ 0, 0, -0.85229998826980591, 0.52310001850128174 ]
	},
	"objects": [
		{
			"class": "ExoRomper_FullPayload",
			"instance_id": 0,
			"visibility": 0.98669999837875366,
			"location": [ 0, 0, 24.705299377441406 ],
			"quaternion_xyzw": [ 0, 0.70709997415542603, 0, 0.70709997415542603 ],
			"pose_transform": [
				[ 1, 0, 0, 0 ],
				[ 0, 0, -1, 0 ],
				[ 0, -1, 0, 0 ],
				[ 0, 0, 24.705299377441406, 1 ]
			],
			"cuboid_centroid": [ 0, 0, 24.705099105834961 ],
			"projected_cuboid_centroid": [ 981.55450439453125, 558.21331787109375 ],
			"bounding_box":
			{
				"top_left": [ -4023.51025390625, -4565.5634765625 ],
				"bottom_right": [ 2572.623291015625, 2237.96533203125 ]
			},
			"cuboid": [
				[ 19.290500640869141, -20.600000381469727, -4.8396000862121582 ],
				[ 19.291000366210938, -20.600000381469727, 54.25 ],
				[ 19.291000366210938, 20.600000381469727, 54.25 ],
				[ 19.290500640869141, 20.600000381469727, -4.8396000862121582 ],
				[ -19.291500091552734, -20.600000381469727, -4.8393998146057129 ],
				[ -19.291500091552734, -20.600000381469727, 54.25 ],
				[ -19.291500091552734, 20.600000381469727, 54.25 ],
				[ -19.291500091552734, 20.600000381469727, -4.8393998146057129 ]
			],
			"projected_cuboid": [
				[ -4955.73828125, 6919.59521484375 ],
				[ 1511.183349609375, -9.3118000030517578 ],
				[ 1511.183349609375, 1125.73828125 ],
				[ -4955.73828125, -5803.1689453125 ],
				[ 6918.84814453125, 6919.9169921875 ],
				[ 451.8468017578125, -9.3118000030517578 ],
				[ 451.8468017578125, 1125.73828125 ],
				[ 6918.84814453125, -5803.4892578125 ]
			]
		},
		{
			"class": "ExoRomper_Sat",
			"instance_id": 0,
			"visibility": 0.82349997758865356,
			"location": [ -14.651900291442871, 8.2101001739501953, 41.366001129150391 ],
			"quaternion_xyzw": [ 0.60100001096725464, 0.71990001201629639, 0.2223999947309494, -0.26640000939369202 ],
			"pose_transform": [
				[ -0.040699999779462814, 0.22419999539852142, -0.26570001244544983, 0 ],
				[ -0.047499999403953552, 0.2614000141620636, 0.22779999673366547, 0 ],
				[ -0.34439998865127563, -0.0625, 0, 0 ],
				[ -14.651900291442871, 8.2101001739501953, 41.366001129150391, 1 ]
			],
			"cuboid_centroid": [ -14.651900291442871, 8.2101001739501953, 41.366001129150391 ],
			"projected_cuboid_centroid": [ 453.94241333007812, 854.847900390625 ],
			"bounding_box":
			{
				"top_left": [ 642.82171630859375, 187.46369934082031 ],
				"bottom_right": [ 1068.510498046875, 646.72662353515625 ]
			},
			"cuboid": [
				[ -20.326200485229492, 12.281399726867676, 39.814701080322266 ],
				[ -19.566400527954102, 8.0982999801635742, 36.168899536132812 ],
				[ -10.012200355529785, 9.8327999114990234, 36.168899536132812 ],
				[ -10.770999908447266, 14.015899658203125, 39.814701080322266 ],
				[ -19.292499542236328, 6.587399959564209, 46.563201904296875 ],
				[ -18.532699584960938, 2.4042000770568848, 42.917499542236328 ],
				[ -8.9779996871948242, 4.138700008392334, 42.917198181152344 ],
				[ -9.737299919128418, 8.3218002319335938, 46.563201904296875 ]
			],
			"projected_cuboid": [
				[ 221.10369873046875, 1019.2374877929688 ],
				[ 175.75840759277344, 892.8521728515625 ],
				[ 569.201171875, 964.52508544921875 ],
				[ 578.56658935546875, 1084.347412109375 ],
				[ 364.3955078125, 769.652587890625 ],
				[ 338.33108520507812, 641.93878173828125 ],
				[ 669.9268798828125, 702.34228515625 ],
				[ 670.0299072265625, 825.32598876953125 ]
			]
		}
	]
}