{
	"camera_data":
	{
		"location_worldframe": [ 6827.22802734375, -9.2929000854492188, 0 ],
		"quaternion_xyzw_worldframe": [ 0, 0, 0.92180001735687256, 0.38780000805854797 ]
	},
	"objects": [
		{
			"class": "ExoRomper_FullPayload",
			"instance_id": 0,
			"visibility": 1,
			"location": [ 0, 0, 24.705600738525391 ],
			"quaternion_xyzw": [ 0, 0.70709997415542603, 0, 0.70709997415542603 ],
			"pose_transform": [
				[ 1, 0, 0, 0 ],
				[ 0, 0, -1, 0 ],
				[ 0, -1, 0, 0 ],
				[ 0, 0, 24.705600738525391, 1 ]
			],
			"cuboid_centroid": [ 0, 0, 24.705600738525391 ],
			"projected_cuboid_centroid": [ 981.51593017578125, 558.21337890625 ],
			"bounding_box":
			{
				"top_left": [ -4023.657470703125, -4565.6181640625 ],
				"bottom_right": [ 2572.688232421875, 2237.97314453125 ]
			},
			"cuboid": [
				[ 19.291500091552734, -20.600000381469727, -4.8393998146057129 ],
				[ 19.291500091552734, -20.600000381469727, 54.250499725341797 ],
				[ 19.291500091552734, 20.600000381469727, 54.250499725341797 ],
				[ 19.291500091552734, 20.600000381469727, -4.8393998146057129 ],
				[ -19.291000366210938, -20.600000381469727, -4.8393998146057129 ],
				[ -19.291500091552734, -20.600000381469727, 54.25 ],
				[ -19.291500091552734, 20.600000381469727, 54.25 ],
				[ -19.291000366210938, 20.600000381469727, -4.8393998146057129 ]
			],
			"projected_cuboid": [
				[ -4956.1416015625, 6920.2373046875 ],
				[ 1511.15869140625, -9.3042001724243164 ],
				[ 1511.15869140625, 1125.7305908203125 ],
				[ -4956.1416015625, -5803.81005859375 ],
				[ 6919.1484375, 6920.2353515625 ],
				[ 451.831787109375, -9.3091001510620117 ],
				[ 451.831787109375, 1125.7357177734375 ],
				[ 6919.1484375, -5803.8115234375 ]
			]
		},
		{
			"class": "ExoRomper_Sat",
			"instance_id": 0,
			"visibility": 0.89999997615814209,
			"location": [ -2.6284000873565674, 4.7046999931335449, 41.365200042724609 ],
			"quaternion_xyzw": [ 0.10109999775886536, -0.2312999963760376, 0.38740000128746033, 0.88669997453689575 ],
			"pose_transform": [
				[ -0.11620000004768372, -0.12549999356269836, 0.30540001392364502, 0 ],
				[ 0.20749999582767487, 0.22409999370574951, 0.17100000381469727, 0 ],
				[ 0.25679999589920044, -0.2378000020980835, 0, 0 ],
				[ -2.6284000873565674, 4.7046999931335449, 41.365200042724609, 1 ]
			],
			"cuboid_centroid": [ -2.6284000873565674, 4.7046999931335449, 41.365200042724609 ],
			"projected_cuboid_centroid": [ 886.8406982421875, 728.1998291015625 ],
			"bounding_box":
			{
				"top_left": [ 499.9547119140625, 697.6875 ],
				"bottom_right": [ 935.65557861328125, 1126.3250732421875 ]
			},
			"cuboid": [
				[ 1.1190999746322632, 1.6053999662399292, 46.611801147460938 ],
				[ -2.201200008392334, -1.9802999496459961, 43.875499725341797 ],
				[ -9.3261995315551758, 4.6174001693725586, 43.875999450683594 ],
				[ -6.0062999725341797, 8.2031002044677734, 46.611801147460938 ],
				[ 4.0697999000549316, 4.7920999526977539, 38.854999542236328 ],
				[ 0.74949997663497925, 1.2063000202178955, 36.119098663330078 ],
				[ -6.375999927520752, 7.8039999008178711, 36.118698120117188 ],
				[ -3.0557000637054443, 11.389800071716309, 38.854999542236328 ]
			],
			"projected_cuboid": [
				[ 1017.2515258789062, 609.68927001953125 ],
				[ 906.763427734375, 490.75570678710938 ],
				[ 664.88897705078125, 715.4970703125 ],
				[ 789.5631103515625, 821.23931884765625 ],
				[ 1137.510986328125, 742.5416259765625 ],
				[ 1012.4047241210938, 608.12957763671875 ],
				[ 718.55621337890625, 881.139404296875 ],
				[ 864.36798095703125, 996.32421875 ]
			]
		}
	]
}