{
	"camera_data":
	{
		"location_worldframe": [ 6821.6884765625, 12.505599975585938, 0 ],
		"quaternion_xyzw_worldframe": [ 0, 0, -0.79790002107620239, 0.60280001163482666 ]
	},
	"objects": [
		{
			"class": "ExoRomper_FullPayload",
			"instance_id": 0,
			"visibility": 0.98669999837875366,
			"location": [ 0, 0, 24.705400466918945 ],
			"quaternion_xyzw": [ 0, 0.70709997415542603, 0, 0.70709997415542603 ],
			"pose_transform": [
				[ 1, 0, 0, 0 ],
				[ 0, 0, -1, 0 ],
				[ 0, -1, 0, 0 ],
				[ 0, 0, 24.705400466918945, 1 ]
			],
			"cuboid_centroid": [ -0.00050000002374872565, 0, 24.705299377441406 ],
			"projected_cuboid_centroid": [ 981.47808837890625, 558.21319580078125 ],
			"bounding_box":
			{
				"top_left": [ -4023.658447265625, -4565.6181640625 ],
				"bottom_right": [ 2572.687744140625, 2237.98095703125 ]
			},
			"cuboid": [
				[ 19.290500640869141, -20.600000381469727, -4.8396000862121582 ],
				[ 19.290500640869141, -20.600000381469727, 54.250198364257812 ],
				[ 19.290500640869141, 20.600000381469727, 54.250198364257812 ],
				[ 19.290500640869141, 20.600000381469727, -4.8396000862121582 ],
				[ -19.291500091552734, -20.600000381469727, -4.8396000862121582 ],
				[ -19.291999816894531, -20.600000381469727, 54.250198364257812 ],
				[ -19.291999816894531, 20.600000381469727, 54.250198364257812 ],
				[ -19.291500091552734, 20.600000381469727, -4.8396000862121582 ]
			],
			"projected_cuboid": [
				[ -4955.8876953125, 6919.75537109375 ],
				[ 1511.1611328125, -9.3066997528076172 ],
				[ 1511.1611328125, 1125.733154296875 ],
				[ -4955.8876953125, -5803.330078125 ],
				[ 6918.84814453125, 6919.91650390625 ],
				[ 451.81680297851562, -9.3065996170043945 ],
				[ 451.81680297851562, 1125.733154296875 ],
				[ 6918.84814453125, -5803.490234375 ]
			]
		},
		{
			"class": "ExoRomper_Sat",
			"instance_id": 0,
			"visibility": 0.87929999828338623,
			"location": [ -13.477999687194824, 5.4154000282287598, 41.366001129150391 ],
			"quaternion_xyzw": [ 0.097499996423721313, 0.18860000371932983, -0.44900000095367432, 0.86799997091293335 ],
			"pose_transform": [
				[ 0.083899997174739838, -0.1185000017285347, 0.31850001215934753, 0 ],
				[ 0.18400000035762787, -0.25990000367164612, -0.14519999921321869, 0 ],
				[ -0.28560000658035278, -0.20229999721050262, 0, 0 ],
				[ -13.477999687194824, 5.4154000282287598, 41.366001129150391, 1 ]
			],
			"cuboid_centroid": [ -13.477999687194824, 5.4154000282287598, 41.366001129150391 ],
			"projected_cuboid_centroid": [ 496.2130126953125, 753.87249755859375 ],
			"bounding_box":
			{
				"top_left": [ 532.7147216796875, 220.70359802246094 ],
				"bottom_right": [ 959.36151123046875, 697.3302001953125 ]
			},
			"cuboid": [
				[ -14.902299880981445, -0.97500002384185791, 44.248401641845703 ],
				[ -17.847200393676758, 3.1839001178741455, 46.572101593017578 ],
				[ -9.9214000701904297, 8.7953996658325195, 46.572101593017578 ],
				[ -6.9770998954772949, 4.6364002227783203, 44.248401641845703 ],
				[ -17.033700942993164, 2.0353999137878418, 36.159801483154297 ],
				[ -19.978500366210938, 6.1943001747131348, 38.483501434326172 ],
				[ -12.052700042724609, 11.805700302124023, 38.483501434326172 ],
				[ -9.1084003448486328, 7.6468000411987305, 36.159698486328125 ]
			],
			"projected_cuboid": [
				[ 479.87689208984375, 525.28057861328125 ],
				[ 410.731201171875, 660.38922119140625 ],
				[ 664.20892333984375, 840.4688720703125 ],
				[ 746.644287109375, 714.81768798828125 ],
				[ 279.8677978515625, 642.34027099609375 ],
				[ 208.26589965820312, 798.77850341796875 ],
				[ 515.01922607421875, 1016.70947265625 ],
				[ 606.334228515625, 874.27587890625 ]
			]
		}
	]
}