{
	"camera_data":
	{
		"location_worldframe": [ 6831.1298828125, 0.43840000033378601, 0 ],
		"quaternion_xyzw_worldframe": [ 0, 0, -0.99989998340606689, 0.016899999231100082 ]
	},
	"objects": [
		{
			"class": "ExoRomper_FullPayload",
			"instance_id": 0,
			"visibility": 0.96100002527236938,
			"location": [ 0, 0, 24.706100463867188 ],
			"quaternion_xyzw": [ 0, 0.70709997415542603, 0, 0.70709997415542603 ],
			"pose_transform": [
				[ 1, 0, 0, 0 ],
				[ 0, 0, -1, 0 ],
				[ 0, -1, 0, 0 ],
				[ 0, 0, 24.706100463867188, 1 ]
			],
			"cuboid_centroid": [ 0, 0, 24.705600738525391 ],
			"projected_cuboid_centroid": [ 981.49542236328125, 558.21307373046875 ],
			"bounding_box":
			{
				"top_left": [ -4023.36181640625, -4565.22900390625 ],
				"bottom_right": [ 2572.558349609375, 2237.9775390625 ]
			},
			"cuboid": [
				[ 19.291299819946289, -20.600000381469727, -4.838900089263916 ],
				[ 19.291299819946289, -20.600000381469727, 54.250999450683594 ],
				[ 19.291299819946289, 20.600000381469727, 54.250999450683594 ],
				[ 19.291299819946289, 20.600000381469727, -4.838900089263916 ],
				[ -19.291299819946289, -20.600000381469727, -4.838900089263916 ],
				[ -19.291299819946289, -20.600000381469727, 54.250999450683594 ],
				[ -19.291299819946289, 20.600000381469727, 54.250999450683594 ],
				[ -19.291299819946289, 20.600000381469727, -4.838900089263916 ]
			],
			"projected_cuboid": [
				[ -4955.5537109375, 6919.59619140625 ],
				[ 1511.161376953125, -9.3092002868652344 ],
				[ 1511.161376953125, 1125.7357177734375 ],
				[ -4955.5537109375, -5803.166015625 ],
				[ 6918.5498046875, 6919.59619140625 ],
				[ 451.82830810546875, -9.309300422668457 ],
				[ 451.82830810546875, 1125.7354736328125 ],
				[ 6918.5498046875, -5803.166015625 ]
			]
		},
		{
			"class": "ExoRomper_Sat",
			"instance_id": 0,
			"visibility": 0.96079999208450317,
			"location": [ -6.4699997901916504, 2.5813000202178955, 41.365699768066406 ],
			"quaternion_xyzw": [ 0.073600001633167267, -0.78939998149871826, 0.056600000709295273, 0.60680001974105835 ],
			"pose_transform": [
				[ -0.33239999413490295, -0.0625, -0.090000003576278687, 0 ],
				[ -0.088500000536441803, -0.016599999740719795, 0.33820000290870667, 0 ],
				[ 0.064699999988079071, -0.34400001168251038, 0, 0 ],
				[ -6.4699997901916504, 2.5813000202178955, 41.365699768066406, 1 ]
			],
			"cuboid_centroid": [ -6.4699997901916504, 2.5813000202178955, 41.365699768066406 ],
			"projected_cuboid_centroid": [ 748.51727294921875, 651.47900390625 ],
			"bounding_box":
			{
				"top_left": [ 447.076904296875, 567.6138916015625 ],
				"bottom_right": [ 849.12408447265625, 955.9857177734375 ]
			},
			"cuboid": [
				[ -10.501700401306152, -3.1177000999450684, 42.928699493408203 ],
				[ -9.0855998992919922, -2.8513000011444092, 37.5166015625 ],
				[ -10.880900382995605, 6.6919999122619629, 37.5166015625 ],
				[ -12.297100067138672, 6.4256000518798828, 42.928699493408203 ],
				[ -2.0590999126434326, -1.5293999910354614, 45.215801239013672 ],
				[ -0.64289999008178711, -1.2630000114440918, 39.803699493408203 ],
				[ -2.4382998943328857, 8.2803001403808594, 39.803699493408203 ],
				[ -3.8543999195098877, 8.0138998031616211, 45.215801239013672 ]
			],
			"projected_cuboid": [
				[ 617.1085205078125, 449.66690063476562 ],
				[ 620.76641845703125, 444.62109375 ],
				[ 549.48468017578125, 824.813720703125 ],
				[ 554.813720703125, 781.9268798828125 ],
				[ 913.663330078125, 507.65780639648438 ],
				[ 957.4342041015625, 510.78750610351562 ],
				[ 890.2484130859375, 869.13397216796875 ],
				[ 854.51947021484375, 823.111083984375 ]
			]
		}
	]
}