{
	"camera_data":
	{
		"location_worldframe": [ 6828.9296875, -7.2469000816345215, 0 ],
		"quaternion_xyzw_worldframe": [ 0, 0, 0.95660001039505005, 0.29139998555183411 ]
	},
	"objects": [
		{
			"class": "ExoRomper_FullPayload",
			"instance_id": 0,
			"visibility": 0.98669999837875366,
			"location": [ 0, 0, 24.704599380493164 ],
			"quaternion_xyzw": [ 0, 0.70709997415542603, 0, 0.70709997415542603 ],
			"pose_transform": [
				[ 1, 0, 0, 0 ],
				[ 0, 0, -1, 0 ],
				[ 0, -1, 0, 0 ],
				[ 0, 0, 24.704599380493164, 1 ]
			],
			"cuboid_centroid": [ 0, 0, 24.704599380493164 ],
			"projected_cuboid_centroid": [ 981.49737548828125, 558.21307373046875 ],
			"bounding_box":
			{
				"top_left": [ -4023.363037109375, -4565.26171875 ],
				"bottom_right": [ 2572.558349609375, 2237.97314453125 ]
			},
			"cuboid": [
				[ 19.291299819946289, -20.600000381469727, -4.8403000831604004 ],
				[ 19.291000366210938, -20.600000381469727, 54.249500274658203 ],
				[ 19.291000366210938, 20.600000381469727, 54.249500274658203 ],
				[ 19.291299819946289, 20.600000381469727, -4.8403000831604004 ],
				[ -19.29170036315918, -20.600000381469727, -4.8407998085021973 ],
				[ -19.291500091552734, -20.600000381469727, 54.249000549316406 ],
				[ -19.291500091552734, 20.600000381469727, 54.249000549316406 ],
				[ -19.29170036315918, 20.600000381469727, -4.8407998085021973 ]
			],
			"projected_cuboid": [
				[ -4955.6416015625, 6919.59619140625 ],
				[ 1511.16357421875, -9.309300422668457 ],
				[ 1511.16357421875, 1125.7357177734375 ],
				[ -4955.6416015625, -5803.169921875 ],
				[ 6918.54736328125, 6919.59619140625 ],
				[ 451.82720947265625, -9.3143997192382812 ],
				[ 451.82720947265625, 1125.7408447265625 ],
				[ 6918.54736328125, -5803.169921875 ]
			]
		},
		{
			"class": "ExoRomper_Sat",
			"instance_id": 0,
			"visibility": 0.98110002279281616,
			"location": [ -9.0051002502441406, 2.5715000629425049, 41.364700317382812 ],
			"quaternion_xyzw": [ 0.079099997878074646, 0.88510000705718994, -0.040800001472234726, 0.45680001378059387 ],
			"pose_transform": [
				[ 0.28080001473426819, -0.050599999725818634, -0.20280000567436218, 0 ],
				[ -0.19959999620914459, 0.035999998450279236, -0.28529998660087585, 0 ],
				[ -0.06210000067949295, -0.34450000524520874, 0, 0 ],
				[ -9.0051002502441406, 2.5715000629425049, 41.364700317382812, 1 ]
			],
			"cuboid_centroid": [ -9.0051002502441406, 2.5715000629425049, 41.364700317382812 ],
			"projected_cuboid_centroid": [ 657.2470703125, 651.1240234375 ],
			"bounding_box":
			{
				"top_left": [ 446.43148803710938, 444.9818115234375 ],
				"bottom_right": [ 844.27947998046875, 857.84100341796875 ]
			},
			"cuboid": [
				[ -7.8972001075744629, -2.5617001056671143, 36.507301330566406 ],
				[ -4.7038998603820801, -3.1370999813079834, 41.071800231933594 ],
				[ -2.9818999767303467, 6.4197001457214355, 41.072299957275391 ],
				[ -6.1750001907348633, 6.9952001571655273, 36.507301330566406 ],
				[ -15.028300285339355, -1.2767000198364258, 41.657699584960938 ],
				[ -11.835000038146973, -1.8521000146865845, 46.223098754882812 ],
				[ -10.112799644470215, 7.7048001289367676, 46.222698211669922 ],
				[ -13.306400299072266, 8.2802000045776367, 41.657699584960938 ]
			],
			"projected_cuboid": [
				[ 659.31072998046875, 453.34368896484375 ],
				[ 810.91619873046875, 444.05960083007812 ],
				[ 873.36639404296875, 791.81622314453125 ],
				[ 729.56561279296875, 844.5828857421875 ],
				[ 444.16140747070312, 512.41070556640625 ],
				[ 600.1395263671875, 498.3291015625 ],
				[ 655.6273193359375, 807.33660888671875 ],
				[ 505.7340087890625, 855.280029296875 ]
			]
		}
	]
}