{
	"camera_data":
	{
		"location_worldframe": [ 6823.4560546875, 11.862199783325195, 0 ],
		"quaternion_xyzw_worldframe": [ 0, 0, -0.83939999341964722, 0.54350000619888306 ]
	},
	"objects": [
		{
			"class": "ExoRomper_FullPayload",
			"instance_id": 0,
			"visibility": 0.97369998693466187,
			"location": [ -0.00050000002374872565, 0, 24.705299377441406 ],
			"quaternion_xyzw": [ 0, 0.70709997415542603, 0, 0.70709997415542603 ],
			"pose_transform": [
				[ 1, 0, 0, 0 ],
				[ 0, 0, -1, 0 ],
				[ 0, -1, 0, 0 ],
				[ -0.00050000002374872565, 0, 24.705299377441406, 1 ]
			],
			"cuboid_centroid": [ -0.0010000000474974513, 0, 24.705099105834961 ],
			"projected_cuboid_centroid": [ 981.51641845703125, 558.21331787109375 ],
			"bounding_box":
			{
				"top_left": [ -4023.51123046875, -4565.43994140625 ],
				"bottom_right": [ 2572.622802734375, 2237.98095703125 ]
			},
			"cuboid": [
				[ 19.291000366210938, -20.600000381469727, -4.8397998809814453 ],
				[ 19.290500640869141, -20.600000381469727, 54.25 ],
				[ 19.290500640869141, 20.600000381469727, 54.25 ],
				[ 19.291000366210938, 20.600000381469727, -4.8397998809814453 ],
				[ -19.291999816894531, -20.600000381469727, -4.8396000862121582 ],
				[ -19.291999816894531, -20.600000381469727, 54.25 ],
				[ -19.291999816894531, 20.600000381469727, 54.25 ],
				[ -19.291999816894531, 20.600000381469727, -4.8396000862121582 ]
			],
			"projected_cuboid": [
				[ -4955.73828125, 6919.59521484375 ],
				[ 1511.16357421875, -9.3092002868652344 ],
				[ 1511.16357421875, 1125.7357177734375 ],
				[ -4955.73828125, -5803.169921875 ],
				[ 6918.84814453125, 6919.9169921875 ],
				[ 451.831787109375, -9.3092002868652344 ],
				[ 451.831787109375, 1125.7357177734375 ],
				[ 6918.84814453125, -5803.490234375 ]
			]
		},
		{
			"class": "ExoRomper_Sat",
			"instance_id": 0,
			"visibility": 0.93999999761581421,
			"location": [ -1.4198999404907227, 6.5054998397827148, 41.366001129150391 ],
			"quaternion_xyzw": [ -0.53560000658035278, 0.84020000696182251, -0.045600000768899918, -0.071500003337860107 ],
			"pose_transform": [
				[ -0.02500000037252903, -0.053599998354911804, -0.3449999988079071, 0 ],
				[ -0.14560000598430634, -0.31270000338554382, 0.059200000017881393, 0 ],
				[ 0.31729999184608459, -0.1476999968290329, 0, 0 ],
				[ -1.4198999404907227, 6.5054998397827148, 41.366001129150391, 1 ]
			],
			"cuboid_centroid": [ -1.4198999404907227, 6.5054998397827148, 41.366001129150391 ],
			"projected_cuboid_centroid": [ 930.40142822265625, 793.26068115234375 ],
			"bounding_box":
			{
				"top_left": [ 614.97100830078125, 730.110107421875 ],
				"bottom_right": [ 959.85400390625, 1130.6458740234375 ]
			},
			"cuboid": [
				[ 1.5, 1.2727999687194824, 37.458301544189453 ],
				[ 3.8301000595092773, 6.2771000862121582, 36.511699676513672 ],
				[ -4.9731001853942871, 10.37600040435791, 36.511699676513672 ],
				[ -7.3031997680664062, 5.3716998100280762, 37.458301544189453 ],
				[ 2.1338000297546387, 2.6350998878479004, 46.220500946044922 ],
				[ 4.4643998146057129, 7.6392998695373535, 45.273700714111328 ],
				[ -4.338900089263916, 11.738200187683105, 45.273700714111328 ],
				[ -6.6694002151489258, 6.7340002059936523, 46.220500946044922 ]
			],
			"projected_cuboid": [
				[ 1041.1654052734375, 608.99871826171875 ],
				[ 1137.759765625, 815.1588134765625 ],
				[ 778.619873046875, 982.94342041015625 ],
				[ 691.1005859375, 772.54351806640625 ],
				[ 1050.301025390625, 643.4202880859375 ],
				[ 1128.4132080078125, 810.40167236328125 ],
				[ 838.77886962890625, 945.71441650390625 ],
				[ 766.59942626953125, 775.9613037109375 ]
			]
		}
	]
}