{
	"camera_data":
	{
		"location_worldframe": [ 6814.3916015625, -12.448699951171875, 0 ],
		"quaternion_xyzw_worldframe": [ 0, 0, 0.5965999960899353, 0.80250000953674316 ]
	},
	"objects": [
		{
			"class": "ExoRomper_FullPayload",
			"instance_id": 0,
			"visibility": 0.96100002527236938,
			"location": [ 0, 0, 24.705099105834961 ],
			"quaternion_xyzw": [ 0, 0.70709997415542603, 0, 0.70709997415542603 ],
			"pose_transform": [
				[ 1, 0, 0, 0 ],
				[ 0, 0, -1, 0 ],
				[ 0, -1, 0, 0 ],
				[ 0, 0, 24.705099105834961, 1 ]
			],
			"cuboid_centroid": [ 0.00050000002374872565, 0, 24.704799652099609 ],
			"projected_cuboid_centroid": [ 981.51641845703125, 558.21337890625 ],
			"bounding_box":
			{
				"top_left": [ -4023.5107421875, -4565.31640625 ],
				"bottom_right": [ 2572.622802734375, 2237.975830078125 ]
			},
			"cuboid": [
				[ 19.291500091552734, -20.600000381469727, -4.8400998115539551 ],
				[ 19.291500091552734, -20.600000381469727, 54.249801635742188 ],
				[ 19.291500091552734, 20.600000381469727, 54.249801635742188 ],
				[ 19.291500091552734, 20.600000381469727, -4.8400998115539551 ],
				[ -19.291000366210938, -20.600000381469727, -4.8400001525878906 ],
				[ -19.291000366210938, -20.600000381469727, 54.249801635742188 ],
				[ -19.291000366210938, 20.600000381469727, 54.249801635742188 ],
				[ -19.291000366210938, 20.600000381469727, -4.8400001525878906 ]
			],
			"projected_cuboid": [
				[ -4955.3955078125, 6919.4345703125 ],
				[ 1511.164794921875, -9.3105001449584961 ],
				[ 1511.164794921875, 1125.737060546875 ],
				[ -4955.3955078125, -5803.00927734375 ],
				[ 6918.54736328125, 6919.59521484375 ],
				[ 451.8306884765625, -9.3105001449584961 ],
				[ 451.8306884765625, 1125.737060546875 ],
				[ 6918.54736328125, -5803.1689453125 ]
			]
		},
		{
			"class": "ExoRomper_Sat",
			"instance_id": 0,
			"visibility": 0.98250001668930054,
			"location": [ -6.8671998977661133, 2.5176999568939209, 41.364498138427734 ],
			"quaternion_xyzw": [ -0.055300001055002213, 0.85939997434616089, 0.032600000500679016, 0.50730001926422119 ],
			"pose_transform": [
				[ 0.30390000343322754, 0.039299998432397842, -0.16910000145435333, 0 ],
				[ -0.16769999265670776, -0.021700000390410423, -0.30640000104904175, 0 ],
				[ 0.044900000095367432, -0.34709998965263367, 0, 0 ],
				[ -6.8671998977661133, 2.5176999568939209, 41.364498138427734, 1 ]
			],
			"cuboid_centroid": [ -6.8671998977661133, 2.5176999568939209, 41.364601135253906 ],
			"projected_cuboid_centroid": [ 734.1962890625, 649.18182373046875 ],
			"bounding_box":
			{
				"top_left": [ 452.09588623046875, 531.19488525390625 ],
				"bottom_right": [ 844.56097412109375, 943.73651123046875 ]
			},
			"cuboid": [
				[ -3.7270998954772949, -1.9722000360488892, 36.765300750732422 ],
				[ -1.0439000129699707, -1.6253999471664429, 41.668899536132812 ],
				[ -2.287600040435791, 8.0052995681762695, 41.668899536132812 ],
				[ -4.9717001914978027, 7.6585001945495605, 36.765300750732422 ],
				[ -11.44629955291748, -2.9697999954223633, 41.060199737548828 ],
				[ -8.762700080871582, -2.622999906539917, 45.963901519775391 ],
				[ -10.007800102233887, 7.0075998306274414, 45.964000701904297 ],
				[ -12.690899848937988, 6.6607999801635742, 41.060199737548828 ]
			],
			"projected_cuboid": [
				[ 830.46240234375, 478.04019165039062 ],
				[ 944.1834716796875, 499.91421508789062 ],
				[ 899.7034912109375, 845.34228515625 ],
				[ 780.0498046875, 869.5408935546875 ],
				[ 566.25738525390625, 450.11318969726562 ],
				[ 697.5194091796875, 472.92279052734375 ],
				[ 657.1754150390625, 786.072998046875 ],
				[ 521.09521484375, 800.66278076171875 ]
			]
		}
	]
}