{
	"camera_data":
	{
		"location_worldframe": [ 6822.2099609375, -12.345600128173828, 0 ],
		"quaternion_xyzw_worldframe": [ 0, 0, 0.81029999256134033, 0.58600002527236938 ]
	},
	"objects": [
		{
			"class": "ExoRomper_FullPayload",
			"instance_id": 0,
			"visibility": 0.98669999837875366,
			"location": [ -0.00050000002374872565, 0, 24.705299377441406 ],
			"quaternion_xyzw": [ 0, 0.70709997415542603, 0, 0.70709997415542603 ],
			"pose_transform": [
				[ 1, 0, 0, 0 ],
				[ 0, 0, -1, 0 ],
				[ 0, -1, 0, 0 ],
				[ -0.00050000002374872565, 0, 24.705299377441406, 1 ]
			],
			"cuboid_centroid": [ -0.00050000002374872565, 0, 24.705099105834961 ],
			"projected_cuboid_centroid": [ 981.51641845703125, 558.21307373046875 ],
			"bounding_box":
			{
				"top_left": [ -4023.5107421875, -4565.5634765625 ],
				"bottom_right": [ 2572.622802734375, 2237.96533203125 ]
			},
			"cuboid": [
				[ 19.291500091552734, -20.600000381469727, -4.8396000862121582 ],
				[ 19.291000366210938, -20.600000381469727, 54.250198364257812 ],
				[ 19.291000366210938, 20.600000381469727, 54.250198364257812 ],
				[ 19.291500091552734, 20.600000381469727, -4.8396000862121582 ],
				[ -19.291999816894531, -20.600000381469727, -4.8396000862121582 ],
				[ -19.291500091552734, -20.600000381469727, 54.25 ],
				[ -19.291500091552734, 20.600000381469727, 54.25 ],
				[ -19.291999816894531, 20.600000381469727, -4.8396000862121582 ]
			],
			"projected_cuboid": [
				[ -4955.73828125, 6919.59521484375 ],
				[ 1511.16357421875, -9.309300422668457 ],
				[ 1511.16357421875, 1125.7357177734375 ],
				[ -4955.73828125, -5803.1689453125 ],
				[ 6918.54736328125, 6919.59521484375 ],
				[ 451.84909057617188, -9.3092002868652344 ],
				[ 451.84909057617188, 1125.7357177734375 ],
				[ 6918.54736328125, -5803.1689453125 ]
			]
		},
		{
			"class": "ExoRomper_Sat",
			"instance_id": 0,
			"visibility": 0.94120001792907715,
			"location": [ -11.354000091552734, 3.4516000747680664, 41.365501403808594 ],
			"quaternion_xyzw": [ -0.19740000367164612, -0.71520000696182251, -0.17839999496936798, 0.64630001783370972 ],
			"pose_transform": [
				[ -0.29890000820159912, 0.1785999983549118, -0.035300001502037048, 0 ],
				[ -0.030300000682473183, 0.01810000091791153, 0.3481999933719635, 0 ],
				[ -0.17949999868869781, -0.30050000548362732, 0, 0 ],
				[ -11.354000091552734, 3.4516000747680664, 41.365501403808594, 1 ]
			],
			"cuboid_centroid": [ -11.354000091552734, 3.4516000747680664, 41.365501403808594 ],
			"projected_cuboid_centroid": [ 572.65032958984375, 682.923583984375 ],
			"bounding_box":
			{
				"top_left": [ 447.6553955078125, 309.09921264648438 ],
				"bottom_right": [ 879.49432373046875, 760.38909912109375 ]
			},
			"cuboid": [
				[ -17.88330078125, 1.6967999935150146, 43.702899932861328 ],
				[ -17.398399353027344, 1.406999945640564, 38.130901336669922 ],
				[ -12.417499542236328, 9.7431001663208008, 38.130901336669922 ],
				[ -12.902299880981445, 10.032899856567383, 43.703098297119141 ],
				[ -10.291000366210938, -2.8397998809814453, 44.599899291992188 ],
				[ -9.8057003021240234, -3.1296000480651855, 39.027599334716797 ],
				[ -4.825200080871582, 5.2063999176025391, 39.027801513671875 ],
				[ -5.3101000785827637, 5.4962000846862793, 44.599899291992188 ]
			],
			"projected_cuboid": [
				[ 372.00961303710938, 616.24169921875 ],
				[ 301.89620971679688, 613.36199951171875 ],
				[ 496.4453125, 940.1019287109375 ],
				[ 541.778076171875, 901.3206787109375 ],
				[ 637.84368896484375, 463.04940795898438 ],
				[ 607.2664794921875, 438.36331176757812 ],
				[ 797.37457275390625, 757.5938720703125 ],
				[ 804.176025390625, 742.39617919921875 ]
			]
		}
	]
}