{
	"camera_data":
	{
		"location_worldframe": [ 6821.00390625, -12.680000305175781, 0 ],
		"quaternion_xyzw_worldframe": [ 0, 0, 0.78119999170303345, 0.62430000305175781 ]
	},
	"objects": [
		{
			"class": "ExoRomper_FullPayload",
			"instance_id": 0,
			"visibility": 0.97369998693466187,
			"location": [ 0.00050000002374872565, 0, 24.705099105834961 ],
			"quaternion_xyzw": [ 0, 0.70709997415542603, 0, 0.70709997415542603 ],
			"pose_transform": [
				[ 1, 0, 0, 0 ],
				[ 0, 0, -1, 0 ],
				[ 0, -1, 0, 0 ],
				[ 0.00050000002374872565, 0, 24.705099105834961, 1 ]
			],
			"cuboid_centroid": [ 0.00050000002374872565, 0, 24.704999923706055 ],
			"projected_cuboid_centroid": [ 981.4783935546875, 558.21319580078125 ],
			"bounding_box":
			{
				"top_left": [ -4023.58447265625, -4565.529296875 ],
				"bottom_right": [ 2572.65576171875, 2237.960205078125 ]
			},
			"cuboid": [
				[ 19.291500091552734, -20.600000381469727, -4.8400001525878906 ],
				[ 19.291500091552734, -20.600000381469727, 54.249900817871094 ],
				[ 19.291500091552734, 20.600000381469727, 54.249900817871094 ],
				[ 19.291500091552734, 20.600000381469727, -4.8400001525878906 ],
				[ -19.291000366210938, -20.600000381469727, -4.8400001525878906 ],
				[ -19.291000366210938, -20.600000381469727, 54.249900817871094 ],
				[ -19.291000366210938, 20.600000381469727, 54.249900817871094 ],
				[ -19.291000366210938, 20.600000381469727, -4.8400001525878906 ]
			],
			"projected_cuboid": [
				[ -4955.73828125, 6919.595703125 ],
				[ 1511.164794921875, -9.3105001449584961 ],
				[ 1511.164794921875, 1125.737060546875 ],
				[ -4955.73828125, -5803.16796875 ],
				[ 6918.39697265625, 6919.43505859375 ],
				[ 451.8306884765625, -9.3105001449584961 ],
				[ 451.8306884765625, 1125.737060546875 ],
				[ 6918.39697265625, -5803.0087890625 ]
			]
		},
		{
			"class": "ExoRomper_Sat",
			"instance_id": 0,
			"visibility": 0.84380000829696655,
			"location": [ -14.340299606323242, 7.0625, 41.364700317382812 ],
			"quaternion_xyzw": [ 0.47440001368522644, 0.67799997329711914, -0.32190001010894775, 0.46000000834465027 ],
			"pose_transform": [
				[ 0.11140000075101852, -0.30559998750686646, -0.12929999828338623, 0 ],
				[ -0.044300001114606857, 0.12150000035762787, -0.32519999146461487, 0 ],
				[ -0.32879999279975891, -0.11990000307559967, 0, 0 ],
				[ -14.340299606323242, 7.0625, 41.364700317382812, 1 ]
			],
			"cuboid_centroid": [ -14.340299606323242, 7.0625, 41.364700317382812 ],
			"projected_cuboid_centroid": [ 465.12811279296875, 813.39129638671875 ],
			"bounding_box":
			{
				"top_left": [ 581.423828125, 230.19410705566406 ],
				"bottom_right": [ 1029.264404296875, 667.1759033203125 ]
			},
			"cuboid": [
				[ -17.841299057006836, 2.4906001091003418, 37.120201110839844 ],
				[ -17.132299423217773, 0.54659998416900635, 42.324699401855469 ],
				[ -8.0093002319335938, 3.8733000755310059, 42.324699401855469 ],
				[ -8.7178001403808594, 5.8172998428344727, 37.120399475097656 ],
				[ -20.67140007019043, 10.251700401306152, 40.404701232910156 ],
				[ -19.96190071105957, 8.3077001571655273, 45.609298706054688 ],
				[ -10.839400291442871, 11.634400367736816, 45.609298706054688 ],
				[ -11.547900199890137, 13.578399658203125, 40.404800415039062 ]
			],
			"projected_cuboid": [
				[ 265.5950927734375, 658.49139404296875 ],
				[ 378.55770874023438, 577.5142822265625 ],
				[ 699.62457275390625, 694.98748779296875 ],
				[ 631.67608642578125, 792.434814453125 ],
				[ 219.46270751953125, 937.42279052734375 ],
				[ 329.57699584960938, 830.4481201171875 ],
				[ 627.522216796875, 939.46148681640625 ],
				[ 555.78582763671875, 1060.4781494140625 ]
			]
		}
	]
}