{
	"camera_data":
	{
		"location_worldframe": [ 6808.39208984375, -8.6042995452880859, 0 ],
		"quaternion_xyzw_worldframe": [ 0, 0, 0.35379999876022339, 0.93529999256134033 ]
	},
	"objects": [
		{
			"class": "ExoRomper_FullPayload",
			"instance_id": 0,
			"visibility": 0.98669999837875366,
			"location": [ 0, 0, 24.705600738525391 ],
			"quaternion_xyzw": [ 0, 0.70709997415542603, 0, 0.70709997415542603 ],
			"pose_transform": [
				[ 1, 0, 0, 0 ],
				[ 0, 0, -1, 0 ],
				[ 0, -1, 0, 0 ],
				[ 0, 0, 24.705600738525391, 1 ]
			],
			"cuboid_centroid": [ 0, 0, 24.705099105834961 ],
			"projected_cuboid_centroid": [ 981.49737548828125, 558.21337890625 ],
			"bounding_box":
			{
				"top_left": [ -4023.65966796875, -4565.6181640625 ],
				"bottom_right": [ 2572.687255859375, 2237.962890625 ]
			},
			"cuboid": [
				[ 19.291500091552734, -20.600000381469727, -4.8397998809814453 ],
				[ 19.291500091552734, -20.600000381469727, 54.25 ],
				[ 19.291500091552734, 20.600000381469727, 54.25 ],
				[ 19.291500091552734, 20.600000381469727, -4.8397998809814453 ],
				[ -19.291000366210938, -20.600000381469727, -4.8397998809814453 ],
				[ -19.291000366210938, -20.600000381469727, 54.25 ],
				[ -19.291000366210938, 20.600000381469727, 54.25 ],
				[ -19.291000366210938, 20.600000381469727, -4.8397998809814453 ]
			],
			"projected_cuboid": [
				[ -4955.6416015625, 6919.59423828125 ],
				[ 1511.16845703125, -9.3141002655029297 ],
				[ 1511.16845703125, 1125.740966796875 ],
				[ -4955.6416015625, -5803.1689453125 ],
				[ 6917.849609375, 6918.95068359375 ],
				[ 451.84051513671875, -9.3092002868652344 ],
				[ 451.84051513671875, 1125.7357177734375 ],
				[ 6917.849609375, -5802.529296875 ]
			]
		},
		{
			"class": "ExoRomper_Sat",
			"instance_id": 0,
			"visibility": 0.9090999960899353,
			"location": [ -12.174799919128418, 4.0240998268127441, 41.364299774169922 ],
			"quaternion_xyzw": [ 0.17630000412464142, 0.49700000882148743, -0.28400000929832458, 0.80080002546310425 ],
			"pose_transform": [
				[ 0.2434999942779541, -0.19760000705718994, 0.15539999306201935, 0 ],
				[ 0.12060000002384186, -0.09790000319480896, -0.31360000371932983, 0 ],
				[ -0.22050000727176666, -0.27180001139640808, 0, 0 ],
				[ -12.174799919128418, 4.0240998268127441, 41.364299774169922, 1 ]
			],
			"cuboid_centroid": [ -12.174799919128418, 4.0240998268127441, 41.364299774169922 ],
			"projected_cuboid_centroid": [ 543.093017578125, 703.613525390625 ],
			"bounding_box":
			{
				"top_left": [ 458.3009033203125, 289.97158813476562 ],
				"bottom_right": [ 889.84307861328125, 737.02197265625 ]
			},
			"cuboid": [
				[ -11.175800323486328, -3.0390999317169189, 40.827598571777344 ],
				[ -13.105999946594238, -1.4726999998092651, 45.846199035644531 ],
				[ -6.987800121307373, 6.0680999755859375, 45.846199035644531 ],
				[ -5.0570998191833496, 4.5016999244689941, 40.827598571777344 ],
				[ -17.361799240112305, 1.9801000356674194, 36.881301879882812 ],
				[ -19.292499542236328, 3.5464999675750732, 41.900398254394531 ],
				[ -13.173800468444824, 11.087300300598145, 41.899898529052734 ],
				[ -11.24370002746582, 9.5209999084472656, 36.881801605224609 ]
			],
			"projected_cuboid": [
				[ 573.77947998046875, 446.96078491210938 ],
				[ 555.6964111328125, 510.2025146484375 ],
				[ 754.47918701171875, 756.03009033203125 ],
				[ 797.010986328125, 723.00897216796875 ],
				[ 280.33731079101562, 638.45562744140625 ],
				[ 295.68240356445312, 684.71649169921875 ],
				[ 513.1873779296875, 953.697021484375 ],
				[ 527.42608642578125, 944.0374755859375 ]
			]
		}
	]
}