{
	"camera_data":
	{
		"location_worldframe": [ 6827.61328125, 8.8993997573852539, 0 ],
		"quaternion_xyzw_worldframe": [ 0, 0, -0.92979997396469116, 0.36809998750686646 ]
	},
	"objects": [
		{
			"class": "ExoRomper_FullPayload",
			"instance_id": 0,
			"visibility": 0.97369998693466187,
			"location": [ 0, 0, 24.706100463867188 ],
			"quaternion_xyzw": [ 0, 0.70709997415542603, 0, 0.70709997415542603 ],
			"pose_transform": [
				[ 1, 0, 0, 0 ],
				[ 0, 0, -1, 0 ],
				[ 0, -1, 0, 0 ],
				[ 0, 0, 24.706100463867188, 1 ]
			],
			"cuboid_centroid": [ 0, 0, 24.706100463867188 ],
			"projected_cuboid_centroid": [ 981.4779052734375, 558.21307373046875 ],
			"bounding_box":
			{
				"top_left": [ -4023.95263671875, -4565.91259765625 ],
				"bottom_right": [ 2572.8193359375, 2237.98095703125 ]
			},
			"cuboid": [
				[ 19.291000366210938, -20.600000381469727, -4.838900089263916 ],
				[ 19.291000366210938, -20.600000381469727, 54.250999450683594 ],
				[ 19.291000366210938, 20.600000381469727, 54.250999450683594 ],
				[ 19.291000366210938, 20.600000381469727, -4.838900089263916 ],
				[ -19.291999816894531, -20.600000381469727, -4.838900089263916 ],
				[ -19.291999816894531, -20.600000381469727, 54.250999450683594 ],
				[ -19.291999816894531, 20.600000381469727, 54.250999450683594 ],
				[ -19.291999816894531, 20.600000381469727, -4.838900089263916 ]
			],
			"projected_cuboid": [
				[ -4956.044921875, 6920.2373046875 ],
				[ 1511.1500244140625, -9.3042001724243164 ],
				[ 1511.1500244140625, 1125.730712890625 ],
				[ -4956.044921875, -5803.8115234375 ],
				[ 6919.2451171875, 6920.2373046875 ],
				[ 451.82769775390625, -9.3042001724243164 ],
				[ 451.82769775390625, 1125.730712890625 ],
				[ 6919.2451171875, -5803.8115234375 ]
			]
		},
		{
			"class": "ExoRomper_Sat",
			"instance_id": 0,
			"visibility": 0.97960001230239868,
			"location": [ -1.1309000253677368, 7.2272000312805176, 41.367198944091797 ],
			"quaternion_xyzw": [ 0.41850000619888306, -0.58240002393722534, 0.40669998526573181, 0.56599998474121094 ],
			"pose_transform": [
				[ -0.11159999668598175, -0.33160001039505005, -0.0099999997764825821, 0 ],
				[ -0.0031999999191612005, -0.0094999996945261955, 0.3499000072479248, 0 ],
				[ 0.33169999718666077, -0.11159999668598175, 0, 0 ],
				[ -1.1309000253677368, 7.2272000312805176, 41.367198944091797, 1 ]
			],
			"cuboid_centroid": [ -1.1309000253677368, 7.2272000312805176, 41.367198944091797 ],
			"projected_cuboid_centroid": [ 940.78167724609375, 819.32977294921875 ],
			"bounding_box":
			{
				"top_left": [ 608.9398193359375, 743.26947021484375 ],
				"bottom_right": [ 1032.112060546875, 1164.4393310546875 ]
			},
			"cuboid": [
				[ 2.0288000106811523, 1.3916000127792358, 44.039600372314453 ],
				[ 2.0796000957489014, 1.5432000160217285, 38.440898895263672 ],
				[ -7.124000072479248, 4.6406002044677734, 38.440898895263672 ],
				[ -7.175300121307373, 4.4889998435974121, 44.039600372314453 ],
				[ 4.8632998466491699, 9.8137998580932617, 44.292999267578125 ],
				[ 4.914100170135498, 9.9653997421264648, 38.694801330566406 ],
				[ -4.2895998954772949, 13.062800407409668, 38.694301605224609 ],
				[ -4.3407998085021973, 12.911199569702148, 44.293498992919922 ]
			],
			"projected_cuboid": [
				[ 1050.10205078125, 605.440185546875 ],
				[ 1062.0654296875, 618.2135009765625 ],
				[ 705.44622802734375, 738.640625 ],
				[ 738.80792236328125, 710.55682373046875 ],
				[ 1145.0235595703125, 889.3607177734375 ],
				[ 1170.641357421875, 943.12701416015625 ],
				[ 816.37261962890625, 1062.7703857421875 ],
				[ 835.5128173828125, 993.8720703125 ]
			]
		}
	]
}