{
	"camera_data":
	{
		"location_worldframe": [ 6826.1953125, 10.201399803161621, 0 ],
		"quaternion_xyzw_worldframe": [ 0, 0, -0.89999997615814209, 0.43599998950958252 ]
	},
	"objects": [
		{
			"class": "ExoRomper_FullPayload",
			"instance_id": 0,
			"visibility": 0.97369998693466187,
			"location": [ 0.00050000002374872565, 0, 24.705600738525391 ],
			"quaternion_xyzw": [ 0, 0.70709997415542603, 0, 0.70709997415542603 ],
			"pose_transform": [
				[ 1, 0, 0, 0 ],
				[ 0, 0, -1, 0 ],
				[ 0, -1, 0, 0 ],
				[ 0.00050000002374872565, 0, 24.705600738525391, 1 ]
			],
			"cuboid_centroid": [ 0.00050000002374872565, 0, 24.705600738525391 ],
			"projected_cuboid_centroid": [ 981.4779052734375, 558.21307373046875 ],
			"bounding_box":
			{
				"top_left": [ -4023.658447265625, -4565.49462890625 ],
				"bottom_right": [ 2572.687255859375, 2238.007080078125 ]
			},
			"cuboid": [
				[ 19.291500091552734, -20.600000381469727, -4.8397998809814453 ],
				[ 19.291999816894531, -20.600000381469727, 54.250499725341797 ],
				[ 19.291999816894531, 20.600000381469727, 54.250499725341797 ],
				[ 19.291500091552734, 20.600000381469727, -4.8397998809814453 ],
				[ -19.290500640869141, -20.600000381469727, -4.8397998809814453 ],
				[ -19.290500640869141, -20.600000381469727, 54.25 ],
				[ -19.290500640869141, 20.600000381469727, 54.25 ],
				[ -19.290500640869141, 20.600000381469727, -4.8397998809814453 ]
			],
			"projected_cuboid": [
				[ -4956.1416015625, 6920.2373046875 ],
				[ 1511.1412353515625, -9.3043003082275391 ],
				[ 1511.1412353515625, 1125.7303466796875 ],
				[ -4956.1416015625, -5803.81005859375 ],
				[ 6918.74072265625, 6919.59521484375 ],
				[ 451.82769775390625, -9.3042001724243164 ],
				[ 451.82769775390625, 1125.7305908203125 ],
				[ 6918.74072265625, -5803.16796875 ]
			]
		},
		{
			"class": "ExoRomper_Sat",
			"instance_id": 0,
			"visibility": 0.98439997434616089,
			"location": [ -7.9780001640319824, 2.4637999534606934, 41.366199493408203 ],
			"quaternion_xyzw": [ 0.01360000018030405, 0.88859999179840088, 0.0070000002160668373, -0.45849999785423279 ],
			"pose_transform": [
				[ -0.28510001301765442, 0.0087000001221895218, -0.20280000567436218, 0 ],
				[ -0.20270000398159027, 0.0062000001780688763, 0.28529998660087585, 0 ],
				[ -0.010700000450015068, -0.3497999906539917, 0, 0 ],
				[ -7.9780001640319824, 2.4637999534606934, 41.366199493408203, 1 ]
			],
			"cuboid_centroid": [ -7.9780001640319824, 2.4637999534606934, 41.366199493408203 ],
			"projected_cuboid_centroid": [ 694.18072509765625, 647.231689453125 ],
			"bounding_box":
			{
				"top_left": [ 462.96820068359375, 495.36129760742188 ],
				"bottom_right": [ 841.51678466796875, 887.71282958984375 ]
			},
			"cuboid": [
				[ -13.369600296020508, -2.228600025177002, 41.072799682617188 ],
				[ -10.126500129699707, -2.3280000686645508, 36.50830078125 ],
				[ -9.8290996551513672, 7.3782000541687012, 36.50830078125 ],
				[ -13.072299957275391, 7.47760009765625, 41.072799682617188 ],
				[ -6.1273999214172363, -2.4505000114440918, 46.224098205566406 ],
				[ -2.8842999935150146, -2.5499000549316406, 41.659198760986328 ],
				[ -2.586899995803833, 7.1563000679016113, 41.659198760986328 ],
				[ -5.8301000595092773, 7.2557001113891602, 46.223598480224609 ]
			],
			"projected_cuboid": [
				[ 496.61111450195312, 477.11749267578125 ],
				[ 568.3167724609375, 462.91000366210938 ],
				[ 580.4630126953125, 860.25958251953125 ],
				[ 507.39608764648438, 830.3096923828125 ],
				[ 784.01641845703125, 478.97979736328125 ],
				[ 878.33282470703125, 466.73220825195312 ],
				[ 888.9771728515625, 814.95220947265625 ],
				[ 793.609619140625, 792.81109619140625 ]
			]
		}
	]
}