{
	"camera_data":
	{
		"location_worldframe": [ 6831.01708984375, 1.7631000280380249, 0 ],
		"quaternion_xyzw_worldframe": [ 0, 0, -0.99769997596740723, 0.068000003695487976 ]
	},
	"objects": [
		{
			"class": "ExoRomper_FullPayload",
			"instance_id": 0,
			"visibility": 0.97369998693466187,
			"location": [ 0, 0, 24.705600738525391 ],
			"quaternion_xyzw": [ 0, 0.70709997415542603, 0, 0.70709997415542603 ],
			"pose_transform": [
				[ 1, 0, 0, 0 ],
				[ 0, 0, -1, 0 ],
				[ 0, -1, 0, 0 ],
				[ 0, 0, 24.705600738525391, 1 ]
			],
			"cuboid_centroid": [ -9.9999997473787516e-05, 0, 24.705600738525391 ],
			"projected_cuboid_centroid": [ 981.49261474609375, 558.21337890625 ],
			"bounding_box":
			{
				"top_left": [ -4023.66015625, -4565.57177734375 ],
				"bottom_right": [ 2572.687255859375, 2237.989501953125 ]
			},
			"cuboid": [
				[ 19.291299819946289, -20.600000381469727, -4.838900089263916 ],
				[ 19.291299819946289, -20.600000381469727, 54.250499725341797 ],
				[ 19.291299819946289, 20.600000381469727, 54.250499725341797 ],
				[ 19.291299819946289, 20.600000381469727, -4.838900089263916 ],
				[ -19.291400909423828, -20.600000381469727, -4.8393998146057129 ],
				[ -19.291400909423828, -20.600000381469727, 54.250499725341797 ],
				[ -19.291400909423828, 20.600000381469727, 54.250499725341797 ],
				[ -19.291400909423828, 20.600000381469727, -4.8393998146057129 ]
			],
			"projected_cuboid": [
				[ -4956.1416015625, 6920.23779296875 ],
				[ 1511.161376953125, -9.309300422668457 ],
				[ 1511.161376953125, 1125.7357177734375 ],
				[ -4956.1416015625, -5803.8115234375 ],
				[ 6918.54736328125, 6919.59423828125 ],
				[ 451.8275146484375, -9.309300422668457 ],
				[ 451.8275146484375, 1125.7357177734375 ],
				[ 6918.54736328125, -5803.17138671875 ]
			]
		},
		{
			"class": "ExoRomper_Sat",
			"instance_id": 0,
			"visibility": 0.83050000667572021,
			"location": [ -14.406999588012695, 7.2543001174926758, 41.365699768066406 ],
			"quaternion_xyzw": [ -0.31459999084472656, -0.4359000027179718, -0.49340000748634338, 0.68379998207092285 ],
			"pose_transform": [
				[ -0.10000000149011612, 0.3010999858379364, 0.1476999968290329, 0 ],
				[ 0.046500001102685928, -0.14020000398159027, 0.31729999184608459, 0 ],
				[ -0.33219999074935913, -0.11029999703168869, 0, 0 ],
				[ -14.406999588012695, 7.2543001174926758, 41.365699768066406, 1 ]
			],
			"cuboid_centroid": [ -14.406999588012695, 7.2543001174926758, 41.365699768066406 ],
			"projected_cuboid_centroid": [ 462.71881103515625, 820.31951904296875 ],
			"bounding_box":
			{
				"top_left": [ 589.297119140625, 235.12089538574219 ],
				"bottom_right": [ 1033.196044921875, 664.10858154296875 ]
			},
			"cuboid": [
				[ -19.912599563598633, 8.4270000457763672, 45.780300140380859 ],
				[ -20.657400131225586, 10.670200347900391, 40.702598571777344 ],
				[ -11.441499710083008, 13.730500221252441, 40.702598571777344 ],
				[ -10.696700096130371, 11.487400054931641, 45.780300140380859 ],
				[ -17.372600555419922, 0.77819997072219849, 42.028800964355469 ],
				[ -18.117500305175781, 3.0213000774383545, 36.950698852539062 ],
				[ -8.9015998840332031, 6.0816001892089844, 36.951198577880859 ],
				[ -8.1567001342773438, 3.8385000228881836, 42.028301239013672 ]
			],
			"projected_cuboid": [
				[ 333.61480712890625, 833.3302001953125 ],
				[ 225.54110717773438, 950.01300048828125 ],
				[ 562.792724609375, 1062.391845703125 ],
				[ 633.4656982421875, 933.24041748046875 ],
				[ 365.80239868164062, 585.885009765625 ],
				[ 251.16050720214844, 680.4185791015625 ],
				[ 622.66802978515625, 804.19970703125 ],
				[ 692.418212890625, 694.71319580078125 ]
			]
		}
	]
}