{
	"camera_data":
	{
		"location_worldframe": [ 6825.138671875, 10.953399658203125, 0 ],
		"quaternion_xyzw_worldframe": [ 0, 0, -0.87709999084472656, 0.48030000925064087 ]
	},
	"objects": [
		{
			"class": "ExoRomper_FullPayload",
			"instance_id": 0,
			"visibility": 0.98669999837875366,
			"location": [ 0, 0, 24.705299377441406 ],
			"quaternion_xyzw": [ 0, 0.70709997415542603, 0, 0.70709997415542603 ],
			"pose_transform": [
				[ 1, 0, 0, 0 ],
				[ 0, 0, -1, 0 ],
				[ 0, -1, 0, 0 ],
				[ 0, 0, 24.705299377441406, 1 ]
			],
			"cuboid_centroid": [ -0.00050000002374872565, 0, 24.705099105834961 ],
			"projected_cuboid_centroid": [ 981.4783935546875, 558.21337890625 ],
			"bounding_box":
			{
				"top_left": [ -4023.804931640625, -4565.67236328125 ],
				"bottom_right": [ 2572.753173828125, 2237.986328125 ]
			},
			"cuboid": [
				[ 19.291500091552734, -20.600000381469727, -4.8396000862121582 ],
				[ 19.291000366210938, -20.600000381469727, 54.250198364257812 ],
				[ 19.291000366210938, 20.600000381469727, 54.250198364257812 ],
				[ 19.291500091552734, 20.600000381469727, -4.8396000862121582 ],
				[ -19.291500091552734, -20.600000381469727, -4.8396000862121582 ],
				[ -19.291999816894531, -20.600000381469727, 54.250198364257812 ],
				[ -19.291999816894531, 20.600000381469727, 54.250198364257812 ],
				[ -19.291500091552734, 20.600000381469727, -4.8396000862121582 ]
			],
			"projected_cuboid": [
				[ -4955.84326171875, 6919.91650390625 ],
				[ 1511.143798828125, -9.3066997528076172 ],
				[ 1511.143798828125, 1125.733154296875 ],
				[ -4955.84326171875, -5803.4892578125 ],
				[ 6919.04150390625, 6919.91650390625 ],
				[ 451.81680297851562, -9.3065996170043945 ],
				[ 451.81680297851562, 1125.733154296875 ],
				[ 6919.04150390625, -5803.4892578125 ]
			]
		},
		{
			"class": "ExoRomper_Sat",
			"instance_id": 0,
			"visibility": 0.87929999828338623,
			"location": [ -14.400400161743164, 7.2328000068664551, 41.366199493408203 ],
			"quaternion_xyzw": [ 0.06589999794960022, 0.091700002551078796, -0.58009999990463257, 0.80669999122619629 ],
			"pose_transform": [
				[ 0.02500000037252903, -0.074500001966953278, 0.34110000729560852, 0 ],
				[ 0.10849999636411667, -0.32330000400543213, -0.07850000262260437, 0 ],
				[ -0.33180001378059387, -0.11140000075101852, 0, 0 ],
				[ -14.400400161743164, 7.2328000068664551, 41.366199493408203, 1 ]
			],
			"cuboid_centroid": [ -14.400400161743164, 7.2328000068664551, 41.366199493408203 ],
			"projected_cuboid_centroid": [ 462.96551513671875, 819.53582763671875 ],
			"bounding_box":
			{
				"top_left": [ 632.87799072265625, 195.1051025390625 ],
				"bottom_right": [ 1015.2913818359375, 664.9683837890625 ]
			},
			"cuboid": [
				[ -17.817399978637695, 2.1549999713897705, 45.069599151611328 ],
				[ -19.55419921875, 7.3291001319885254, 46.326198577880859 ],
				[ -10.348099708557129, 10.419400215148926, 46.326198577880859 ],
				[ -8.6113004684448242, 5.2452998161315918, 45.069599151611328 ],
				[ -18.45210075378418, 4.0461001396179199, 36.405998229980469 ],
				[ -20.18950080871582, 9.2201995849609375, 37.662799835205078 ],
				[ -10.983400344848633, 12.310600280761719, 37.662799835205078 ],
				[ -9.2466001510620117, 7.1364002227783203, 36.406299591064453 ]
			],
			"projected_cuboid": [
				[ 392.62420654296875, 629.6754150390625 ],
				[ 352.7703857421875, 794.6630859375 ],
				[ 648.75592041015625, 894.36358642578125 ],
				[ 696.885986328125, 732.15478515625 ],
				[ 226.55299377441406, 724.3162841796875 ],
				[ 183.04879760742188, 924.097412109375 ],
				[ 547.117919921875, 1046.73095703125 ],
				[ 603.193115234375, 851.18157958984375 ]
			]
		}
	]
}