{
	"camera_data":
	{
		"location_worldframe": [ 6811.50927734375, -11.183600425720215, 0 ],
		"quaternion_xyzw_worldframe": [ 0, 0, 0.4950999915599823, 0.86890000104904175 ]
	},
	"objects": [
		{
			"class": "ExoRomper_FullPayload",
			"instance_id": 0,
			"visibility": 0.97369998693466187,
			"location": [ 0, 0, 24.705600738525391 ],
			"quaternion_xyzw": [ 0, 0.70709997415542603, 0, 0.70709997415542603 ],
			"pose_transform": [
				[ 1, 0, 0, 0 ],
				[ 0, 0, -1, 0 ],
				[ 0, -1, 0, 0 ],
				[ 0, 0, 24.705600738525391, 1 ]
			],
			"cuboid_centroid": [ 0, 0, 24.705600738525391 ],
			"projected_cuboid_centroid": [ 981.4783935546875, 558.21331787109375 ],
			"bounding_box":
			{
				"top_left": [ -4023.5107421875, -4565.31640625 ],
				"bottom_right": [ 2572.622314453125, 2237.975830078125 ]
			},
			"cuboid": [
				[ 19.291500091552734, -20.600000381469727, -4.8396000862121582 ],
				[ 19.291999816894531, -20.600000381469727, 54.250198364257812 ],
				[ 19.291999816894531, 20.600000381469727, 54.250198364257812 ],
				[ 19.291500091552734, 20.600000381469727, -4.8396000862121582 ],
				[ -19.290500640869141, -20.600000381469727, -4.8396000862121582 ],
				[ -19.291000366210938, -20.600000381469727, 54.250198364257812 ],
				[ -19.291000366210938, 20.600000381469727, 54.250198364257812 ],
				[ -19.290500640869141, 20.600000381469727, -4.8396000862121582 ]
			],
			"projected_cuboid": [
				[ -4955.54443359375, 6919.59521484375 ],
				[ 1511.16357421875, -9.3092002868652344 ],
				[ 1511.16357421875, 1125.7357177734375 ],
				[ -4955.54443359375, -5803.1689453125 ],
				[ 6918.24658203125, 6919.27392578125 ],
				[ 451.82949829101562, -9.3118000030517578 ],
				[ 451.82949829101562, 1125.7384033203125 ],
				[ 6918.24658203125, -5802.84912109375 ]
			]
		},
		{
			"class": "ExoRomper_Sat",
			"instance_id": 0,
			"visibility": 0.96490001678466797,
			"location": [ -8.113800048828125, 2.4688000679016113, 41.364700317382812 ],
			"quaternion_xyzw": [ 0.0068000000901520252, 0.2703000009059906, -0.024100000038743019, 0.96249997615814209 ],
			"pose_transform": [
				[ 0.18199999630451202, -0.009100000374019146, 0.29879999160766602, 0 ],
				[ 0.29850000143051147, -0.014899999834597111, -0.18219999969005585, 0 ],
				[ -0.017500000074505806, -0.34959998726844788, 0, 0 ],
				[ -8.113800048828125, 2.4688000679016113, 41.364700317382812, 1 ]
			],
			"cuboid_centroid": [ -8.113800048828125, 2.4688000679016113, 41.364700317382812 ],
			"projected_cuboid_centroid": [ 689.2952880859375, 647.415771484375 ],
			"bounding_box":
			{
				"top_left": [ 460.04559326171875, 481.79910278320312 ],
				"bottom_right": [ 839.8616943359375, 870.7305908203125 ]
			},
			"cuboid": [
				[ -3.6572000980377197, -2.6156001091003418, 43.701900482177734 ],
				[ -8.4336004257202148, -2.3766000270843506, 46.617698669433594 ],
				[ -7.9482002258300781, 7.3220000267028809, 46.617698669433594 ],
				[ -3.1719000339508057, 7.0830001831054688, 43.701900482177734 ],
				[ -8.2792997360229492, -2.3843998908996582, 36.111598968505859 ],
				[ -13.055700302124023, -2.1454000473022461, 39.027099609375 ],
				[ -12.56980037689209, 7.5532999038696289, 39.026901245117188 ],
				[ -7.7944002151489258, 7.3143000602722168, 36.111801147460938 ]
			],
			"projected_cuboid": [
				[ 856.83612060546875, 468.7598876953125 ],
				[ 712.01611328125, 482.01690673828125 ],
				[ 727.52142333984375, 792.95892333984375 ],
				[ 873.35418701171875, 800.44622802734375 ],
				[ 639.9481201171875, 459.52999877929688 ],
				[ 483.1859130859375, 476.05450439453125 ],
				[ 501.72808837890625, 847.4755859375 ],
				[ 659.99029541015625, 860.9342041015625 ]
			]
		}
	]
}