{
	"camera_data":
	{
		"location_worldframe": [ 6805.34228515625, -2.298799991607666, 0 ],
		"quaternion_xyzw_worldframe": [ 0, 0, 0.088799998164176941, 0.99610000848770142 ]
	},
	"objects": [
		{
			"class": "ExoRomper_FullPayload",
			"instance_id": 0,
			"visibility": 0.98669999837875366,
			"location": [ 0, 0, 24.705600738525391 ],
			"quaternion_xyzw": [ 0, 0.70709997415542603, 0, 0.70709997415542603 ],
			"pose_transform": [
				[ 1, 0, 0, 0 ],
				[ 0, 0, -1, 0 ],
				[ 0, -1, 0, 0 ],
				[ 0, 0, 24.705600738525391, 1 ]
			],
			"cuboid_centroid": [ 0, 0, 24.705099105834961 ],
			"projected_cuboid_centroid": [ 981.49737548828125, 558.21270751953125 ],
			"bounding_box":
			{
				"top_left": [ -4023.656494140625, -4565.58740234375 ],
				"bottom_right": [ 2572.689453125, 2237.977294921875 ]
			},
			"cuboid": [
				[ 19.291299819946289, -20.600000381469727, -4.8397998809814453 ],
				[ 19.291299819946289, -20.600000381469727, 54.249500274658203 ],
				[ 19.291299819946289, 20.600000381469727, 54.249500274658203 ],
				[ 19.291299819946289, 20.600000381469727, -4.8397998809814453 ],
				[ -19.291299819946289, -20.600000381469727, -4.8403000831604004 ],
				[ -19.291299819946289, -20.600000381469727, 54.249500274658203 ],
				[ -19.291299819946289, 20.600000381469727, 54.249500274658203 ],
				[ -19.291299819946289, 20.600000381469727, -4.8403000831604004 ]
			],
			"projected_cuboid": [
				[ -4955.54443359375, 6919.59423828125 ],
				[ 1511.1641845703125, -9.3142995834350586 ],
				[ 1511.1641845703125, 1125.7408447265625 ],
				[ -4955.54443359375, -5803.16796875 ],
				[ 6917.9462890625, 6918.953125 ],
				[ 451.82290649414062, -9.3142995834350586 ],
				[ 451.82290649414062, 1125.7408447265625 ],
				[ 6917.9462890625, -5802.5263671875 ]
			]
		},
		{
			"class": "ExoRomper_Sat",
			"instance_id": 0,
			"visibility": 0.84130001068115234,
			"location": [ -14.138299942016602, 6.5665998458862305, 41.363800048828125 ],
			"quaternion_xyzw": [ 0.44879999756813049, 0.69650000333786011, -0.30329999327659607, 0.47069999575614929 ],
			"pose_transform": [
				[ 0.13420000672340393, -0.29570001363754272, -0.13060000538825989, 0 ],
				[ -0.054000001400709152, 0.11890000104904175, -0.3246999979019165, 0 ],
				[ -0.31869998574256897, -0.14470000565052032, 0, 0 ],
				[ -14.138299942016602, 6.5665998458862305, 41.363800048828125, 1 ]
			],
			"cuboid_centroid": [ -14.138299942016602, 6.5665998458862305, 41.363800048828125 ],
			"projected_cuboid_centroid": [ 472.3760986328125, 795.48089599609375 ],
			"bounding_box":
			{
				"top_left": [ 558.0938720703125, 231.09829711914062 ],
				"bottom_right": [ 1011.0994873046875, 675.048095703125 ]
			},
			"cuboid": [
				[ -17.286899566650391, 1.7555999755859375, 37.107398986816406 ],
				[ -16.423299789428711, -0.14669999480247498, 42.303699493408203 ],
				[ -7.5808000564575195, 3.8666999340057373, 42.303699493408203 ],
				[ -8.4442996978759766, 5.7691001892089844, 37.106899261474609 ],
				[ -20.695899963378906, 9.2665996551513672, 40.423301696777344 ],
				[ -19.832500457763672, 7.3642001152038574, 45.620098114013672 ],
				[ -10.989899635314941, 11.377599716186523, 45.620098114013672 ],
				[ -11.853300094604492, 13.279999732971191, 40.423301696777344 ]
			],
			"projected_cuboid": [
				[ 287.5950927734375, 628.92529296875 ],
				[ 403.23370361328125, 553.0291748046875 ],
				[ 714.57598876953125, 694.8228759765625 ],
				[ 642.53912353515625, 790.57470703125 ],
				[ 218.9010009765625, 900.82440185546875 ],
				[ 333.9630126953125, 799.471923828125 ],
				[ 622.67449951171875, 930.95782470703125 ],
				[ 544.7291259765625, 1049.2137451171875 ]
			]
		}
	]
}