{
	"camera_data":
	{
		"location_worldframe": [ 6830.373046875, 4.3919000625610352, 0 ],
		"quaternion_xyzw_worldframe": [ 0, 0, -0.98519998788833618, 0.17149999737739563 ]
	},
	"objects": [
		{
			"class": "ExoRomper_FullPayload",
			"instance_id": 0,
			"visibility": 0.96100002527236938,
			"location": [ 0, 0, 24.705600738525391 ],
			"quaternion_xyzw": [ 0, 0.70709997415542603, 0, 0.70709997415542603 ],
			"pose_transform": [
				[ 1, 0, 0, 0 ],
				[ 0, 0, -1, 0 ],
				[ 0, -1, 0, 0 ],
				[ 0, 0, 24.705600738525391, 1 ]
			],
			"cuboid_centroid": [ 0, 0, 24.705600738525391 ],
			"projected_cuboid_centroid": [ 981.4779052734375, 558.21307373046875 ],
			"bounding_box":
			{
				"top_left": [ -4023.658447265625, -4565.55615234375 ],
				"bottom_right": [ 2572.688232421875, 2238.005615234375 ]
			},
			"cuboid": [
				[ 19.291299819946289, -20.600000381469727, -4.8393998146057129 ],
				[ 19.291299819946289, -20.600000381469727, 54.250499725341797 ],
				[ 19.291299819946289, 20.600000381469727, 54.250499725341797 ],
				[ 19.291299819946289, 20.600000381469727, -4.8393998146057129 ],
				[ -19.291500091552734, -20.600000381469727, -4.838900089263916 ],
				[ -19.291500091552734, -20.600000381469727, 54.250499725341797 ],
				[ -19.291500091552734, 20.600000381469727, 54.250499725341797 ],
				[ -19.291500091552734, 20.600000381469727, -4.838900089263916 ]
			],
			"projected_cuboid": [
				[ -4956.0927734375, 6920.23974609375 ],
				[ 1511.1500244140625, -9.3043003082275391 ],
				[ 1511.1500244140625, 1125.7305908203125 ],
				[ -4956.0927734375, -5803.81005859375 ],
				[ 6919.79833984375, 6920.8818359375 ],
				[ 451.82769775390625, -9.3042001724243164 ],
				[ 451.82769775390625, 1125.730712890625 ],
				[ 6919.79833984375, -5804.45166015625 ]
			]
		},
		{
			"class": "ExoRomper_Sat",
			"instance_id": 0,
			"visibility": 0.96359997987747192,
			"location": [ -6.649899959564209, 2.5499000549316406, 41.365699768066406 ],
			"quaternion_xyzw": [ -0.077500000596046448, 0.96679997444152832, 0.01940000057220459, 0.24259999394416809 ],
			"pose_transform": [
				[ 0.16310000419616699, 0.02630000002682209, -0.30849999189376831, 0 ],
				[ -0.30460000038146973, -0.049100000411272049, -0.16519999504089355, 0 ],
				[ 0.055700000375509262, -0.34549999237060547, 0, 0 ],
				[ -6.649899959564209, 2.5499000549316406, 41.365699768066406, 1 ]
			],
			"cuboid_centroid": [ -6.649899959564209, 2.5499000549316406, 41.365699768066406 ],
			"projected_cuboid_centroid": [ 742.04022216796875, 650.3394775390625 ],
			"bounding_box":
			{
				"top_left": [ 458.90640258789062, 589.62249755859375 ],
				"bottom_right": [ 843.74212646484375, 927.77618408203125 ]
			},
			"cuboid": [
				[ -6.2421998977661133, -2.3025000095367432, 36.125499725341797 ],
				[ -1.367900013923645, -1.5164999961853027, 38.769500732421875 ],
				[ -2.9138000011444092, 8.0704002380371094, 38.770000457763672 ],
				[ -7.7880997657775879, 7.2843999862670898, 36.125499725341797 ],
				[ -10.38599967956543, -2.9707000255584717, 43.962398529052734 ],
				[ -5.5117001533508301, -2.1847000122070312, 46.606399536132812 ],
				[ -7.0576000213623047, 7.4022002220153809, 46.606399536132812 ],
				[ -11.931599617004395, 6.6161999702453613, 43.961898803710938 ]
			],
			"projected_cuboid": [
				[ 724.1099853515625, 462.95529174804688 ],
				[ 928.9329833984375, 499.75079345703125 ],
				[ 869.5386962890625, 869.32269287109375 ],
				[ 660.38037109375, 859.58062744140625 ],
				[ 629.6041259765625, 457.22149658203125 ],
				[ 805.33892822265625, 488.15438842773438 ],
				[ 755.9359130859375, 795.586181640625 ],
				[ 577.23150634765625, 783.14190673828125 ]
			]
		}
	]
}