{
	"camera_data":
	{
		"location_worldframe": [ 6830.640625, -3.5583000183105469, 0 ],
		"quaternion_xyzw_worldframe": [ 0, 0, 0.99040001630783081, 0.13819999992847443 ]
	},
	"objects": [
		{
			"class": "ExoRomper_FullPayload",
			"instance_id": 0,
			"visibility": 0.98669999837875366,
			"location": [ -9.9999997473787516e-05, 0, 24.705099105834961 ],
			"quaternion_xyzw": [ 0, 0.70709997415542603, 0, 0.70709997415542603 ],
			"pose_transform": [
				[ 1, 0, 0, 0 ],
				[ 0, 0, -1, 0 ],
				[ 0, -1, 0, 0 ],
				[ -9.9999997473787516e-05, 0, 24.705099105834961, 1 ]
			],
			"cuboid_centroid": [ -9.9999997473787516e-05, 0, 24.704599380493164 ],
			"projected_cuboid_centroid": [ 981.4783935546875, 558.21307373046875 ],
			"bounding_box":
			{
				"top_left": [ -4023.66015625, -4565.55615234375 ],
				"bottom_right": [ 2572.687255859375, 2237.98095703125 ]
			},
			"cuboid": [
				[ 19.291400909423828, -20.600000381469727, -4.8397998809814453 ],
				[ 19.291299819946289, -20.600000381469727, 54.249500274658203 ],
				[ 19.291299819946289, 20.600000381469727, 54.249500274658203 ],
				[ 19.291400909423828, 20.600000381469727, -4.8397998809814453 ],
				[ -19.291400909423828, -20.600000381469727, -4.8397998809814453 ],
				[ -19.291400909423828, -20.600000381469727, 54.249500274658203 ],
				[ -19.291400909423828, 20.600000381469727, 54.249500274658203 ],
				[ -19.291400909423828, 20.600000381469727, -4.8397998809814453 ]
			],
			"projected_cuboid": [
				[ -4955.54443359375, 6919.59619140625 ],
				[ 1511.1593017578125, -9.309300422668457 ],
				[ 1511.1593017578125, 1125.7357177734375 ],
				[ -4955.54443359375, -5803.169921875 ],
				[ 6918.59521484375, 6919.59423828125 ],
				[ 451.82321166992188, -9.3092002868652344 ],
				[ 451.82321166992188, 1125.7359619140625 ],
				[ 6918.59521484375, -5803.17138671875 ]
			]
		},
		{
			"class": "ExoRomper_Sat",
			"instance_id": 0,
			"visibility": 0.92729997634887695,
			"location": [ -11.752099990844727, 3.7077000141143799, 41.365200042724609 ],
			"quaternion_xyzw": [ 0.063100002706050873, 0.20180000364780426, -0.29170000553131104, 0.93279999494552612 ],
			"pose_transform": [
				[ 0.11890000104904175, -0.082400001585483551, 0.31869998574256897, 0 ],
				[ 0.26190000772476196, -0.18160000443458557, -0.14470000565052032, 0 ],
				[ -0.19939999282360077, -0.28760001063346863, 0, 0 ],
				[ -11.752099990844727, 3.7077000141143799, 41.365200042724609, 1 ]
			],
			"cuboid_centroid": [ -11.752099990844727, 3.7077000141143799, 41.365200042724609 ],
			"projected_cuboid_centroid": [ 558.32012939453125, 692.17547607421875 ],
			"bounding_box":
			{
				"top_left": [ 474.17138671875, 287.88778686523438 ],
				"bottom_right": [ 896.13177490234375, 755.9058837890625 ]
			},
			"cuboid": [
				[ -10.912799835205078, -2.7820999622344971, 44.255401611328125 ],
				[ -15.104100227355957, 0.1234000027179718, 46.570301055908203 ],
				[ -9.5714998245239258, 8.1040000915527344, 46.570301055908203 ],
				[ -5.3801999092102051, 5.1985001564025879, 44.255401611328125 ],
				[ -13.932700157165527, -0.68860000371932983, 36.160198211669922 ],
				[ -18.123899459838867, 2.2170000076293945, 38.475101470947266 ],
				[ -12.591400146484375, 10.197600364685059, 38.475101470947266 ],
				[ -8.4003000259399414, 7.2919998168945312, 36.160198211669922 ]
			],
			"projected_cuboid": [
				[ 614.1998291015625, 464.25738525390625 ],
				[ 498.40460205078125, 562.17462158203125 ],
				[ 675.3629150390625, 818.290283203125 ],
				[ 800.41131591796875, 733.7730712890625 ],
				[ 407.57479858398438, 529.75372314453125 ],
				[ 279.8568115234375, 644.331298828125 ],
				[ 494.03500366210938, 954.33868408203125 ],
				[ 635.47802734375, 859.6024169921875 ]
			]
		}
	]
}