{
	"camera_data":
	{
		"location_worldframe": [ 6827.6953125, -8.8115997314453125, 0 ],
		"quaternion_xyzw_worldframe": [ 0, 0, 0.93150001764297485, 0.36379998922348022 ]
	},
	"objects": [
		{
			"class": "ExoRomper_FullPayload",
			"instance_id": 0,
			"visibility": 0.97369998693466187,
			"location": [ -0.00050000002374872565, 0, 24.706100463867188 ],
			"quaternion_xyzw": [ 0, 0.70709997415542603, 0, 0.70709997415542603 ],
			"pose_transform": [
				[ 1, 0, 0, 0 ],
				[ 0, 0, -1, 0 ],
				[ 0, -1, 0, 0 ],
				[ -0.00050000002374872565, 0, 24.706100463867188, 1 ]
			],
			"cuboid_centroid": [ 0, 0, 24.705099105834961 ],
			"projected_cuboid_centroid": [ 981.47882080078125, 558.21337890625 ],
			"bounding_box":
			{
				"top_left": [ -4023.363037109375, -4565.19970703125 ],
				"bottom_right": [ 2572.55712890625, 2237.970703125 ]
			},
			"cuboid": [
				[ 19.291000366210938, -20.600000381469727, -4.8393998146057129 ],
				[ 19.291000366210938, -20.600000381469727, 54.25 ],
				[ 19.291000366210938, 20.600000381469727, 54.25 ],
				[ 19.291000366210938, 20.600000381469727, -4.8393998146057129 ],
				[ -19.291999816894531, -20.600000381469727, -4.8393998146057129 ],
				[ -19.291500091552734, -20.600000381469727, 54.250499725341797 ],
				[ -19.291500091552734, 20.600000381469727, 54.250499725341797 ],
				[ -19.291999816894531, 20.600000381469727, -4.8393998146057129 ]
			],
			"projected_cuboid": [
				[ -4954.9482421875, 6918.95166015625 ],
				[ 1511.16845703125, -9.3142995834350586 ],
				[ 1511.16845703125, 1125.7408447265625 ],
				[ -4954.9482421875, -5802.52880859375 ],
				[ 6918.6435546875, 6919.59521484375 ],
				[ 451.831787109375, -9.3092002868652344 ],
				[ 451.831787109375, 1125.7357177734375 ],
				[ 6918.6435546875, -5803.16796875 ]
			]
		},
		{
			"class": "ExoRomper_Sat",
			"instance_id": 0,
			"visibility": 0.8507000207901001,
			"location": [ -14.534700393676758, 7.682499885559082, 41.365699768066406 ],
			"quaternion_xyzw": [ -0.4544999897480011, -0.58920001983642578, -0.40799999237060547, 0.52890002727508545 ],
			"pose_transform": [
				[ -0.088399998843669891, 0.33660000562667847, -0.037599999457597733, 0 ],
				[ -0.0096000004559755325, 0.036400001496076584, 0.34799998998641968, 0 ],
				[ -0.33849999308586121, -0.088899999856948853, 0, 0 ],
				[ -14.534700393676758, 7.682499885559082, 41.365699768066406, 1 ]
			],
			"cuboid_centroid": [ -14.534700393676758, 7.682499885559082, 41.365699768066406 ],
			"projected_cuboid_centroid": [ 458.13470458984375, 835.79412841796875 ],
			"bounding_box":
			{
				"top_left": [ 633.14947509765625, 201.38360595703125 ],
				"bottom_right": [ 1039.21435546875, 658.9124755859375 ]
			},
			"cuboid": [
				[ -20.42970085144043, 11.015199661254883, 43.671398162841797 ],
				[ -20.276399612426758, 10.432499885559082, 38.103500366210938 ],
				[ -10.884300231933594, 12.898599624633789, 38.103500366210938 ],
				[ -11.037099838256836, 13.481200218200684, 43.671398162841797 ],
				[ -18.185100555419922, 2.4665000438690186, 44.627899169921875 ],
				[ -18.031700134277344, 1.8838000297546387, 39.060100555419922 ],
				[ -8.6392002105712891, 4.3498997688293457, 39.060100555419922 ],
				[ -8.7924995422363281, 4.932499885559082, 44.627899169921875 ]
			],
			"projected_cuboid": [
				[ 284.71121215820312, 935.190185546875 ],
				[ 188.85310363769531, 967.42791748046875 ],
				[ 556.02838134765625, 1064.1575927734375 ],
				[ 605.05828857421875, 1019.586181640625 ],
				[ 374.55288696289062, 640.8167724609375 ],
				[ 293.86981201171875, 630.29718017578125 ],
				[ 652.04107666015625, 724.65771484375 ],
				[ 688.047607421875, 723.40460205078125 ]
			]
		}
	]
}