{
	"camera_data":
	{
		"location_worldframe": [ 6822.88037109375, 12.103799819946289, 0 ],
		"quaternion_xyzw_worldframe": [ 0, 0, -0.82609999179840088, 0.56349998712539673 ]
	},
	"objects": [
		{
			"class": "ExoRomper_FullPayload",
			"instance_id": 0,
			"visibility": 0.98669999837875366,
			"location": [ 0.00050000002374872565, 0, 24.705299377441406 ],
			"quaternion_xyzw": [ 0, 0.70709997415542603, 0, 0.70709997415542603 ],
			"pose_transform": [
				[ 1, 0, 0, 0 ],
				[ 0, 0, -1, 0 ],
				[ 0, -1, 0, 0 ],
				[ 0.00050000002374872565, 0, 24.705299377441406, 1 ]
			],
			"cuboid_centroid": [ 0.0010000000474974513, 0, 24.705099105834961 ],
			"projected_cuboid_centroid": [ 981.47857666015625, 558.21331787109375 ],
			"bounding_box":
			{
				"top_left": [ -4023.51025390625, -4565.31640625 ],
				"bottom_right": [ 2572.623291015625, 2237.975830078125 ]
			},
			"cuboid": [
				[ 19.291500091552734, -20.600000381469727, -4.8396000862121582 ],
				[ 19.291999816894531, -20.600000381469727, 54.250198364257812 ],
				[ 19.291999816894531, 20.600000381469727, 54.250198364257812 ],
				[ 19.291500091552734, 20.600000381469727, -4.8396000862121582 ],
				[ -19.291000366210938, -20.600000381469727, -4.8396000862121582 ],
				[ -19.291000366210938, -20.600000381469727, 54.25 ],
				[ -19.291000366210938, 20.600000381469727, 54.25 ],
				[ -19.291000366210938, 20.600000381469727, -4.8396000862121582 ]
			],
			"projected_cuboid": [
				[ -4955.3505859375, 6919.59521484375 ],
				[ 1511.1463623046875, -9.309300422668457 ],
				[ 1511.1463623046875, 1125.7357177734375 ],
				[ -4955.3505859375, -5803.1689453125 ],
				[ 6918.9345703125, 6919.59521484375 ],
				[ 451.81219482421875, -9.3118000030517578 ],
				[ 451.81219482421875, 1125.73828125 ],
				[ 6918.9345703125, -5803.1689453125 ]
			]
		},
		{
			"class": "ExoRomper_Sat",
			"instance_id": 0,
			"visibility": 0.92000001668930054,
			"location": [ -12.025899887084961, 3.9077999591827393, 41.365699768066406 ],
			"quaternion_xyzw": [ -0.16390000283718109, -0.48280000686645508, -0.27660000324249268, 0.81459999084472656 ],
			"pose_transform": [
				[ -0.24359999597072601, 0.18700000643730164, 0.1679999977350235, 0 ],
				[ 0.13330000638961792, -0.1023000031709671, 0.30700001120567322, 0 ],
				[ -0.21310000121593475, -0.2775999903678894, 0, 0 ],
				[ -12.025899887084961, 3.9077999591827393, 41.365699768066406, 1 ]
			],
			"cuboid_centroid": [ -12.025899887084961, 3.9077999591827393, 41.365699768066406 ],
			"projected_cuboid_centroid": [ 548.4249267578125, 699.4061279296875 ],
			"bounding_box":
			{
				"top_left": [ 457.15328979492188, 295.13900756835938 ],
				"bottom_right": [ 903.976318359375, 750.5626220703125 ]
			},
			"cuboid": [
				[ -17.009300231933594, 1.6123000383377075, 45.956100463867188 ],
				[ -19.141599655151367, 3.2493000030517578, 41.042701721191406 ],
				[ -13.229000091552734, 10.952199935913086, 41.042999267578125 ],
				[ -11.096199989318848, 9.3151998519897461, 45.956298828125 ],
				[ -10.822799682617188, -3.1366000175476074, 41.688701629638672 ],
				[ -12.955100059509277, -1.499500036239624, 36.775398254394531 ],
				[ -7.0425000190734863, 6.2034001350402832, 36.775398254394531 ],
				[ -4.9096999168395996, 4.5662999153137207, 41.688701629638672 ]
			],
			"projected_cuboid": [
				[ 430.1702880859375, 610.64788818359375 ],
				[ 286.77218627929688, 676.537109375 ],
				[ 501.37728881835938, 957.03692626953125 ],
				[ 621.82867431640625, 861.1605224609375 ],
				[ 594.7686767578125, 445.76480102539062 ],
				[ 456.74740600585938, 497.2705078125 ],
				[ 696.200927734375, 810.32177734375 ],
				[ 806.02398681640625, 721.91937255859375 ]
			]
		}
	]
}