{
	"camera_data":
	{
		"location_worldframe": [ 6813.91015625, -12.293600082397461, 0 ],
		"quaternion_xyzw_worldframe": [ 0, 0, 0.58090001344680786, 0.81400001049041748 ]
	},
	"objects": [
		{
			"class": "ExoRomper_FullPayload",
			"instance_id": 0,
			"visibility": 0.97369998693466187,
			"location": [ -0.00050000002374872565, 0, 24.705799102783203 ],
			"quaternion_xyzw": [ 0, 0.70709997415542603, 0, 0.70709997415542603 ],
			"pose_transform": [
				[ 1, 0, 0, 0 ],
				[ 0, 0, -1, 0 ],
				[ 0, -1, 0, 0 ],
				[ -0.00050000002374872565, 0, 24.705799102783203, 1 ]
			],
			"cuboid_centroid": [ -0.00050000002374872565, 0, 24.705600738525391 ],
			"projected_cuboid_centroid": [ 981.4783935546875, 558.21331787109375 ],
			"bounding_box":
			{
				"top_left": [ -4023.5107421875, -4565.43994140625 ],
				"bottom_right": [ 2572.622802734375, 2237.975830078125 ]
			},
			"cuboid": [
				[ 19.291500091552734, -20.600000381469727, -4.8393998146057129 ],
				[ 19.291500091552734, -20.600000381469727, 54.250198364257812 ],
				[ 19.291500091552734, 20.600000381469727, 54.250198364257812 ],
				[ 19.291500091552734, 20.600000381469727, -4.8393998146057129 ],
				[ -19.291999816894531, -20.600000381469727, -4.8393998146057129 ],
				[ -19.291500091552734, -20.600000381469727, 54.250198364257812 ],
				[ -19.291500091552734, 20.600000381469727, 54.250198364257812 ],
				[ -19.291999816894531, 20.600000381469727, -4.8393998146057129 ]
			],
			"projected_cuboid": [
				[ -4955.54443359375, 6919.59521484375 ],
				[ 1511.183349609375, -9.3118000030517578 ],
				[ 1511.183349609375, 1125.7384033203125 ],
				[ -4955.54443359375, -5803.1689453125 ],
				[ 6918.74072265625, 6919.59521484375 ],
				[ 451.81219482421875, -9.3118000030517578 ],
				[ 451.81219482421875, 1125.73828125 ],
				[ 6918.74072265625, -5803.1689453125 ]
			]
		},
		{
			"class": "ExoRomper_Sat",
			"instance_id": 0,
			"visibility": 0.89579999446868896,
			"location": [ -3.3578999042510986, 4.0215997695922852, 41.365200042724609 ],
			"quaternion_xyzw": [ -0.30979999899864197, 0.87440001964569092, 0.12470000237226486, 0.35199999809265137 ],
			"pose_transform": [
				[ 0.18840000033378601, 0.15270000696182251, -0.25240001082420349, 0 ],
				[ -0.19609999656677246, -0.15889999270439148, -0.24250000715255737, 0 ],
				[ 0.22040000557899475, -0.2718999981880188, 0, 0 ],
				[ -3.3578999042510986, 4.0215997695922852, 41.365200042724609, 1 ]
			],
			"cuboid_centroid": [ -3.3578999042510986, 4.0215997695922852, 41.365200042724609 ],
			"projected_cuboid_centroid": [ 860.5947265625, 703.519775390625 ],
			"bounding_box":
			{
				"top_left": [ 465.35409545898438, 661.1405029296875 ],
				"bottom_right": [ 903.310791015625, 1108.4576416015625 ]
			},
			"cuboid": [
				[ 0.52289998531341553, 0.91680002212524414, 36.219699859619141 ],
				[ 3.660599946975708, 3.4598000049591064, 40.099601745605469 ],
				[ -2.4535999298095703, 11.00409984588623, 40.099899291992188 ],
				[ -5.5913000106811523, 8.4610996246337891, 36.219501495361328 ],
				[ -4.2617001533508301, -2.9609000682830811, 42.630599975585938 ],
				[ -1.124500036239624, -0.41789999604225159, 46.510700225830078 ],
				[ -7.2382998466491699, 7.1263999938964844, 46.510700225830078 ],
				[ -10.375499725341797, 4.583399772644043, 42.630599975585938 ]
			],
			"projected_cuboid": [
				[ 1002.993408203125, 596.044189453125 ],
				[ 1117.4613037109375, 687.16558837890625 ],
				[ 890.35272216796875, 968.35418701171875 ],
				[ 751.580322265625, 907.35980224609375 ],
				[ 832.581298828125, 454.40728759765625 ],
				[ 945.48712158203125, 544.78399658203125 ],
				[ 749.6834716796875, 787.21502685546875 ],
				[ 618.97802734375, 718.90399169921875 ]
			]
		}
	]
}