{
	"camera_data":
	{
		"location_worldframe": [ 6828.546875, -7.7870998382568359, 0 ],
		"quaternion_xyzw_worldframe": [ 0, 0, 0.94889998435974121, 0.31560000777244568 ]
	},
	"objects": [
		{
			"class": "ExoRomper_FullPayload",
			"instance_id": 0,
			"visibility": 0.98669999837875366,
			"location": [ 0, 0, 24.705099105834961 ],
			"quaternion_xyzw": [ 0, 0.70709997415542603, 0, 0.70709997415542603 ],
			"pose_transform": [
				[ 1, 0, 0, 0 ],
				[ 0, 0, -1, 0 ],
				[ 0, -1, 0, 0 ],
				[ 0, 0, 24.705099105834961, 1 ]
			],
			"cuboid_centroid": [ 0.00019999999494757503, 0, 24.705099105834961 ],
			"projected_cuboid_centroid": [ 981.49737548828125, 558.21337890625 ],
			"bounding_box":
			{
				"top_left": [ -4023.658447265625, -4565.55615234375 ],
				"bottom_right": [ 2572.687255859375, 2237.97314453125 ]
			},
			"cuboid": [
				[ 19.291299819946289, -20.600000381469727, -4.8397998809814453 ],
				[ 19.291500091552734, -20.600000381469727, 54.25 ],
				[ 19.291500091552734, 20.600000381469727, 54.25 ],
				[ 19.291299819946289, 20.600000381469727, -4.8397998809814453 ],
				[ -19.291500091552734, -20.600000381469727, -4.8397998809814453 ],
				[ -19.291500091552734, -20.600000381469727, 54.25 ],
				[ -19.291500091552734, 20.600000381469727, 54.25 ],
				[ -19.291500091552734, 20.600000381469727, -4.8397998809814453 ]
			],
			"projected_cuboid": [
				[ -4955.6416015625, 6919.59375 ],
				[ 1511.15869140625, -9.3042001724243164 ],
				[ 1511.15869140625, 1125.7305908203125 ],
				[ -4955.6416015625, -5803.169921875 ],
				[ 6918.54736328125, 6919.59521484375 ],
				[ 451.82321166992188, -9.3091001510620117 ],
				[ 451.82321166992188, 1125.7357177734375 ],
				[ 6918.54736328125, -5803.16796875 ]
			]
		},
		{
			"class": "ExoRomper_Sat",
			"instance_id": 0,
			"visibility": 0.95649999380111694,
			"location": [ -8.1499004364013672, 2.4712998867034912, 41.365200042724609 ],
			"quaternion_xyzw": [ 0.02759999968111515, 0.99959999322891235, -9.9999997473787516e-05, 0.0026000000070780516 ],
			"pose_transform": [
				[ 0.0017999999690800905, -9.9999997473787516e-05, -0.34999999403953552, 0 ],
				[ -0.34950000047683716, 0.019300000742077827, -0.0017999999690800905, 0 ],
				[ -0.019300000742077827, -0.34950000047683716, 0, 0 ],
				[ -8.1499004364013672, 2.4712998867034912, 41.365200042724609, 1 ]
			],
			"cuboid_centroid": [ -8.1499004364013672, 2.4712998867034912, 41.365200042724609 ],
			"projected_cuboid_centroid": [ 688.03582763671875, 647.5015869140625 ],
			"bounding_box":
			{
				"top_left": [ 456.50820922851562, 528.6859130859375 ],
				"bottom_right": [ 839.7216796875, 811.75958251953125 ]
			},
			"cuboid": [
				[ -11.190699577331543, -2.223599910736084, 36.905799865722656 ],
				[ -5.5984001159667969, -2.5323998928070068, 36.935100555419922 ],
				[ -5.0630002021789551, 7.1634998321533203, 36.935100555419922 ],
				[ -10.655300140380859, 7.4724001884460449, 36.905799865722656 ],
				[ -11.237299919128418, -2.2209999561309814, 45.795398712158203 ],
				[ -5.6452999114990234, -2.529900074005127, 45.824699401855469 ],
				[ -5.1096000671386719, 7.166100025177002, 45.824699401855469 ],
				[ -10.701399803161621, 7.4749999046325684, 45.7958984375 ]
			],
			"projected_cuboid": [
				[ 529.84613037109375, 468.16580200195312 ],
				[ 755.7252197265625, 455.74029541015625 ],
				[ 777.3253173828125, 848.080078125 ],
				[ 551.46368408203125, 860.82257080078125 ],
				[ 616.0111083984375, 485.7296142578125 ],
				[ 798.00018310546875, 475.701904296875 ],
				[ 815.42047119140625, 791.93487548828125 ],
				[ 633.43212890625, 802.16180419921875 ]
			]
		}
	]
}