{
	"camera_data":
	{
		"location_worldframe": [ 6821.07275390625, 12.664199829101562, 0 ],
		"quaternion_xyzw_worldframe": [ 0, 0, -0.78289997577667236, 0.62220001220703125 ]
	},
	"objects": [
		{
			"class": "ExoRomper_FullPayload",
			"instance_id": 0,
			"visibility": 0.98669999837875366,
			"location": [ 0, 0, 24.705699920654297 ],
			"quaternion_xyzw": [ 0, 0.70709997415542603, 0, 0.70709997415542603 ],
			"pose_transform": [
				[ 1, 0, 0, 0 ],
				[ 0, 0, -1, 0 ],
				[ 0, -1, 0, 0 ],
				[ 0, 0, 24.705699920654297, 1 ]
			],
			"cuboid_centroid": [ 0, 0, 24.705600738525391 ],
			"projected_cuboid_centroid": [ 981.51641845703125, 558.21331787109375 ],
			"bounding_box":
			{
				"top_left": [ -4023.58447265625, -4565.529296875 ],
				"bottom_right": [ 2572.6552734375, 2237.962890625 ]
			},
			"cuboid": [
				[ 19.290500640869141, -20.600000381469727, -4.8392000198364258 ],
				[ 19.291000366210938, -20.600000381469727, 54.250598907470703 ],
				[ 19.291000366210938, 20.600000381469727, 54.250598907470703 ],
				[ 19.290500640869141, 20.600000381469727, -4.8392000198364258 ],
				[ -19.291500091552734, -20.600000381469727, -4.8393998146057129 ],
				[ -19.291500091552734, -20.600000381469727, 54.250499725341797 ],
				[ -19.291500091552734, 20.600000381469727, 54.250499725341797 ],
				[ -19.291500091552734, 20.600000381469727, -4.8393998146057129 ]
			],
			"projected_cuboid": [
				[ -4955.54443359375, 6919.59521484375 ],
				[ 1511.16357421875, -9.3092002868652344 ],
				[ 1511.16357421875, 1125.7357177734375 ],
				[ -4955.54443359375, -5803.1689453125 ],
				[ 6918.54736328125, 6919.5947265625 ],
				[ 451.81451416015625, -9.3092002868652344 ],
				[ 451.81451416015625, 1125.7357177734375 ],
				[ 6918.54736328125, -5803.16943359375 ]
			]
		},
		{
			"class": "ExoRomper_Sat",
			"instance_id": 0,
			"visibility": 0.89289999008178711,
			"location": [ -13.515600204467773, 5.4692001342773438, 41.366500854492188 ],
			"quaternion_xyzw": [ -0.28400000929832458, -0.54280000925064087, -0.36640000343322754, 0.70029997825622559 ],
			"pose_transform": [
				[ -0.1932000070810318, 0.2784000039100647, 0.087300002574920654, 0 ],
				[ 0.049800001084804535, -0.071699999272823334, 0.33889999985694885, 0 ],
				[ -0.28749999403953552, -0.19959999620914459, 0, 0 ],
				[ -13.515600204467773, 5.4692001342773438, 41.366500854492188, 1 ]
			],
			"cuboid_centroid": [ -13.515600204467773, 5.4692001342773438, 41.366500854492188 ],
			"projected_cuboid_centroid": [ 494.8291015625, 755.8187255859375 ],
			"bounding_box":
			{
				"top_left": [ 516.64691162109375, 231.29299926757812 ],
				"bottom_right": [ 966.66387939453125, 694.58770751953125 ]
			},
			"cuboid": [
				[ -19.56049919128418, 5.6630997657775879, 45.187301635742188 ],
				[ -20.357900619506836, 6.810999870300293, 39.763801574707031 ],
				[ -12.379400253295898, 12.347800254821777, 39.763698577880859 ],
				[ -11.583000183105469, 11.199799537658691, 45.187301635742188 ],
				[ -14.652299880981445, -1.4092999696731567, 42.969200134277344 ],
				[ -15.448699951171875, -0.2614000141620636, 37.545700073242188 ],
				[ -7.4711999893188477, 5.2754001617431641, 37.545700073242188 ],
				[ -6.673799991607666, 4.1273999214172363, 42.969100952148438 ]
			],
			"projected_cuboid": [
				[ 336.7119140625, 745.521728515625 ],
				[ 218.92730712890625, 814.2169189453125 ],
				[ 517.78680419921875, 1022.3275146484375 ],
				[ 599.6829833984375, 928.6514892578125 ],
				[ 473.58551025390625, 509.19241333007812 ],
				[ 368.6123046875, 547.80767822265625 ],
				[ 685.1060791015625, 768.210205078125 ],
				[ 750.13031005859375, 701.77557373046875 ]
			]
		}
	]
}