{
	"camera_data":
	{
		"location_worldframe": [ 6830.90771484375, 2.4319999217987061, 0 ],
		"quaternion_xyzw_worldframe": [ 0, 0, -0.99559998512268066, 0.093999996781349182 ]
	},
	"objects": [
		{
			"class": "ExoRomper_FullPayload",
			"instance_id": 0,
			"visibility": 0.98669999837875366,
			"location": [ 0, 0, 24.705600738525391 ],
			"quaternion_xyzw": [ 0, 0.70709997415542603, 0, 0.70709997415542603 ],
			"pose_transform": [
				[ 1, 0, 0, 0 ],
				[ 0, 0, -1, 0 ],
				[ 0, -1, 0, 0 ],
				[ 0, 0, 24.705600738525391, 1 ]
			],
			"cuboid_centroid": [ 0, 0, 24.705600738525391 ],
			"projected_cuboid_centroid": [ 981.4921875, 558.21270751953125 ],
			"bounding_box":
			{
				"top_left": [ -4023.657470703125, -4565.58740234375 ],
				"bottom_right": [ 2572.688232421875, 2237.977294921875 ]
			},
			"cuboid": [
				[ 19.291299819946289, -20.600000381469727, -4.8397998809814453 ],
				[ 19.291400909423828, -20.600000381469727, 54.25 ],
				[ 19.291400909423828, 20.600000381469727, 54.25 ],
				[ 19.291299819946289, 20.600000381469727, -4.8397998809814453 ],
				[ -19.291400909423828, -20.600000381469727, -4.8397998809814453 ],
				[ -19.291299819946289, -20.600000381469727, 54.25 ],
				[ -19.291299819946289, 20.600000381469727, 54.25 ],
				[ -19.291400909423828, 20.600000381469727, -4.8397998809814453 ]
			],
			"projected_cuboid": [
				[ -4956.16552734375, 6920.23974609375 ],
				[ 1511.161376953125, -9.309300422668457 ],
				[ 1511.161376953125, 1125.7354736328125 ],
				[ -4956.16552734375, -5803.80615234375 ],
				[ 6919.1484375, 6920.23779296875 ],
				[ 451.8275146484375, -9.309300422668457 ],
				[ 451.8275146484375, 1125.7354736328125 ],
				[ 6919.1484375, -5803.8076171875 ]
			]
		},
		{
			"class": "ExoRomper_Sat",
			"instance_id": 0,
			"visibility": 0.91670000553131104,
			"location": [ -3.7102999687194824, 3.7539999485015869, 41.365699768066406 ],
			"quaternion_xyzw": [ -0.29820001125335693, 0.93459999561309814, -0.058899998664855957, -0.18469999730587006 ],
			"pose_transform": [
				[ -0.10849999636411667, -0.077100001275539398, -0.32370001077651978, 0 ],
				[ -0.26390001177787781, -0.1875, 0.1331000030040741, 0 ],
				[ 0.20270000398159027, -0.28529998660087585, 0, 0 ],
				[ -3.7102999687194824, 3.7539999485015869, 41.365699768066406, 1 ]
			],
			"cuboid_centroid": [ -3.7102999687194824, 3.7539999485015869, 41.365699768066406 ],
			"projected_cuboid_centroid": [ 847.89117431640625, 693.84759521484375 ],
			"bounding_box":
			{
				"top_left": [ 466.05868530273438, 646.69891357421875 ],
				"bottom_right": [ 879.97137451171875, 1060.9814453125 ]
			},
			"cuboid": [
				[ -4.3878998756408691, -2.6833000183105469, 38.319301605224609 ],
				[ -0.16529999673366547, 0.31659999489784241, 36.189899444580078 ],
				[ -5.7891998291015625, 8.2329998016357422, 36.188999176025391 ],
				[ -10.011799812316895, 5.2332000732421875, 38.319801330566406 ],
				[ -1.6312999725341797, -0.72500002384185791, 46.541500091552734 ],
				[ 2.5912001132965088, 2.274899959564209, 44.411598205566406 ],
				[ -3.0327000617980957, 10.191300392150879, 44.411098480224609 ],
				[ -7.2554998397827148, 7.1914000511169434, 46.541500091552734 ]
			],
			"projected_cuboid": [
				[ 810.93701171875, 453.5592041015625 ],
				[ 974.6912841796875, 571.288330078125 ],
				[ 743.22088623046875, 898.2239990234375 ],
				[ 592.3333740234375, 762.31610107421875 ],
				[ 929.28387451171875, 534.9315185546875 ],
				[ 1068.399169921875, 634.7686767578125 ],
				[ 879.7783203125, 901.180419921875 ],
				[ 749.29351806640625, 789.14788818359375 ]
			]
		}
	]
}