{
	"camera_data":
	{
		"location_worldframe": [ 6806.68994140625, -6.1606998443603516, 0 ],
		"quaternion_xyzw_worldframe": [ 0, 0, 0.24439999461174011, 0.96969997882843018 ]
	},
	"objects": [
		{
			"class": "ExoRomper_FullPayload",
			"instance_id": 0,
			"visibility": 0.98669999837875366,
			"location": [ -0.00019999999494757503, 0, 24.705099105834961 ],
			"quaternion_xyzw": [ 0, 0.70709997415542603, 0, 0.70709997415542603 ],
			"pose_transform": [
				[ 1, 0, 0, 0 ],
				[ 0, 0, -1, 0 ],
				[ 0, -1, 0, 0 ],
				[ -0.00019999999494757503, 0, 24.705099105834961, 1 ]
			],
			"cuboid_centroid": [ -0.00019999999494757503, 0, 24.705099105834961 ],
			"projected_cuboid_centroid": [ 981.49737548828125, 558.21307373046875 ],
			"bounding_box":
			{
				"top_left": [ -4023.656494140625, -4565.55615234375 ],
				"bottom_right": [ 2572.689453125, 2237.962890625 ]
			},
			"cuboid": [
				[ 19.290800094604492, -20.600000381469727, -4.8393998146057129 ],
				[ 19.291000366210938, -20.600000381469727, 54.25 ],
				[ 19.291000366210938, 20.600000381469727, 54.25 ],
				[ 19.290800094604492, 20.600000381469727, -4.8393998146057129 ],
				[ -19.29170036315918, -20.600000381469727, -4.8393998146057129 ],
				[ -19.291500091552734, -20.600000381469727, 54.25 ],
				[ -19.291500091552734, 20.600000381469727, 54.25 ],
				[ -19.29170036315918, 20.600000381469727, -4.8393998146057129 ]
			],
			"projected_cuboid": [
				[ -4956.1416015625, 6920.23779296875 ],
				[ 1511.16357421875, -9.309300422668457 ],
				[ 1511.16357421875, 1125.7354736328125 ],
				[ -4956.1416015625, -5803.8076171875 ],
				[ 6918.54736328125, 6919.59423828125 ],
				[ 451.831787109375, -9.309300422668457 ],
				[ 451.831787109375, 1125.7354736328125 ],
				[ 6918.54736328125, -5803.16796875 ]
			]
		},
		{
			"class": "ExoRomper_Sat",
			"instance_id": 0,
			"visibility": 0.98079997301101685,
			"location": [ -8.9174995422363281, 2.5557000637054443, 41.363800048828125 ],
			"quaternion_xyzw": [ -0.066100001335144043, -0.79629999399185181, -0.049699999392032623, 0.59920001029968262 ],
			"pose_transform": [
				[ -0.33169999718666077, 0.055399999022483826, -0.096900001168251038, 0 ],
				[ -0.095600001513957977, 0.016000000759959221, 0.33629998564720154, 0 ],
				[ -0.057700000703334808, -0.34520000219345093, 0, 0 ],
				[ -8.9174995422363281, 2.5557000637054443, 41.363800048828125, 1 ]
			],
			"cuboid_centroid": [ -8.9174995422363281, 2.5557000637054443, 41.363800048828125 ],
			"projected_cuboid_centroid": [ 660.39447021484375, 650.555908203125 ],
			"bounding_box":
			{
				"top_left": [ 446.31878662109375, 459.1282958984375 ],
				"bottom_right": [ 847.73138427734375, 849.64569091796875 ]
			},
			"cuboid": [
				[ -14.695300102233887, -1.4018000364303589, 42.824199676513672 ],
				[ -13.165800094604492, -1.6572999954223633, 37.442401885986328 ],
				[ -11.565699577331543, 7.9207000732421875, 37.442401885986328 ],
				[ -13.095199584960938, 8.1761999130249023, 42.823699951171875 ],
				[ -6.2694997787475586, -2.8094000816345215, 45.285198211669922 ],
				[ -4.7399997711181641, -3.0648999214172363, 39.903800964355469 ],
				[ -3.1398999691009521, 6.5131001472473145, 39.903301239013672 ],
				[ -4.6694002151489258, 6.768700122833252, 45.285598754882812 ]
			],
			"projected_cuboid": [
				[ 470.37850952148438, 509.29119873046875 ],
				[ 457.76580810546875, 492.06021118164062 ],
				[ 521.40802001953125, 874.38507080078125 ],
				[ 526.03350830078125, 843.56787109375 ],
				[ 775.29547119140625, 465.4945068359375 ],
				[ 804.57537841796875, 443.42041015625 ],
				[ 864.30767822265625, 802.16107177734375 ],
				[ 827.92181396484375, 781.59967041015625 ]
			]
		}
	]
}