{
	"camera_data":
	{
		"location_worldframe": [ 6831.0390625, -1.5936000347137451, 0 ],
		"quaternion_xyzw_worldframe": [ 0, 0, 0.99809998273849487, 0.061400000005960464 ]
	},
	"objects": [
		{
			"class": "ExoRomper_FullPayload",
			"instance_id": 0,
			"visibility": 0.98669999837875366,
			"location": [ 0, 0, 24.704099655151367 ],
			"quaternion_xyzw": [ 0, 0.70709997415542603, 0, 0.70709997415542603 ],
			"pose_transform": [
				[ 1, 0, 0, 0 ],
				[ 0, 0, -1, 0 ],
				[ 0, -1, 0, 0 ],
				[ 0, 0, 24.704099655151367, 1 ]
			],
			"cuboid_centroid": [ -9.9999997473787516e-05, 0, 24.70359992980957 ],
			"projected_cuboid_centroid": [ 981.4879150390625, 558.21337890625 ],
			"bounding_box":
			{
				"top_left": [ -4023.658447265625, -4565.57177734375 ],
				"bottom_right": [ 2572.688232421875, 2237.97900390625 ]
			},
			"cuboid": [
				[ 19.291299819946289, -20.600000381469727, -4.8407998085021973 ],
				[ 19.291299819946289, -20.600000381469727, 54.249000549316406 ],
				[ 19.291299819946289, 20.600000381469727, 54.249000549316406 ],
				[ 19.291299819946289, 20.600000381469727, -4.8407998085021973 ],
				[ -19.291299819946289, -20.600000381469727, -4.8403000831604004 ],
				[ -19.291299819946289, -20.600000381469727, 54.249000549316406 ],
				[ -19.291299819946289, 20.600000381469727, 54.249000549316406 ],
				[ -19.291299819946289, 20.600000381469727, -4.8403000831604004 ]
			],
			"projected_cuboid": [
				[ -4955.54443359375, 6919.59619140625 ],
				[ 1511.1593017578125, -9.309300422668457 ],
				[ 1511.1593017578125, 1125.7357177734375 ],
				[ -4955.54443359375, -5803.169921875 ],
				[ 6919.1484375, 6920.23779296875 ],
				[ 451.8275146484375, -9.3092002868652344 ],
				[ 451.8275146484375, 1125.7359619140625 ],
				[ 6919.1484375, -5803.8115234375 ]
			]
		},
		{
			"class": "ExoRomper_Sat",
			"instance_id": 0,
			"visibility": 0.92309999465942383,
			"location": [ -12.208100318908691, 4.052299976348877, 41.364299774169922 ],
			"quaternion_xyzw": [ -0.22370000183582306, -0.62459999322891235, -0.25229999423027039, 0.70440000295639038 ],
			"pose_transform": [
				[ -0.26850000023841858, 0.22059999406337738, 0.041900001466274261, 0 ],
				[ 0.032400000840425491, -0.026599999517202377, 0.34749999642372131, 0 ],
				[ -0.22220000624656677, -0.27039998769760132, 0, 0 ],
				[ -12.208100318908691, 4.052299976348877, 41.364299774169922, 1 ]
			],
			"cuboid_centroid": [ -12.208100318908691, 4.052299976348877, 41.364299774169922 ],
			"projected_cuboid_centroid": [ 541.8980712890625, 704.62811279296875 ],
			"bounding_box":
			{
				"top_left": [ 474.00131225585938, 268.681396484375 ],
				"bottom_right": [ 905.06488037109375, 739.5543212890625 ]
			},
			"cuboid": [
				[ -18.441099166870117, 2.8898999691009521, 44.676799774169922 ],
				[ -18.959299087524414, 3.3157000541687012, 39.116199493408203 ],
				[ -12.793999671936035, 10.818300247192383, 39.11669921875 ],
				[ -12.275899887084961, 10.392499923706055, 44.676799774169922 ],
				[ -11.622099876403809, -2.7135999202728271, 43.612300872802734 ],
				[ -12.140299797058105, -2.2878000736236572, 38.051799774169922 ],
				[ -5.9749999046325684, 5.2147002220153809, 38.051799774169922 ],
				[ -5.4567999839782715, 4.7888998985290527, 43.612300872802734 ]
			],
			"projected_cuboid": [
				[ 366.68850708007812, 654.88787841796875 ],
				[ 259.57440185546875, 684.8978271484375 ],
				[ 494.32879638671875, 971.54718017578125 ],
				[ 572.23077392578125, 905.86419677734375 ],
				[ 584.56878662109375, 465.22079467773438 ],
				[ 506.28448486328125, 468.35641479492188 ],
				[ 747.61181640625, 763.0281982421875 ],
				[ 795.13037109375, 722.32281494140625 ]
			]
		}
	]
}