{
	"camera_data":
	{
		"location_worldframe": [ 6828.06005859375, 8.3985996246337891, 0 ],
		"quaternion_xyzw_worldframe": [ 0, 0, -0.93900001049041748, 0.34400001168251038 ]
	},
	"objects": [
		{
			"class": "ExoRomper_FullPayload",
			"instance_id": 0,
			"visibility": 0.97369998693466187,
			"location": [ -0.00050000002374872565, 0, 24.705600738525391 ],
			"quaternion_xyzw": [ 0, 0.70709997415542603, 0, 0.70709997415542603 ],
			"pose_transform": [
				[ 1, 0, 0, 0 ],
				[ 0, 0, -1, 0 ],
				[ 0, -1, 0, 0 ],
				[ -0.00050000002374872565, 0, 24.705600738525391, 1 ]
			],
			"cuboid_centroid": [ -0.00050000002374872565, 0, 24.705099105834961 ],
			"projected_cuboid_centroid": [ 981.5167236328125, 558.21337890625 ],
			"bounding_box":
			{
				"top_left": [ -4023.363037109375, -4565.32373046875 ],
				"bottom_right": [ 2572.558349609375, 2237.947021484375 ]
			},
			"cuboid": [
				[ 19.291000366210938, -20.600000381469727, -4.8393998146057129 ],
				[ 19.291000366210938, -20.600000381469727, 54.25 ],
				[ 19.291000366210938, 20.600000381469727, 54.25 ],
				[ 19.291000366210938, 20.600000381469727, -4.8393998146057129 ],
				[ -19.291500091552734, -20.600000381469727, -4.8393998146057129 ],
				[ -19.291500091552734, -20.600000381469727, 54.25 ],
				[ -19.291500091552734, 20.600000381469727, 54.25 ],
				[ -19.291500091552734, 20.600000381469727, -4.8393998146057129 ]
			],
			"projected_cuboid": [
				[ -4955.73828125, 6919.5966796875 ],
				[ 1511.180908203125, -9.3093996047973633 ],
				[ 1511.180908203125, 1125.7357177734375 ],
				[ -4955.73828125, -5803.16796875 ],
				[ 6918.4501953125, 6919.59521484375 ],
				[ 451.83590698242188, -9.3142004013061523 ],
				[ 451.83590698242188, 1125.7410888671875 ],
				[ 6918.4501953125, -5803.169921875 ]
			]
		},
		{
			"class": "ExoRomper_Sat",
			"instance_id": 0,
			"visibility": 0.87800002098083496,
			"location": [ -3.0195000171661377, 4.3147001266479492, 41.366199493408203 ],
			"quaternion_xyzw": [ -0.14820000529289246, 0.37940001487731934, 0.33239999413490295, 0.8507000207901001 ],
			"pose_transform": [
				[ 0.19140000641345978, 0.17649999260902405, 0.23389999568462372, 0 ],
				[ 0.17190000414848328, 0.15860000252723694, -0.26039999723434448, 0 ],
				[ 0.23729999363422394, -0.2572999894618988, 0, 0 ],
				[ -3.0195000171661377, 4.3147001266479492, 41.366199493408203, 1 ]
			],
			"cuboid_centroid": [ -3.0195000171661377, 4.3147001266479492, 41.366199493408203 ],
			"projected_cuboid_centroid": [ 872.81280517578125, 714.10498046875 ],
			"bounding_box":
			{
				"top_left": [ 466.84228515625, 673.4105224609375 ],
				"bottom_right": [ 916.50982666015625, 1115.962890625 ]
			},
			"cuboid": [
				[ 4.0791001319885254, 4.2562999725341797, 42.252899169921875 ],
				[ 1.3276000022888184, 1.7188999652862549, 46.419898986816406 ],
				[ -5.2562999725341797, 8.8570995330810547, 46.419898986816406 ],
				[ -2.5048999786376953, 11.394499778747559, 42.253398895263672 ],
				[ -0.78270000219345093, -0.22769999504089355, 36.3125 ],
				[ -3.5336999893188477, -2.7651000022888184, 40.479499816894531 ],
				[ -10.11769962310791, 4.3730998039245605, 40.479499816894531 ],
				[ -7.3661999702453613, 6.9105000495910645, 36.3125 ]
			],
			"projected_cuboid": [
				[ 1125.3212890625, 708.765380859375 ],
				[ 1024.13330078125, 613.5565185546875 ],
				[ 812.8701171875, 843.38531494140625 ],
				[ 893.225830078125, 961.2572021484375 ],
				[ 949.4276123046875, 548.840576171875 ],
				[ 851.49468994140625, 456.12020874023438 ],
				[ 609.2393798828125, 719.6771240234375 ],
				[ 679.359375, 842.6414794921875 ]
			]
		}
	]
}