{
	"camera_data":
	{
		"location_worldframe": [ 6818.06494140625, -12.999799728393555, 0 ],
		"quaternion_xyzw_worldframe": [ 0, 0, 0.70509999990463257, 0.70910000801086426 ]
	},
	"objects": [
		{
			"class": "ExoRomper_FullPayload",
			"instance_id": 0,
			"visibility": 0.98669999837875366,
			"location": [ 0, 0, 24.704900741577148 ],
			"quaternion_xyzw": [ 0, 0.70709997415542603, 0, 0.70709997415542603 ],
			"pose_transform": [
				[ 1, 0, 0, 0 ],
				[ 0, 0, -1, 0 ],
				[ 0, -1, 0, 0 ],
				[ 0, 0, 24.704900741577148, 1 ]
			],
			"cuboid_centroid": [ 0, 0, 24.704799652099609 ],
			"projected_cuboid_centroid": [ 981.51617431640625, 558.21331787109375 ],
			"bounding_box":
			{
				"top_left": [ -4023.58740234375, -4565.533203125 ],
				"bottom_right": [ 2572.65673828125, 2237.962646484375 ]
			},
			"cuboid": [
				[ 19.291000366210938, -20.600000381469727, -4.8400998115539551 ],
				[ 19.291500091552734, -20.600000381469727, 54.249599456787109 ],
				[ 19.291500091552734, 20.600000381469727, 54.249599456787109 ],
				[ 19.291000366210938, 20.600000381469727, -4.8400998115539551 ],
				[ -19.291500091552734, -20.600000381469727, -4.8400998115539551 ],
				[ -19.291500091552734, -20.600000381469727, 54.249599456787109 ],
				[ -19.291500091552734, 20.600000381469727, 54.249599456787109 ],
				[ -19.291500091552734, 20.600000381469727, -4.8400998115539551 ]
			],
			"projected_cuboid": [
				[ -4955.63818359375, 6919.69580078125 ],
				[ 1511.1632080078125, -9.3090000152587891 ],
				[ 1511.1632080078125, 1125.7354736328125 ],
				[ -4955.63818359375, -5803.26904296875 ],
				[ 6918.63916015625, 6919.693359375 ],
				[ 451.83200073242188, -9.3090000152587891 ],
				[ 451.83200073242188, 1125.7354736328125 ],
				[ 6918.63916015625, -5803.2666015625 ]
			]
		},
		{
			"class": "ExoRomper_Sat",
			"instance_id": 0,
			"visibility": 0.87720000743865967,
			"location": [ -13.400899887084961, 5.3092999458312988, 41.364498138427734 ],
			"quaternion_xyzw": [ 0.12970000505447388, 0.25659999251365662, -0.43209999799728394, 0.85479998588562012 ],
			"pose_transform": [
				[ 0.11429999768733978, -0.15520000457763672, 0.2921999990940094, 0 ],
				[ 0.17329999804496765, -0.23520000278949738, -0.19269999861717224, 0 ],
				[ -0.28180000185966492, -0.20759999752044678, 0, 0 ],
				[ -13.400899887084961, 5.3092999458312988, 41.364498138427734, 1 ]
			],
			"cuboid_centroid": [ -13.400899887084961, 5.3092999458312988, 41.364498138427734 ],
			"projected_cuboid_centroid": [ 498.94259643554688, 750.04681396484375 ],
			"bounding_box":
			{
				"top_left": [ 517.12841796875, 227.88639831542969 ],
				"bottom_right": [ 959.54278564453125, 700.02398681640625 ]
			},
			"cuboid": [
				[ -14.472200393676758, -1.4229999780654907, 43.532699584960938 ],
				[ -17.244600296020508, 2.3413000106811523, 46.616901397705078 ],
				[ -9.4258003234863281, 8.0999002456665039, 46.616901397705078 ],
				[ -6.6532998085021973, 4.3355998992919922, 43.532699584960938 ],
				[ -17.375499725341797, 2.5188000202178955, 36.11199951171875 ],
				[ -20.147899627685547, 6.2831001281738281, 39.196201324462891 ],
				[ -12.329099655151367, 12.04170036315918, 39.196201324462891 ],
				[ -9.5562000274658203, 8.277400016784668, 36.11199951171875 ]
			],
			"projected_cuboid": [
				[ 486.30868530273438, 509.3583984375 ],
				[ 430.50851440429688, 633.27508544921875 ],
				[ 680.32208251953125, 817.899169921875 ],
				[ 753.86370849609375, 707.0623779296875 ],
				[ 264.82720947265625, 662.45672607421875 ],
				[ 215.84219360351562, 797.78668212890625 ],
				[ 512.99822998046875, 1017.3635864257812 ],
				[ 587.3096923828125, 900.786376953125 ]
			]
		}
	]
}