{
	"camera_data":
	{
		"location_worldframe": [ 6826.6943359375, 9.7864999771118164, 0 ],
		"quaternion_xyzw_worldframe": [ 0, 0, -0.91060000658035278, 0.41339999437332153 ]
	},
	"objects": [
		{
			"class": "ExoRomper_FullPayload",
			"instance_id": 0,
			"visibility": 0.97369998693466187,
			"location": [ -0.00050000002374872565, 0, 24.706100463867188 ],
			"quaternion_xyzw": [ 0, 0.70709997415542603, 0, 0.70709997415542603 ],
			"pose_transform": [
				[ 1, 0, 0, 0 ],
				[ 0, 0, -1, 0 ],
				[ 0, -1, 0, 0 ],
				[ -0.00050000002374872565, 0, 24.706100463867188, 1 ]
			],
			"cuboid_centroid": [ -0.00050000002374872565, 0, 24.705600738525391 ],
			"projected_cuboid_centroid": [ 981.4976806640625, 558.21337890625 ],
			"bounding_box":
			{
				"top_left": [ -4023.36181640625, -4565.19970703125 ],
				"bottom_right": [ 2572.558349609375, 2237.98095703125 ]
			},
			"cuboid": [
				[ 19.291000366210938, -20.600000381469727, -4.8393998146057129 ],
				[ 19.291000366210938, -20.600000381469727, 54.250499725341797 ],
				[ 19.291000366210938, 20.600000381469727, 54.250499725341797 ],
				[ 19.291000366210938, 20.600000381469727, -4.8393998146057129 ],
				[ -19.291999816894531, -20.600000381469727, -4.838900089263916 ],
				[ -19.291500091552734, -20.600000381469727, 54.250499725341797 ],
				[ -19.291500091552734, 20.600000381469727, 54.250499725341797 ],
				[ -19.291999816894531, 20.600000381469727, -4.838900089263916 ]
			],
			"projected_cuboid": [
				[ -4955.6416015625, 6919.5966796875 ],
				[ 1511.16357421875, -9.3093996047973633 ],
				[ 1511.16357421875, 1125.7354736328125 ],
				[ -4955.6416015625, -5803.166015625 ],
				[ 6918.54736328125, 6919.5966796875 ],
				[ 451.831787109375, -9.3093996047973633 ],
				[ 451.831787109375, 1125.7354736328125 ],
				[ 6918.54736328125, -5803.166015625 ]
			]
		},
		{
			"class": "ExoRomper_Sat",
			"instance_id": 0,
			"visibility": 0.80559998750686646,
			"location": [ -14.700200080871582, 8.514399528503418, 41.36669921875 ],
			"quaternion_xyzw": [ 0.58730000257492065, 0.67280000448226929, 0.29580000042915344, -0.33889999985694885 ],
			"pose_transform": [
				[ -0.037999998778104782, 0.27869999408721924, -0.20829999446868896, 0 ],
				[ -0.028200000524520874, 0.20640000700950623, 0.28119999170303345, 0 ],
				[ -0.34679999947547913, -0.047299999743700027, 0, 0 ],
				[ -14.700200080871582, 8.514399528503418, 41.36669921875, 1 ]
			],
			"cuboid_centroid": [ -14.700200080871582, 8.514399528503418, 41.36669921875 ],
			"projected_cuboid_centroid": [ 452.19198608398438, 865.84039306640625 ],
			"bounding_box":
			{
				"top_left": [ 653.94500732421875, 186.60800170898438 ],
				"bottom_right": [ 1070.7403564453125, 649.015625 ]
			},
			"cuboid": [
				[ -20.219200134277344, 13.048700332641602, 40.971199035644531 ],
				[ -19.768100738525391, 9.7454996109008789, 36.470699310302734 ],
				[ -10.146499633789062, 11.057999610900879, 36.470199584960938 ],
				[ -10.597700119018555, 14.361200332641602, 40.970699310302734 ],
				[ -19.253400802612305, 5.9707999229431152, 46.262699127197266 ],
				[ -18.803199768066406, 2.6675999164581299, 41.762199401855469 ],
				[ -9.1812000274658203, 3.9800999164581299, 41.762199401855469 ],
				[ -9.6317996978759766, 7.2832999229431152, 46.262699127197266 ]
			],
			"projected_cuboid": [
				[ 246.43280029296875, 1034.2232666015625 ],
				[ 174.14700317382812, 957.593994140625 ],
				[ 567.0927734375, 1011.3814697265625 ],
				[ 596.2373046875, 1082.1021728515625 ],
				[ 361.60101318359375, 751.11187744140625 ],
				[ 310.87078857421875, 653.6810302734375 ],
				[ 654.05670166015625, 700.65228271484375 ],
				[ 671.3970947265625, 793.51171875 ]
			]
		}
	]
}