{
	"camera_data":
	{
		"location_worldframe": [ 6829.63916015625, -6.0584001541137695, 0 ],
		"quaternion_xyzw_worldframe": [ 0, 0, 0.97079998254776001, 0.23999999463558197 ]
	},
	"objects": [
		{
			"class": "ExoRomper_FullPayload",
			"instance_id": 0,
			"visibility": 1,
			"location": [ 0, 0, 24.704599380493164 ],
			"quaternion_xyzw": [ 0, 0.70709997415542603, 0, 0.70709997415542603 ],
			"pose_transform": [
				[ 1, 0, 0, 0 ],
				[ 0, 0, -1, 0 ],
				[ 0, -1, 0, 0 ],
				[ 0, 0, 24.704599380493164, 1 ]
			],
			"cuboid_centroid": [ 0, 0, 24.704599380493164 ],
			"projected_cuboid_centroid": [ 981.4783935546875, 558.21307373046875 ],
			"bounding_box":
			{
				"top_left": [ -4023.657470703125, -4565.55615234375 ],
				"bottom_right": [ 2572.688232421875, 2237.98095703125 ]
			},
			"cuboid": [
				[ 19.291299819946289, -20.600000381469727, -4.8407998085021973 ],
				[ 19.291299819946289, -20.600000381469727, 54.249000549316406 ],
				[ 19.291299819946289, 20.600000381469727, 54.249000549316406 ],
				[ 19.291299819946289, 20.600000381469727, -4.8407998085021973 ],
				[ -19.291299819946289, -20.600000381469727, -4.8397998809814453 ],
				[ -19.291299819946289, -20.600000381469727, 54.249500274658203 ],
				[ -19.291299819946289, 20.600000381469727, 54.249500274658203 ],
				[ -19.291299819946289, 20.600000381469727, -4.8397998809814453 ]
			],
			"projected_cuboid": [
				[ -4954.8515625, 6918.953125 ],
				[ 1511.159912109375, -9.3142995834350586 ],
				[ 1511.159912109375, 1125.7408447265625 ],
				[ -4954.8515625, -5802.5263671875 ],
				[ 6919.2451171875, 6920.23779296875 ],
				[ 451.82321166992188, -9.3092002868652344 ],
				[ 451.82321166992188, 1125.7357177734375 ],
				[ 6919.2451171875, -5803.8076171875 ]
			]
		},
		{
			"class": "ExoRomper_Sat",
			"instance_id": 0,
			"visibility": 0.82609999179840088,
			"location": [ -14.761699676513672, 9.288299560546875, 41.364700317382812 ],
			"quaternion_xyzw": [ 0.52560001611709595, 0.53860002756118774, 0.45989999175071716, -0.47130000591278076 ],
			"pose_transform": [
				[ -0.008500000461935997, 0.34679999947547913, -0.046399999409914017, 0 ],
				[ -0.0010999999940395355, 0.046399999409914017, 0.34689998626708984, 0 ],
				[ -0.3499000072479248, -0.0086000002920627594, 0, 0 ],
				[ -14.761699676513672, 9.288299560546875, 41.364700317382812, 1 ]
			],
			"cuboid_centroid": [ -14.761699676513672, 9.288299560546875, 41.364700317382812 ],
			"projected_cuboid_centroid": [ 449.94760131835938, 893.8074951171875 ],
			"bounding_box":
			{
				"top_left": [ 724.763427734375, 217.79609680175781 ],
				"bottom_right": [ 1085.9310302734375, 644.102783203125 ]
			},
			"cuboid": [
				[ -19.732900619506836, 13.944899559020996, 43.550300598144531 ],
				[ -19.714599609375, 13.201899528503418, 37.999500274658203 ],
				[ -10.006600379943848, 13.440400123596191, 38 ],
				[ -10.024900436401367, 14.183300018310547, 43.551300048828125 ],
				[ -19.516599655151367, 5.1360998153686523, 44.729999542236328 ],
				[ -19.498300552368164, 4.3931999206542969, 39.17919921875 ],
				[ -9.7903003692626953, 4.6317000389099121, 39.17919921875 ],
				[ -9.8086004257202148, 5.3745999336242676, 44.730499267578125 ]
			],
			"projected_cuboid": [
				[ 306.60330200195312, 1036.7701416015625 ],
				[ 208.72940063476562, 1077.4556884765625 ],
				[ 589.25567626953125, 1086.8343505859375 ],
				[ 638.622314453125, 1044.9481201171875 ],
				[ 331.6007080078125, 729.8250732421875 ],
				[ 240.227294921875, 725.7987060546875 ],
				[ 609.29168701171875, 734.8978271484375 ],
				[ 654.88421630859375, 737.79058837890625 ]
			]
		}
	]
}