{
	"camera_data":
	{
		"location_worldframe": [ 6830.80224609375, -2.9316999912261963, 0 ],
		"quaternion_xyzw_worldframe": [ 0, 0, 0.9934999942779541, 0.11349999904632568 ]
	},
	"objects": [
		{
			"class": "ExoRomper_FullPayload",
			"instance_id": 0,
			"visibility": 0.98669999837875366,
			"location": [ 0, 0, 24.705099105834961 ],
			"quaternion_xyzw": [ 0, 0.70709997415542603, 0, 0.70709997415542603 ],
			"pose_transform": [
				[ 1, 0, 0, 0 ],
				[ 0, 0, -1, 0 ],
				[ 0, -1, 0, 0 ],
				[ 0, 0, 24.705099105834961, 1 ]
			],
			"cuboid_centroid": [ 0, 0, 24.705099105834961 ],
			"projected_cuboid_centroid": [ 981.49737548828125, 558.21337890625 ],
			"bounding_box":
			{
				"top_left": [ -4023.657470703125, -4565.55615234375 ],
				"bottom_right": [ 2572.688232421875, 2237.970703125 ]
			},
			"cuboid": [
				[ 19.291400909423828, -20.600000381469727, -4.8397998809814453 ],
				[ 19.291400909423828, -20.600000381469727, 54.25 ],
				[ 19.291400909423828, 20.600000381469727, 54.25 ],
				[ 19.291400909423828, 20.600000381469727, -4.8397998809814453 ],
				[ -19.291299819946289, -20.600000381469727, -4.8397998809814453 ],
				[ -19.291400909423828, -20.600000381469727, 54.25 ],
				[ -19.291400909423828, 20.600000381469727, 54.25 ],
				[ -19.291299819946289, 20.600000381469727, -4.8397998809814453 ]
			],
			"projected_cuboid": [
				[ -4955.54443359375, 6919.59228515625 ],
				[ 1511.1593017578125, -9.309300422668457 ],
				[ 1511.1593017578125, 1125.7354736328125 ],
				[ -4955.54443359375, -5803.169921875 ],
				[ 6918.54736328125, 6919.59423828125 ],
				[ 451.8275146484375, -9.3092002868652344 ],
				[ 451.8275146484375, 1125.7357177734375 ],
				[ 6918.54736328125, -5803.16796875 ]
			]
		},
		{
			"class": "ExoRomper_Sat",
			"instance_id": 0,
			"visibility": 0.88239997625350952,
			"location": [ -11.538100242614746, 3.5652000904083252, 41.365200042724609 ],
			"quaternion_xyzw": [ -0.12020000070333481, -0.4106999933719635, -0.25389999151229858, 0.86739999055862427 ],
			"pose_transform": [
				[ -0.22800000011920929, 0.14599999785423279, 0.22179999947547913, 0 ],
				[ 0.18680000305175781, -0.11959999799728394, 0.27070000767707825, 0 ],
				[ -0.18870000541210175, -0.29480001330375671, 0, 0 ],
				[ -11.538100242614746, 3.5652000904083252, 41.365200042724609, 1 ]
			],
			"cuboid_centroid": [ -11.538100242614746, 3.5652000904083252, 41.365200042724609 ],
			"projected_cuboid_centroid": [ 566.0211181640625, 687.02740478515625 ],
			"bounding_box":
			{
				"top_left": [ 446.73150634765625, 331.12640380859375 ],
				"bottom_right": [ 887.41741943359375, 765.80389404296875 ]
			},
			"cuboid": [
				[ -15.55679988861084, 0.37279999256134033, 46.348598480224609 ],
				[ -18.54640007019043, 2.2867999076843262, 42.017101287841797 ],
				[ -13.310700416564941, 10.465100288391113, 42.0166015625 ],
				[ -10.321000099182129, 8.5510997772216797, 46.348598480224609 ],
				[ -9.7655000686645508, -3.3347001075744629, 40.714401245117188 ],
				[ -12.755399703979492, -1.4206999540328979, 36.381801605224609 ],
				[ -7.5194997787475586, 6.7575998306274414, 36.381801605224609 ],
				[ -4.5297999382019043, 4.843599796295166, 40.714401245117188 ]
			],
			"projected_cuboid": [
				[ 481.55239868164062, 570.23468017578125 ],
				[ 324.0255126953125, 639.55517578125 ],
				[ 509.63079833984375, 930.46197509765625 ],
				[ 649.81182861328125, 833.95477294921875 ],
				[ 624.23077392578125, 435.80050659179688 ],
				[ 459.28890991210938, 499.85000610351562 ],
				[ 673.6427001953125, 835.815185546875 ],
				[ 815.77490234375, 736.015625 ]
			]
		}
	]
}