{
	"camera_data":
	{
		"location_worldframe": [ 6808.72705078125, -8.9690999984741211, 0 ],
		"quaternion_xyzw_worldframe": [ 0, 0, 0.37160000205039978, 0.92839998006820679 ]
	},
	"objects": [
		{
			"class": "ExoRomper_FullPayload",
			"instance_id": 0,
			"visibility": 0.98669999837875366,
			"location": [ 0.00050000002374872565, 0, 24.705099105834961 ],
			"quaternion_xyzw": [ 0, 0.70709997415542603, 0, 0.70709997415542603 ],
			"pose_transform": [
				[ 1, 0, 0, 0 ],
				[ 0, 0, -1, 0 ],
				[ 0, -1, 0, 0 ],
				[ 0.00050000002374872565, 0, 24.705099105834961, 1 ]
			],
			"cuboid_centroid": [ 0.00050000002374872565, 0, 24.704599380493164 ],
			"projected_cuboid_centroid": [ 981.5172119140625, 558.2135009765625 ],
			"bounding_box":
			{
				"top_left": [ -4023.362548828125, -4565.32373046875 ],
				"bottom_right": [ 2572.558349609375, 2237.962890625 ]
			},
			"cuboid": [
				[ 19.291999816894531, -20.600000381469727, -4.8397998809814453 ],
				[ 19.291500091552734, -20.600000381469727, 54.25 ],
				[ 19.291500091552734, 20.600000381469727, 54.25 ],
				[ 19.291999816894531, 20.600000381469727, -4.8397998809814453 ],
				[ -19.291000366210938, -20.600000381469727, -4.8397998809814453 ],
				[ -19.291000366210938, -20.600000381469727, 54.250499725341797 ],
				[ -19.291000366210938, 20.600000381469727, 54.250499725341797 ],
				[ -19.291000366210938, 20.600000381469727, -4.8397998809814453 ]
			],
			"projected_cuboid": [
				[ -4955.14208984375, 6918.95458984375 ],
				[ 1511.1859130859375, -9.3143997192382812 ],
				[ 1511.1859130859375, 1125.7408447265625 ],
				[ -4955.14208984375, -5802.52734375 ],
				[ 6917.75244140625, 6918.95458984375 ],
				[ 451.831787109375, -9.3094997406005859 ],
				[ 451.831787109375, 1125.735595703125 ],
				[ 6917.75244140625, -5802.52734375 ]
			]
		},
		{
			"class": "ExoRomper_Sat",
			"instance_id": 0,
			"visibility": 0.92110002040863037,
			"location": [ -1.899399995803833, 5.6381998062133789, 41.363800048828125 ],
			"quaternion_xyzw": [ -0.052299998700618744, 0.096500001847743988, 0.47350001335144043, 0.87389999628067017 ],
			"pose_transform": [
				[ 0.041700001806020737, 0.064000003039836884, 0.34160000085830688, 0 ],
				[ 0.18649999797344208, 0.28610000014305115, -0.076399996876716614, 0 ],
				[ 0.29319998621940613, -0.19110000133514404, 0, 0 ],
				[ -1.899399995803833, 5.6381998062133789, 41.363800048828125, 1 ]
			],
			"cuboid_centroid": [ -1.899399995803833, 5.6381998062133789, 41.363800048828125 ],
			"projected_cuboid_centroid": [ 913.0833740234375, 761.9354248046875 ],
			"bounding_box":
			{
				"top_left": [ 561.86572265625, 713.79498291015625 ],
				"bottom_right": [ 934.27197265625, 1112.2220458984375 ]
			},
			"cuboid": [
				[ 4.1898999214172363, 6.088900089263916, 45.090801239013672 ],
				[ 1.2045999765396118, 1.5099999904632568, 46.313499450683594 ],
				[ -6.9302000999450684, 6.8126997947692871, 46.312999725341797 ],
				[ -3.9453001022338867, 11.391500473022461, 45.090801239013672 ],
				[ 3.1303999423980713, 4.4636998176574707, 36.415500640869141 ],
				[ 0.14599999785423279, -0.11519999802112579, 37.637199401855469 ],
				[ -7.9892997741699219, 5.1875, 37.637699127197266 ],
				[ -5.0048999786376953, 9.7663002014160156, 36.415500640869141 ]
			],
			"projected_cuboid": [
				[ 1119.897705078125, 760.034912109375 ],
				[ 1020.2523803710938, 606.94171142578125 ],
				[ 758.62347412109375, 778.06707763671875 ],
				[ 851.1663818359375, 935.7979736328125 ],
				[ 1109.5390625, 741.413330078125 ],
				[ 987.26312255859375, 553.6376953125 ],
				[ 665.315673828125, 764.20648193359375 ],
				[ 776.77392578125, 959.049072265625 ]
			]
		}
	]
}