{
	"camera_data":
	{
		"location_worldframe": [ 6805.451171875, -2.8396999835968018, 0 ],
		"quaternion_xyzw_worldframe": [ 0, 0, 0.10989999771118164, 0.99390000104904175 ]
	},
	"objects": [
		{
			"class": "ExoRomper_FullPayload",
			"instance_id": 0,
			"visibility": 0.98669999837875366,
			"location": [ 0.00019999999494757503, 0, 24.705099105834961 ],
			"quaternion_xyzw": [ 0, 0.70709997415542603, 0, 0.70709997415542603 ],
			"pose_transform": [
				[ 1, 0, 0, 0 ],
				[ 0, 0, -1, 0 ],
				[ 0, -1, 0, 0 ],
				[ 0.00019999999494757503, 0, 24.705099105834961, 1 ]
			],
			"cuboid_centroid": [ 9.9999997473787516e-05, 0, 24.704599380493164 ],
			"projected_cuboid_centroid": [ 981.4976806640625, 558.21337890625 ],
			"bounding_box":
			{
				"top_left": [ -4023.06787109375, -4564.9365234375 ],
				"bottom_right": [ 2572.42724609375, 2237.952392578125 ]
			},
			"cuboid": [
				[ 19.291500091552734, -20.600000381469727, -4.8403000831604004 ],
				[ 19.291500091552734, -20.600000381469727, 54.249500274658203 ],
				[ 19.291500091552734, 20.600000381469727, 54.249500274658203 ],
				[ 19.291500091552734, 20.600000381469727, -4.8403000831604004 ],
				[ -19.291099548339844, -20.600000381469727, -4.8403000831604004 ],
				[ -19.291099548339844, -20.600000381469727, 54.249000549316406 ],
				[ -19.291099548339844, 20.600000381469727, 54.249000549316406 ],
				[ -19.291099548339844, 20.600000381469727, -4.8403000831604004 ]
			],
			"projected_cuboid": [
				[ -4954.99658203125, 6918.953125 ],
				[ 1511.16845703125, -9.3141002655029297 ],
				[ 1511.16845703125, 1125.7408447265625 ],
				[ -4954.99658203125, -5802.5263671875 ],
				[ 6917.8974609375, 6918.95068359375 ],
				[ 451.82699584960938, -9.3191995620727539 ],
				[ 451.82699584960938, 1125.74609375 ],
				[ 6917.8974609375, -5802.52880859375 ]
			]
		},
		{
			"class": "ExoRomper_Sat",
			"instance_id": 0,
			"visibility": 0.87040001153945923,
			"location": [ -13.824099540710449, 5.9563999176025391, 41.362800598144531 ],
			"quaternion_xyzw": [ -0.2750999927520752, -0.47690001130104065, -0.4171999990940094, 0.72310000658035278 ],
			"pose_transform": [
				[ -0.16099999845027924, 0.27849999070167542, 0.13779999315738678, 0 ],
				[ 0.068999998271465302, -0.1193000003695488, 0.32170000672340393, 0 ],
				[ -0.30300000309944153, -0.17520000040531158, 0, 0 ],
				[ -13.824099540710449, 5.9563999176025391, 41.362800598144531, 1 ]
			],
			"cuboid_centroid": [ -13.824099540710449, 5.9563999176025391, 41.362800598144531 ],
			"projected_cuboid_centroid": [ 483.67739868164062, 773.43658447265625 ],
			"bounding_box":
			{
				"top_left": [ 530.44207763671875, 236.73829650878906 ],
				"bottom_right": [ 985.3358154296875, 686.13751220703125 ]
			},
			"cuboid": [
				[ -19.520500183105469, 6.108799934387207, 45.687000274658203 ],
				[ -20.624399185180664, 8.0184001922607422, 40.539100646972656 ],
				[ -12.217399597167969, 12.878499984741211, 40.539100646972656 ],
				[ -11.113400459289551, 10.968899726867676, 45.6875 ],
				[ -15.430800437927246, -0.96569997072219849, 42.186000823974609 ],
				[ -16.534700393676758, 0.94389998912811279, 37.038600921630859 ],
				[ -8.1276998519897461, 5.8039999008178711, 37.038101196289062 ],
				[ -7.0237002372741699, 3.894399881362915, 42.186000823974609 ]
			],
			"projected_cuboid": [
				[ 345.08059692382812, 758.0518798828125 ],
				[ 223.70210266113281, 853.83001708984375 ],
				[ 532.60491943359375, 1033.00244140625 ],
				[ 619.17071533203125, 917.03662109375 ],
				[ 436.67068481445312, 524.00140380859375 ],
				[ 316.55130004882812, 596.30108642578125 ],
				[ 654.6427001953125, 792.413818359375 ],
				[ 733.503173828125, 696.184326171875 ]
			]
		}
	]
}