{
	"camera_data":
	{
		"location_worldframe": [ 6811.9833984375, -11.451199531555176, 0 ],
		"quaternion_xyzw_worldframe": [ 0, 0, 0.5131000280380249, 0.85829997062683105 ]
	},
	"objects": [
		{
			"class": "ExoRomper_FullPayload",
			"instance_id": 0,
			"visibility": 1,
			"location": [ 0.00050000002374872565, 0, 24.705299377441406 ],
			"quaternion_xyzw": [ 0, 0.70709997415542603, 0, 0.70709997415542603 ],
			"pose_transform": [
				[ 1, 0, 0, 0 ],
				[ 0, 0, -1, 0 ],
				[ 0, -1, 0, 0 ],
				[ 0.00050000002374872565, 0, 24.705299377441406, 1 ]
			],
			"cuboid_centroid": [ 0.00050000002374872565, 0, 24.705299377441406 ],
			"projected_cuboid_centroid": [ 981.4783935546875, 558.21337890625 ],
			"bounding_box":
			{
				"top_left": [ -4023.5107421875, -4565.31640625 ],
				"bottom_right": [ 2572.622314453125, 2237.975830078125 ]
			},
			"cuboid": [
				[ 19.291999816894531, -20.600000381469727, -4.8397998809814453 ],
				[ 19.291500091552734, -20.600000381469727, 54.250198364257812 ],
				[ 19.291500091552734, 20.600000381469727, 54.250198364257812 ],
				[ 19.291999816894531, 20.600000381469727, -4.8397998809814453 ],
				[ -19.291000366210938, -20.600000381469727, -4.8396000862121582 ],
				[ -19.291000366210938, -20.600000381469727, 54.25 ],
				[ -19.291000366210938, 20.600000381469727, 54.25 ],
				[ -19.291000366210938, 20.600000381469727, -4.8396000862121582 ]
			],
			"projected_cuboid": [
				[ -4955.54443359375, 6919.59521484375 ],
				[ 1511.1463623046875, -9.3092002868652344 ],
				[ 1511.1463623046875, 1125.7357177734375 ],
				[ -4955.54443359375, -5803.1689453125 ],
				[ 6918.74072265625, 6919.59375 ],
				[ 451.81451416015625, -9.3092002868652344 ],
				[ 451.81451416015625, 1125.7357177734375 ],
				[ 6918.74072265625, -5803.17041015625 ]
			]
		},
		{
			"class": "ExoRomper_Sat",
			"instance_id": 0,
			"visibility": 0.8059999942779541,
			"location": [ -14.719200134277344, 8.6665000915527344, 41.364299774169922 ],
			"quaternion_xyzw": [ 0.64829999208450317, 0.72649997472763062, -0.15160000324249268, 0.16979999840259552 ],
			"pose_transform": [
				[ 0.017599999904632568, -0.1542000025510788, -0.31369999051094055, 0 ],
				[ -0.035599999129772186, 0.31169998645782471, -0.15520000457763672, 0 ],
				[ -0.34769999980926514, -0.03970000147819519, 0, 0 ],
				[ -14.719200134277344, 8.6665000915527344, 41.364299774169922, 1 ]
			],
			"cuboid_centroid": [ -14.719200134277344, 8.6665000915527344, 41.364299774169922 ],
			"projected_cuboid_centroid": [ 451.4541015625, 871.34881591796875 ],
			"bounding_box":
			{
				"top_left": [ 700.44561767578125, 185.86289978027344 ],
				"bottom_right": [ 1013.009521484375, 649.39312744140625 ]
			},
			"cuboid": [
				[ -19.604000091552734, 8.652099609375, 36.138698577880859 ],
				[ -19.035200119018555, 3.6642000675201416, 38.621299743652344 ],
				[ -9.3866996765136719, 4.7651000022888184, 38.621601104736328 ],
				[ -9.9565000534057617, 9.7530002593994141, 36.138698577880859 ],
				[ -20.050800323486328, 12.56779956817627, 44.107200622558594 ],
				[ -19.481899261474609, 7.579899787902832, 46.590301513671875 ],
				[ -9.8334999084472656, 8.6808004379272461, 46.590099334716797 ],
				[ -10.402799606323242, 13.668700218200684, 44.107200622558594 ]
			],
			"projected_cuboid": [
				[ 173.44650268554688, 916.03363037109375 ],
				[ 247.35960388183594, 700.0106201171875 ],
				[ 619.4359130859375, 742.6134033203125 ],
				[ 571.107421875, 961.5645751953125 ],
				[ 304.345703125, 984.07159423828125 ],
				[ 358.6077880859375, 801.367919921875 ],
				[ 667.09967041015625, 836.68621826171875 ],
				[ 630.14300537109375, 1021.376708984375 ]
			]
		}
	]
}