{
	"camera_data":
	{
		"location_worldframe": [ 6808.05859375, -8.2110004425048828, 0 ],
		"quaternion_xyzw_worldframe": [ 0, 0, 0.33520001173019409, 0.94209998846054077 ]
	},
	"objects": [
		{
			"class": "ExoRomper_FullPayload",
			"instance_id": 0,
			"visibility": 0.98669999837875366,
			"location": [ 0, 0, 24.705099105834961 ],
			"quaternion_xyzw": [ 0, 0.70709997415542603, 0, 0.70709997415542603 ],
			"pose_transform": [
				[ 1, 0, 0, 0 ],
				[ 0, 0, -1, 0 ],
				[ 0, -1, 0, 0 ],
				[ 0, 0, 24.705099105834961, 1 ]
			],
			"cuboid_centroid": [ 0, 0, 24.704599380493164 ],
			"projected_cuboid_centroid": [ 981.47882080078125, 558.21337890625 ],
			"bounding_box":
			{
				"top_left": [ -4023.362548828125, -4565.19970703125 ],
				"bottom_right": [ 2572.558349609375, 2237.962890625 ]
			},
			"cuboid": [
				[ 19.291500091552734, -20.600000381469727, -4.8403000831604004 ],
				[ 19.291500091552734, -20.600000381469727, 54.249500274658203 ],
				[ 19.291500091552734, 20.600000381469727, 54.249500274658203 ],
				[ 19.291500091552734, 20.600000381469727, -4.8403000831604004 ],
				[ -19.291500091552734, -20.600000381469727, -4.8397998809814453 ],
				[ -19.291500091552734, -20.600000381469727, 54.249500274658203 ],
				[ -19.291500091552734, 20.600000381469727, 54.249500274658203 ],
				[ -19.291500091552734, 20.600000381469727, -4.8397998809814453 ]
			],
			"projected_cuboid": [
				[ -4954.9482421875, 6918.953125 ],
				[ 1511.159912109375, -9.3142995834350586 ],
				[ 1511.159912109375, 1125.7408447265625 ],
				[ -4954.9482421875, -5802.52734375 ],
				[ 6918.6435546875, 6919.59423828125 ],
				[ 451.818603515625, -9.3141002655029297 ],
				[ 451.818603515625, 1125.740966796875 ],
				[ 6918.6435546875, -5803.1689453125 ]
			]
		},
		{
			"class": "ExoRomper_Sat",
			"instance_id": 0,
			"visibility": 0.8507000207901001,
			"location": [ -14.642600059509277, 8.1592998504638672, 41.363800048828125 ],
			"quaternion_xyzw": [ 0.51239997148513794, 0.618399977684021, 0.38019999861717224, -0.45879998803138733 ],
			"pose_transform": [
				[ -0.062199998646974564, 0.32910001277923584, -0.10149999707937241, 0 ],
				[ -0.018899999558925629, 0.099699996411800385, 0.33500000834465027, 0 ],
				[ -0.34389999508857727, -0.064999997615814209, 0, 0 ],
				[ -14.642600059509277, 8.1592998504638672, 41.363800048828125, 1 ]
			],
			"cuboid_centroid": [ -14.642600059509277, 8.1592998504638672, 41.363800048828125 ],
			"projected_cuboid_centroid": [ 454.21310424804688, 853.02886962890625 ],
			"bounding_box":
			{
				"top_left": [ 644.91357421875, 195.1029052734375 ],
				"bottom_right": [ 1037.2275390625, 653.4166259765625 ]
			},
			"cuboid": [
				[ -20.354499816894531, 12.235099792480469, 42.754901885986328 ],
				[ -20.052700042724609, 10.639599800109863, 37.394500732421875 ],
				[ -10.511699676513672, 12.443599700927734, 37.395000457763672 ],
				[ -10.812999725341797, 14.03909969329834, 42.754901885986328 ],
				[ -18.77440071105957, 3.875, 45.332500457763672 ],
				[ -18.472700119018555, 2.2795000076293945, 39.972198486328125 ],
				[ -8.9307003021240234, 4.0836000442504883, 39.972198486328125 ],
				[ -9.2323999404907227, 5.6791000366210938, 45.332500457763672 ]
			],
			"projected_cuboid": [
				[ 272.35919189453125, 985.91131591796875 ],
				[ 182.74909973144531, 983.4453125 ],
				[ 562.80047607421875, 1055.548095703125 ],
				[ 604.77740478515625, 1048.97509765625 ],
				[ 364.61819458007812, 685.9697265625 ],
				[ 293.14569091796875, 643.444091796875 ],
				[ 648.6973876953125, 710.899169921875 ],
				[ 678.1348876953125, 745.44757080078125 ]
			]
		}
	]
}