{
	"camera_data":
	{
		"location_worldframe": [ 6805.7119140625, -3.8224999904632568, 0 ],
		"quaternion_xyzw_worldframe": [ 0, 0, 0.14869999885559082, 0.98890000581741333 ]
	},
	"objects": [
		{
			"class": "ExoRomper_FullPayload",
			"instance_id": 0,
			"visibility": 0.97369998693466187,
			"location": [ -9.9999997473787516e-05, 0, 24.705600738525391 ],
			"quaternion_xyzw": [ 0, 0.70709997415542603, 0, 0.70709997415542603 ],
			"pose_transform": [
				[ 1, 0, 0, 0 ],
				[ 0, 0, -1, 0 ],
				[ 0, -1, 0, 0 ],
				[ -9.9999997473787516e-05, 0, 24.705600738525391, 1 ]
			],
			"cuboid_centroid": [ -9.9999997473787516e-05, 0, 24.705600738525391 ],
			"projected_cuboid_centroid": [ 981.4874267578125, 558.21270751953125 ],
			"bounding_box":
			{
				"top_left": [ -4023.95166015625, -4565.943359375 ],
				"bottom_right": [ 2572.8193359375, 2237.977294921875 ]
			},
			"cuboid": [
				[ 19.291299819946289, -20.600000381469727, -4.8397998809814453 ],
				[ 19.291299819946289, -20.600000381469727, 54.25 ],
				[ 19.291299819946289, 20.600000381469727, 54.25 ],
				[ 19.291299819946289, 20.600000381469727, -4.8397998809814453 ],
				[ -19.291400909423828, -20.600000381469727, -4.8397998809814453 ],
				[ -19.291400909423828, -20.600000381469727, 54.25 ],
				[ -19.291400909423828, 20.600000381469727, 54.25 ],
				[ -19.291400909423828, 20.600000381469727, -4.8397998809814453 ]
			],
			"projected_cuboid": [
				[ -4955.5927734375, 6919.59619140625 ],
				[ 1511.1678466796875, -9.309300422668457 ],
				[ 1511.1678466796875, 1125.7354736328125 ],
				[ -4955.5927734375, -5803.166015625 ],
				[ 6918.54736328125, 6919.59619140625 ],
				[ 451.83200073242188, -9.3043003082275391 ],
				[ 451.83200073242188, 1125.7303466796875 ],
				[ 6918.54736328125, -5803.166015625 ]
			]
		},
		{
			"class": "ExoRomper_Sat",
			"instance_id": 0,
			"visibility": 0.93019998073577881,
			"location": [ -1.8667999505996704, 5.6894998550415039, 41.363300323486328 ],
			"quaternion_xyzw": [ -0.26609998941421509, 0.48609998822212219, 0.39980000257492065, 0.73009997606277466 ],
			"pose_transform": [
				[ 0.17399999499320984, 0.2720000147819519, 0.13500000536441803, 0 ],
				[ 0.072700001299381256, 0.11379999667406082, -0.32289999723434448, 0 ],
				[ 0.29490000009536743, -0.18860000371932983, 0, 0 ],
				[ -1.8667999505996704, 5.6894998550415039, 41.363300323486328, 1 ]
			],
			"cuboid_centroid": [ -1.8667999505996704, 5.6894998550415039, 41.363300323486328 ],
			"projected_cuboid_centroid": [ 914.27392578125, 763.78851318359375 ],
			"bounding_box":
			{
				"top_left": [ 519.5640869140625, 725.681884765625 ],
				"bottom_right": [ 974.6544189453125, 1154.6922607421875 ]
			},
			"cuboid": [
				[ 5.0149998664855957, 7.4387998580932617, 40.494598388671875 ],
				[ 3.851099967956543, 5.6185002326965332, 45.661598205566406 ],
				[ -4.3301000595092773, 10.850000381469727, 45.661598205566406 ],
				[ -3.166100025177002, 12.67039966583252, 40.494598388671875 ],
				[ 0.5965999960899353, 0.52899998426437378, 37.064899444580078 ],
				[ -0.56749999523162842, -1.2913000583648682, 42.232398986816406 ],
				[ -8.748499870300293, 3.9402000904083252, 42.231899261474609 ],
				[ -7.5845999717712402, 5.7604999542236328, 37.064899444580078 ]
			],
			"projected_cuboid": [
				[ 1165.96484375, 832.7645263671875 ],
				[ 1107.123291015625, 742.1146240234375 ],
				[ 840.25018310546875, 913.3489990234375 ],
				[ 865.0452880859375, 1025.84814453125 ],
				[ 1005.4713134765625, 579.5452880859375 ],
				[ 961.4818115234375, 512.5147705078125 ],
				[ 672.94122314453125, 697.655029296875 ],
				[ 676.7008056640625, 790.49542236328125 ]
			]
		}
	]
}