{
	"camera_data":
	{
		"location_worldframe": [ 6824.5947265625, -11.282899856567383, 0 ],
		"quaternion_xyzw_worldframe": [ 0, 0, 0.86510002613067627, 0.50160002708435059 ]
	},
	"objects": [
		{
			"class": "ExoRomper_FullPayload",
			"instance_id": 0,
			"visibility": 0.98669999837875366,
			"location": [ 0, 0, 24.705299377441406 ],
			"quaternion_xyzw": [ 0, 0.70709997415542603, 0, 0.70709997415542603 ],
			"pose_transform": [
				[ 1, 0, 0, 0 ],
				[ 0, 0, -1, 0 ],
				[ 0, -1, 0, 0 ],
				[ 0, 0, 24.705299377441406, 1 ]
			],
			"cuboid_centroid": [ 0, 0, 24.705099105834961 ],
			"projected_cuboid_centroid": [ 981.51617431640625, 558.21337890625 ],
			"bounding_box":
			{
				"top_left": [ -4023.657958984375, -4565.6181640625 ],
				"bottom_right": [ 2572.687744140625, 2237.96533203125 ]
			},
			"cuboid": [
				[ 19.291999816894531, -20.600000381469727, -4.8397998809814453 ],
				[ 19.291500091552734, -20.600000381469727, 54.25 ],
				[ 19.291500091552734, 20.600000381469727, 54.25 ],
				[ 19.291999816894531, 20.600000381469727, -4.8397998809814453 ],
				[ -19.291000366210938, -20.600000381469727, -4.8397998809814453 ],
				[ -19.291500091552734, -20.600000381469727, 54.25 ],
				[ -19.291500091552734, 20.600000381469727, 54.25 ],
				[ -19.291000366210938, 20.600000381469727, -4.8397998809814453 ]
			],
			"projected_cuboid": [
				[ -4955.84326171875, 6919.91552734375 ],
				[ 1511.1611328125, -9.3065996170043945 ],
				[ 1511.1611328125, 1125.733154296875 ],
				[ -4955.84326171875, -5803.490234375 ],
				[ 6918.84814453125, 6919.91552734375 ],
				[ 451.831787109375, -9.3091001510620117 ],
				[ 451.831787109375, 1125.7357177734375 ],
				[ 6918.84814453125, -5803.490234375 ]
			]
		},
		{
			"class": "ExoRomper_Sat",
			"instance_id": 0,
			"visibility": 0.96359997987747192,
			"location": [ -9.4203996658325195, 2.6598999500274658, 41.365501403808594 ],
			"quaternion_xyzw": [ 0.036899998784065247, 0.30700001120567322, -0.11339999735355377, 0.94419997930526733 ],
			"pose_transform": [
				[ 0.20000000298023224, -0.048700001090764999, 0.28310000896453857, 0 ],
				[ 0.27500000596046448, -0.067000001668930054, -0.20579999685287476, 0 ],
				[ -0.082800000905990601, -0.3400999903678894, 0, 0 ],
				[ -9.4203996658325195, 2.6598999500274658, 41.365501403808594, 1 ]
			],
			"cuboid_centroid": [ -9.4203996658325195, 2.6598999500274658, 41.365501403808594 ],
			"projected_cuboid_centroid": [ 642.27587890625, 654.3167724609375 ],
			"bounding_box":
			{
				"top_left": [ 451.01611328125, 404.88031005859375 ],
				"bottom_right": [ 850.6187744140625, 840.22857666015625 ]
			},
			"cuboid": [
				[ -5.8295998573303223, -3.212399959564209, 43.313999176025391 ],
				[ -10.230500221252441, -2.1401000022888184, 46.607200622558594 ],
				[ -7.9326000213623047, 7.2947001457214355, 46.607200622558594 ],
				[ -3.5311999320983887, 6.2224001884460449, 43.313701629638672 ],
				[ -10.908200263977051, -1.9750000238418579, 36.123298645019531 ],
				[ -15.309599876403809, -0.90270000696182251, 39.416698455810547 ],
				[ -13.011199951171875, 8.532099723815918, 39.416999816894531 ],
				[ -8.6104001998901367, 7.4597997665405273, 36.123001098632812 ]
			],
			"projected_cuboid": [
				[ 781.0244140625, 447.37030029296875 ],
				[ 654.536376953125, 489.58749389648438 ],
				[ 727.994384765625, 792.13580322265625 ],
				[ 860.06829833984375, 772.92120361328125 ],
				[ 531.67822265625, 476.50131225585938 ],
				[ 402.97500610351562, 523.986572265625 ],
				[ 489.83480834960938, 881.723876953125 ],
				[ 626.480712890625, 866.85638427734375 ]
			]
		}
	]
}