{
	"camera_data":
	{
		"location_worldframe": [ 6807.75244140625, -7.8200998306274414, 0 ],
		"quaternion_xyzw_worldframe": [ 0, 0, 0.31709998846054077, 0.94840002059936523 ]
	},
	"objects": [
		{
			"class": "ExoRomper_FullPayload",
			"instance_id": 0,
			"visibility": 0.98669999837875366,
			"location": [ 0, 0, 24.705600738525391 ],
			"quaternion_xyzw": [ 0, 0.70709997415542603, 0, 0.70709997415542603 ],
			"pose_transform": [
				[ 1, 0, 0, 0 ],
				[ 0, 0, -1, 0 ],
				[ 0, -1, 0, 0 ],
				[ 0, 0, 24.705600738525391, 1 ]
			],
			"cuboid_centroid": [ 0.00050000002374872565, 0, 24.705099105834961 ],
			"projected_cuboid_centroid": [ 981.51641845703125, 558.21337890625 ],
			"bounding_box":
			{
				"top_left": [ -4023.363525390625, -4565.26171875 ],
				"bottom_right": [ 2572.55712890625, 2237.98095703125 ]
			},
			"cuboid": [
				[ 19.291299819946289, -20.600000381469727, -4.8393998146057129 ],
				[ 19.291500091552734, -20.600000381469727, 54.250499725341797 ],
				[ 19.291500091552734, 20.600000381469727, 54.250499725341797 ],
				[ 19.291299819946289, 20.600000381469727, -4.8393998146057129 ],
				[ -19.291500091552734, -20.600000381469727, -4.8393998146057129 ],
				[ -19.291500091552734, -20.600000381469727, 54.250499725341797 ],
				[ -19.291500091552734, 20.600000381469727, 54.250499725341797 ],
				[ -19.291500091552734, 20.600000381469727, -4.8393998146057129 ]
			],
			"projected_cuboid": [
				[ -4955.54443359375, 6919.59423828125 ],
				[ 1511.16357421875, -9.3092002868652344 ],
				[ 1511.16357421875, 1125.7357177734375 ],
				[ -4955.54443359375, -5803.1689453125 ],
				[ 6918.4501953125, 6919.59423828125 ],
				[ 451.831787109375, -9.3090000152587891 ],
				[ 451.831787109375, 1125.7359619140625 ],
				[ 6918.4501953125, -5803.1689453125 ]
			]
		},
		{
			"class": "ExoRomper_Sat",
			"instance_id": 0,
			"visibility": 0.89660000801086426,
			"location": [ -13.163100242614746, 5.0039000511169434, 41.364299774169922 ],
			"quaternion_xyzw": [ 0.41600000858306885, 0.88270002603530884, 0.093199998140335083, -0.19779999554157257 ],
			"pose_transform": [
				[ -0.095100000500679016, 0.11519999802112579, -0.31650000810623169, 0 ],
				[ -0.20149999856948853, 0.24410000443458557, 0.14939999580383301, 0 ],
				[ -0.26989999413490295, -0.22280000150203705, 0, 0 ],
				[ -13.163100242614746, 5.0039000511169434, 41.364299774169922, 1 ]
			],
			"cuboid_centroid": [ -13.163100242614746, 5.0039000511169434, 41.364299774169922 ],
			"projected_cuboid_centroid": [ 507.50338745117188, 739.01397705078125 ],
			"bounding_box":
			{
				"top_left": [ 515.78411865234375, 230.67750549316406 ],
				"bottom_right": [ 945.17578125, 710.60150146484375 ]
			},
			"cuboid": [
				[ -19.727500915527344, 5.3295001983642578, 38.540000915527344 ],
				[ -16.503400802612305, 1.42330002784729, 36.149398803710938 ],
				[ -9.0136995315551758, 7.6048002243041992, 36.149398803710938 ],
				[ -12.237799644470215, 11.51099967956543, 38.539600372314453 ],
				[ -17.312000274658203, 2.4031000137329102, 46.579601287841797 ],
				[ -14.087900161743164, -1.5031000375747681, 44.188499450683594 ],
				[ -6.598599910736084, 4.6782999038696289, 44.188999176025391 ],
				[ -9.8222999572753906, 8.5845003128051758, 46.579601287841797 ]
			],
			"projected_cuboid": [
				[ 219.06199645996094, 764.8895263671875 ],
				[ 301.48721313476562, 617.05999755859375 ],
				[ 610.0850830078125, 872.6256103515625 ],
				[ 508.51568603515625, 1004.6093139648438 ],
				[ 427.90109252929688, 635.31951904296875 ],
				[ 506.62600708007812, 507.37368774414062 ],
				[ 759.07452392578125, 716.4459228515625 ],
				[ 667.3828125, 833.6614990234375 ]
			]
		}
	]
}