{
	"camera_data":
	{
		"location_worldframe": [ 6829.22998046875, 6.7789998054504395, 0 ],
		"quaternion_xyzw_worldframe": [ 0, 0, -0.9625999927520752, 0.27090001106262207 ]
	},
	"objects": [
		{
			"class": "ExoRomper_FullPayload",
			"instance_id": 0,
			"visibility": 0.97369998693466187,
			"location": [ -0.00019999999494757503, 0, 24.705600738525391 ],
			"quaternion_xyzw": [ 0, 0.70709997415542603, 0, 0.70709997415542603 ],
			"pose_transform": [
				[ 1, 0, 0, 0 ],
				[ 0, 0, -1, 0 ],
				[ 0, -1, 0, 0 ],
				[ -0.00019999999494757503, 0, 24.705600738525391, 1 ]
			],
			"cuboid_centroid": [ -0.00019999999494757503, 0, 24.705099105834961 ],
			"projected_cuboid_centroid": [ 981.4976806640625, 558.21307373046875 ],
			"bounding_box":
			{
				"top_left": [ -4023.36181640625, -4565.19970703125 ],
				"bottom_right": [ 2572.558349609375, 2237.962890625 ]
			},
			"cuboid": [
				[ 19.291000366210938, -20.600000381469727, -4.8393998146057129 ],
				[ 19.291000366210938, -20.600000381469727, 54.250499725341797 ],
				[ 19.291000366210938, 20.600000381469727, 54.250499725341797 ],
				[ 19.291000366210938, 20.600000381469727, -4.8393998146057129 ],
				[ -19.291500091552734, -20.600000381469727, -4.8393998146057129 ],
				[ -19.291500091552734, -20.600000381469727, 54.25 ],
				[ -19.291500091552734, 20.600000381469727, 54.25 ],
				[ -19.291500091552734, 20.600000381469727, -4.8393998146057129 ]
			],
			"projected_cuboid": [
				[ -4955.044921875, 6918.953125 ],
				[ 1511.16845703125, -9.3142995834350586 ],
				[ 1511.16845703125, 1125.7408447265625 ],
				[ -4955.044921875, -5802.5263671875 ],
				[ 6917.9462890625, 6918.953125 ],
				[ 451.82720947265625, -9.3142995834350586 ],
				[ 451.82720947265625, 1125.7408447265625 ],
				[ 6917.9462890625, -5802.5263671875 ]
			]
		},
		{
			"class": "ExoRomper_Sat",
			"instance_id": 0,
			"visibility": 0.91380000114440918,
			"location": [ -12.83080005645752, 4.6307997703552246, 41.365699768066406 ],
			"quaternion_xyzw": [ 0.31279999017715454, 0.73040002584457397, -0.23909999430179596, 0.55820000171661377 ],
			"pose_transform": [
				[ 0.23299999535083771, -0.24449999630451202, -0.091899998486042023, 0 ],
				[ -0.063400000333786011, 0.066500000655651093, -0.3377000093460083, 0 ],
				[ -0.2533000111579895, -0.24150000512599945, 0, 0 ],
				[ -12.83080005645752, 4.6307997703552246, 41.365699768066406, 1 ]
			],
			"cuboid_centroid": [ -12.83080005645752, 4.6307997703552246, 41.365699768066406 ],
			"projected_cuboid_centroid": [ 519.4866943359375, 725.532470703125 ],
			"bounding_box":
			{
				"top_left": [ 485.74069213867188, 251.15280151367188 ],
				"bottom_right": [ 931.19891357421875, 718.71636962890625 ]
			},
			"cuboid": [
				[ -13.893099784851074, -1.2915999889373779, 37.496601104736328 ],
				[ -12.878700256347656, -2.3559999465942383, 42.900901794433594 ],
				[ -5.8495998382568359, 4.3442001342773438, 42.901401519775391 ],
				[ -6.8642997741699219, 5.408599853515625, 37.496601104736328 ],
				[ -19.812000274658203, 4.9175000190734863, 39.831100463867188 ],
				[ -18.797100067138672, 3.853100061416626, 45.234901428222656 ],
				[ -11.76830005645752, 10.553299903869629, 45.235401153564453 ],
				[ -12.782999992370605, 11.61769962310791, 39.830600738525391 ]
			],
			"projected_cuboid": [
				[ 429.60031127929688, 506.7305908203125 ],
				[ 534.3543701171875, 476.13360595703125 ],
				[ 778.4019775390625, 709.55517578125 ],
				[ 708.82061767578125, 773.7979736328125 ],
				[ 240.61199951171875, 742.736572265625 ],
				[ 362.53890991210938, 685.5220947265625 ],
				[ 593.9896240234375, 906.89898681640625 ],
				[ 503.46688842773438, 994.15087890625 ]
			]
		}
	]
}