{
	"camera_data":
	{
		"location_worldframe": [ 6816.3779296875, -12.880399703979492, 0 ],
		"quaternion_xyzw_worldframe": [ 0, 0, 0.65750002861022949, 0.75340002775192261 ]
	},
	"objects": [
		{
			"class": "ExoRomper_FullPayload",
			"instance_id": 0,
			"visibility": 0.96100002527236938,
			"location": [ 0, 0, 24.704799652099609 ],
			"quaternion_xyzw": [ 0, 0.70709997415542603, 0, 0.70709997415542603 ],
			"pose_transform": [
				[ 1, 0, 0, 0 ],
				[ 0, 0, -1, 0 ],
				[ 0, -1, 0, 0 ],
				[ 0, 0, 24.704799652099609, 1 ]
			],
			"cuboid_centroid": [ 0, 0, 24.704599380493164 ],
			"projected_cuboid_centroid": [ 981.4404296875, 558.21331787109375 ],
			"bounding_box":
			{
				"top_left": [ -4023.58447265625, -4565.4052734375 ],
				"bottom_right": [ 2572.655517578125, 2237.99267578125 ]
			},
			"cuboid": [
				[ 19.291500091552734, -20.600000381469727, -4.8401999473571777 ],
				[ 19.291000366210938, -20.600000381469727, 54.249599456787109 ],
				[ 19.291000366210938, 20.600000381469727, 54.249599456787109 ],
				[ 19.291500091552734, 20.600000381469727, -4.8401999473571777 ],
				[ -19.291000366210938, -20.600000381469727, -4.8403000831604004 ],
				[ -19.291000366210938, -20.600000381469727, 54.249599456787109 ],
				[ -19.291000366210938, 20.600000381469727, 54.249599456787109 ],
				[ -19.291000366210938, 20.600000381469727, -4.8403000831604004 ]
			],
			"projected_cuboid": [
				[ -4955.42529296875, 6919.67578125 ],
				[ 1511.12841796875, -9.3086996078491211 ],
				[ 1511.12841796875, 1125.735107421875 ],
				[ -4955.42529296875, -5803.2490234375 ],
				[ 6919.009765625, 6919.67626953125 ],
				[ 451.79721069335938, -9.309300422668457 ],
				[ 451.79721069335938, 1125.7357177734375 ],
				[ 6919.009765625, -5803.2490234375 ]
			]
		},
		{
			"class": "ExoRomper_Sat",
			"instance_id": 0,
			"visibility": 0.95829999446868896,
			"location": [ -6.2964000701904297, 2.6157999038696289, 41.364299774169922 ],
			"quaternion_xyzw": [ -0.040800001472234726, 0.38479998707771301, 0.097199998795986176, 0.91699999570846558 ],
			"pose_transform": [
				[ 0.24420000612735748, 0.052400000393390656, 0.24519999325275421, 0 ],
				[ 0.23970000445842743, 0.051399998366832733, -0.24979999661445618, 0 ],
				[ 0.073399998247623444, -0.34220001101493835, 0, 0 ],
				[ -6.2964000701904297, 2.6157999038696289, 41.364299774169922, 1 ]
			],
			"cuboid_centroid": [ -6.2964000701904297, 2.6157999038696289, 41.364299774169922 ],
			"projected_cuboid_centroid": [ 754.7301025390625, 652.725830078125 ],
			"bounding_box":
			{
				"top_left": [ 442.59970092773438, 543.69891357421875 ],
				"bottom_right": [ 845.173828125, 970.947998046875 ]
			},
			"cuboid": [
				[ -0.25830000638961792, -1.0550999641418457, 42.479598999023438 ],
				[ -4.0946998596191406, -1.8777999877929688, 46.476398468017578 ],
				[ -6.1308999061584473, 7.6170001029968262, 46.47650146484375 ],
				[ -2.2948999404907227, 8.4398002624511719, 42.479598999023438 ],
				[ -6.4619002342224121, -2.3854000568389893, 36.252101898193359 ],
				[ -10.29740047454834, -3.2081999778747559, 40.2489013671875 ],
				[ -12.333999633789062, 6.2866997718811035, 40.248798370361328 ],
				[ -8.4980001449584961, 7.1093997955322266, 36.252101898193359 ]
			],
			"projected_cuboid": [
				[ 972.40289306640625, 521.09228515625 ],
				[ 850.227783203125, 497.82830810546875 ],
				[ 784.9937744140625, 803.156005859375 ],
				[ 901.00909423828125, 855.14788818359375 ],
				[ 715.9569091796875, 459.86959838867188 ],
				[ 600.3900146484375, 439.08529663085938 ],
				[ 525.0394287109375, 791.655029296875 ],
				[ 632.29852294921875, 851.309814453125 ]
			]
		}
	]
}