{
	"camera_data":
	{
		"location_worldframe": [ 6831.10498046875, -0.91360002756118774, 0 ],
		"quaternion_xyzw_worldframe": [ 0, 0, 0.99940001964569092, 0.035199999809265137 ]
	},
	"objects": [
		{
			"class": "ExoRomper_FullPayload",
			"instance_id": 0,
			"visibility": 0.97369998693466187,
			"location": [ 0, 0, 24.705099105834961 ],
			"quaternion_xyzw": [ 0, 0.70709997415542603, 0, 0.70709997415542603 ],
			"pose_transform": [
				[ 1, 0, 0, 0 ],
				[ 0, 0, -1, 0 ],
				[ 0, -1, 0, 0 ],
				[ 0, 0, 24.705099105834961, 1 ]
			],
			"cuboid_centroid": [ 0, 0, 24.705099105834961 ],
			"projected_cuboid_centroid": [ 981.49298095703125, 558.21368408203125 ],
			"bounding_box":
			{
				"top_left": [ -4023.06787109375, -4564.87451171875 ],
				"bottom_right": [ 2572.42724609375, 2237.955322265625 ]
			},
			"cuboid": [
				[ 19.291299819946289, -20.600000381469727, -4.8397998809814453 ],
				[ 19.291400909423828, -20.600000381469727, 54.250499725341797 ],
				[ 19.291400909423828, 20.600000381469727, 54.250499725341797 ],
				[ 19.291299819946289, 20.600000381469727, -4.8397998809814453 ],
				[ -19.291299819946289, -20.600000381469727, -4.8397998809814453 ],
				[ -19.291299819946289, -20.600000381469727, 54.25 ],
				[ -19.291299819946289, 20.600000381469727, 54.25 ],
				[ -19.291299819946289, 20.600000381469727, -4.8397998809814453 ]
			],
			"projected_cuboid": [
				[ -4954.96044921875, 6918.95068359375 ],
				[ 1511.161376953125, -9.3092002868652344 ],
				[ 1511.161376953125, 1125.7357177734375 ],
				[ -4954.96044921875, -5802.52880859375 ],
				[ 6917.9462890625, 6918.95068359375 ],
				[ 451.82861328125, -9.3092002868652344 ],
				[ 451.82861328125, 1125.7357177734375 ],
				[ 6917.9462890625, -5802.52880859375 ]
			]
		},
		{
			"class": "ExoRomper_Sat",
			"instance_id": 0,
			"visibility": 0.90700000524520874,
			"location": [ -3.5880999565124512, 3.8427999019622803, 41.365200042724609 ],
			"quaternion_xyzw": [ -0.066299997270107269, 0.20039999485015869, 0.30709999799728394, 0.92799997329711914 ],
			"pose_transform": [
				[ 0.11590000241994858, 0.08619999885559082, 0.31880000233650208, 0 ],
				[ 0.25589999556541443, 0.19020000100135803, -0.14440000057220459, 0 ],
				[ 0.20880000293254852, -0.28090000152587891, 0, 0 ],
				[ -3.5880999565124512, 3.8427999019622803, 41.365200042724609, 1 ]
			],
			"cuboid_centroid": [ -3.5880999565124512, 3.8427999019622803, 41.365200042724609 ],
			"projected_cuboid_centroid": [ 852.2896728515625, 697.05810546875 ],
			"bounding_box":
			{
				"top_left": [ 467.15560913085938, 649.17352294921875 ],
				"bottom_right": [ 883.6610107421875, 1068.9210205078125 ]
			},
			"cuboid": [
				[ 2.8278000354766846, 2.5622000694274902, 44.258800506591797 ],
				[ -1.2664999961853027, -0.4814000129699707, 46.569801330566406 ],
				[ -7.059999942779541, 7.3119001388549805, 46.569801330566406 ],
				[ -2.9656999111175537, 10.355500221252441, 44.258800506591797 ],
				[ -0.11630000174045563, 0.37369999289512634, 36.161098480224609 ],
				[ -4.2105998992919922, -2.6700000762939453, 38.472198486328125 ],
				[ -10.003999710083008, 5.1233000755310059, 38.472198486328125 ],
				[ -5.9098000526428223, 8.1668996810913086, 36.161098480224609 ]
			],
			"projected_cuboid": [
				[ 1076.6611328125, 644.7384033203125 ],
				[ 940.98602294921875, 542.76397705078125 ],
				[ 755.6851806640625, 792.87591552734375 ],
				[ 881.685791015625, 907.910400390625 ],
				[ 976.70452880859375, 573.657470703125 ],
				[ 818.47491455078125, 454.48941040039062 ],
				[ 594.17132568359375, 757.2457275390625 ],
				[ 738.06561279296875, 895.76312255859375 ]
			]
		}
	]
}