{
	"camera_data":
	{
		"location_worldframe": [ 6817.486328125, -12.983699798583984, 0 ],
		"quaternion_xyzw_worldframe": [ 0, 0, 0.68919998407363892, 0.72460001707077026 ]
	},
	"objects": [
		{
			"class": "ExoRomper_FullPayload",
			"instance_id": 0,
			"visibility": 0.97369998693466187,
			"location": [ 0.0010000000474974513, 0, 24.7052001953125 ],
			"quaternion_xyzw": [ 0, 0.70709997415542603, 0, 0.70709997415542603 ],
			"pose_transform": [
				[ 1, 0, 0, 0 ],
				[ 0, 0, -1, 0 ],
				[ 0, -1, 0, 0 ],
				[ 0.0010000000474974513, 0, 24.7052001953125, 1 ]
			],
			"cuboid_centroid": [ 0.0010000000474974513, 0, 24.705099105834961 ],
			"projected_cuboid_centroid": [ 981.51617431640625, 558.21331787109375 ],
			"bounding_box":
			{
				"top_left": [ -4023.58447265625, -4565.529296875 ],
				"bottom_right": [ 2572.655517578125, 2237.977783203125 ]
			},
			"cuboid": [
				[ 19.291999816894531, -20.600000381469727, -4.8397998809814453 ],
				[ 19.291999816894531, -20.600000381469727, 54.249900817871094 ],
				[ 19.291999816894531, 20.600000381469727, 54.249900817871094 ],
				[ 19.291999816894531, 20.600000381469727, -4.8397998809814453 ],
				[ -19.290500640869141, -20.600000381469727, -4.8397998809814453 ],
				[ -19.290500640869141, -20.600000381469727, 54.25 ],
				[ -19.290500640869141, 20.600000381469727, 54.25 ],
				[ -19.290500640869141, 20.600000381469727, -4.8397998809814453 ]
			],
			"projected_cuboid": [
				[ -4955.81298828125, 6919.67529296875 ],
				[ 1511.180908203125, -9.3092002868652344 ],
				[ 1511.180908203125, 1125.7357177734375 ],
				[ -4955.81298828125, -5803.2490234375 ],
				[ 6918.4287109375, 6919.67529296875 ],
				[ 451.831787109375, -9.3092002868652344 ],
				[ 451.831787109375, 1125.7357177734375 ],
				[ 6918.4287109375, -5803.2490234375 ]
			]
		},
		{
			"class": "ExoRomper_Sat",
			"instance_id": 0,
			"visibility": 0.93180000782012939,
			"location": [ -1.8730000257492065, 5.6789999008178711, 41.364799499511719 ],
			"quaternion_xyzw": [ -0.24240000545978546, 0.44359999895095825, 0.41370001435279846, 0.75720000267028809 ],
			"pose_transform": [
				[ 0.16490000486373901, 0.25690001249313354, 0.17110000550746918, 0 ],
				[ 0.092500001192092896, 0.14399999380111694, -0.30529999732971191, 0 ],
				[ 0.29449999332427979, -0.1890999972820282, 0, 0 ],
				[ -1.8730000257492065, 5.6789999008178711, 41.364799499511719, 1 ]
			],
			"cuboid_centroid": [ -1.8730000257492065, 5.6789999008178711, 41.364799499511719 ],
			"projected_cuboid_centroid": [ 914.0369873046875, 763.4044189453125 ],
			"bounding_box":
			{
				"top_left": [ 516.59521484375, 721.92401123046875 ],
				"bottom_right": [ 970.14208984375, 1153.0819091796875 ]
			},
			"cuboid": [
				[ 5.0468997955322266, 7.4714999198913574, 41.095600128173828 ],
				[ 3.5673999786376953, 5.1668000221252441, 45.980998992919922 ],
				[ -4.6044998168945312, 10.412400245666504, 45.980998992919922 ],
				[ -3.125, 12.717100143432617, 41.095600128173828 ],
				[ 0.85790002346038818, 0.94559997320175171, 36.748500823974609 ],
				[ -0.62110000848770142, -1.3590999841690063, 41.633899688720703 ],
				[ -8.7934999465942383, 3.8864998817443848, 41.633899688720703 ],
				[ -7.314000129699707, 6.191199779510498, 36.748500823974609 ]
			],
			"projected_cuboid": [
				[ 1164.4012451171875, 829.93792724609375 ],
				[ 1097.033203125, 726.15509033203125 ],
				[ 832.3251953125, 896.65869140625 ],
				[ 868.2020263671875, 1020.7108154296875 ],
				[ 1016.252197265625, 596.67156982421875 ],
				[ 959.25701904296875, 509.4248046875 ],
				[ 666.88751220703125, 697.73101806640625 ],
				[ 684.989501953125, 810.01129150390625 ]
			]
		}
	]
}