{
	"camera_data":
	{
		"location_worldframe": [ 6805.57421875, -3.3431999683380127, 0 ],
		"quaternion_xyzw_worldframe": [ 0, 0, 0.12970000505447388, 0.99159997701644897 ]
	},
	"objects": [
		{
			"class": "ExoRomper_FullPayload",
			"instance_id": 0,
			"visibility": 0.97369998693466187,
			"location": [ -9.9999997473787516e-05, 0, 24.705600738525391 ],
			"quaternion_xyzw": [ 0, 0.70709997415542603, 0, 0.70709997415542603 ],
			"pose_transform": [
				[ 1, 0, 0, 0 ],
				[ 0, 0, -1, 0 ],
				[ 0, -1, 0, 0 ],
				[ -9.9999997473787516e-05, 0, 24.705600738525391, 1 ]
			],
			"cuboid_centroid": [ -9.9999997473787516e-05, 0, 24.705099105834961 ],
			"projected_cuboid_centroid": [ 981.4976806640625, 558.21337890625 ],
			"bounding_box":
			{
				"top_left": [ -4023.365478515625, -4565.26171875 ],
				"bottom_right": [ 2572.55615234375, 2237.962890625 ]
			},
			"cuboid": [
				[ 19.291299819946289, -20.600000381469727, -4.8397998809814453 ],
				[ 19.291299819946289, -20.600000381469727, 54.25 ],
				[ 19.291299819946289, 20.600000381469727, 54.25 ],
				[ 19.291299819946289, 20.600000381469727, -4.8397998809814453 ],
				[ -19.291400909423828, -20.600000381469727, -4.8393998146057129 ],
				[ -19.291299819946289, -20.600000381469727, 54.25 ],
				[ -19.291299819946289, 20.600000381469727, 54.25 ],
				[ -19.291400909423828, 20.600000381469727, -4.8393998146057129 ]
			],
			"projected_cuboid": [
				[ -4955.5927734375, 6919.59619140625 ],
				[ 1511.1641845703125, -9.3142995834350586 ],
				[ 1511.1641845703125, 1125.7410888671875 ],
				[ -4955.5927734375, -5803.169921875 ],
				[ 6918.54736328125, 6919.59423828125 ],
				[ 451.82720947265625, -9.3142995834350586 ],
				[ 451.82720947265625, 1125.7410888671875 ],
				[ 6918.54736328125, -5803.17138671875 ]
			]
		},
		{
			"class": "ExoRomper_Sat",
			"instance_id": 0,
			"visibility": 0.90200001001358032,
			"location": [ -1.0898000001907349, 7.3503999710083008, 41.363800048828125 ],
			"quaternion_xyzw": [ -0.47879999876022339, 0.65359997749328613, 0.34639999270439148, 0.47279998660087585 ],
			"pose_transform": [
				[ 0.10019999742507935, 0.31700000166893005, -0.10949999839067459, 0 ],
				[ -0.032999999821186066, -0.10440000146627426, -0.33239999413490295, 0 ],
				[ 0.33370000123977661, -0.1054999977350235, 0, 0 ],
				[ -1.0898000001907349, 7.3503999710083008, 41.363800048828125, 1 ]
			],
			"cuboid_centroid": [ -1.0898000001907349, 7.3503999710083008, 41.363800048828125 ],
			"projected_cuboid_centroid": [ 942.2532958984375, 823.80511474609375 ],
			"bounding_box":
			{
				"top_left": [ 599.9268798828125, 742.6375732421875 ],
				"bottom_right": [ 1010.6873779296875, 1158.497802734375 ]
			},
			"cuboid": [
				[ 4.5482001304626465, 9.0767002105712891, 37.312999725341797 ],
				[ 5.0763998031616211, 10.747500419616699, 42.632801055908203 ],
				[ -4.182499885559082, 13.675000190734863, 42.63330078125 ],
				[ -4.7108001708984375, 12.004199981689453, 37.312999725341797 ],
				[ 2.0027000904083252, 1.0259000062942505, 40.094699859619141 ],
				[ 2.5309000015258789, 2.6967000961303711, 45.414100646972656 ],
				[ -6.7280001640319824, 5.6241002082824707, 45.414100646972656 ],
				[ -7.256199836730957, 3.9533998966217041, 40.094699859619141 ]
			],
			"projected_cuboid": [
				[ 1163.062744140625, 921.781494140625 ],
				[ 1158.85888671875, 934.99090576171875 ],
				[ 835.37109375, 1037.614013671875 ],
				[ 793.45068359375, 1039.0408935546875 ],
				[ 1055.9029541015625, 596.455322265625 ],
				[ 1064.507080078125, 646.96051025390625 ],
				[ 760.83258056640625, 743.30267333984375 ],
				[ 711.93011474609375, 705.58038330078125 ]
			]
		}
	]
}