{
	"camera_data":
	{
		"location_worldframe": [ 6805.19775390625, -1.2510999441146851, 0 ],
		"quaternion_xyzw_worldframe": [ 0, 0, 0.048200000077486038, 0.99879997968673706 ]
	},
	"objects": [
		{
			"class": "ExoRomper_FullPayload",
			"instance_id": 0,
			"visibility": 0.97369998693466187,
			"location": [ 0, 0, 24.705600738525391 ],
			"quaternion_xyzw": [ 0, 0.70709997415542603, 0, 0.70709997415542603 ],
			"pose_transform": [
				[ 1, 0, 0, 0 ],
				[ 0, 0, -1, 0 ],
				[ 0, -1, 0, 0 ],
				[ 0, 0, 24.705600738525391, 1 ]
			],
			"cuboid_centroid": [ 0, 0, 24.705600738525391 ],
			"projected_cuboid_centroid": [ 981.4921875, 558.21337890625 ],
			"bounding_box":
			{
				"top_left": [ -4023.657470703125, -4565.59521484375 ],
				"bottom_right": [ 2572.688232421875, 2237.986328125 ]
			},
			"cuboid": [
				[ 19.291299819946289, -20.600000381469727, -4.8397998809814453 ],
				[ 19.291400909423828, -20.600000381469727, 54.25 ],
				[ 19.291400909423828, 20.600000381469727, 54.25 ],
				[ 19.291299819946289, 20.600000381469727, -4.8397998809814453 ],
				[ -19.291400909423828, -20.600000381469727, -4.8393998146057129 ],
				[ -19.291400909423828, -20.600000381469727, 54.250499725341797 ],
				[ -19.291400909423828, 20.600000381469727, 54.250499725341797 ],
				[ -19.291400909423828, 20.600000381469727, -4.8393998146057129 ]
			],
			"projected_cuboid": [
				[ -4955.56884765625, 6919.59619140625 ],
				[ 1511.161376953125, -9.309300422668457 ],
				[ 1511.161376953125, 1125.7357177734375 ],
				[ -4955.56884765625, -5803.169921875 ],
				[ 6919.16015625, 6920.23779296875 ],
				[ 451.83200073242188, -9.3042001724243164 ],
				[ 451.83200073242188, 1125.730712890625 ],
				[ 6919.16015625, -5803.8115234375 ]
			]
		},
		{
			"class": "ExoRomper_Sat",
			"instance_id": 0,
			"visibility": 0.83579999208450317,
			"location": [ -14.586700439453125, 7.8926000595092773, 41.364299774169922 ],
			"quaternion_xyzw": [ 0.51670002937316895, 0.64889997243881226, -0.34790000319480896, 0.43689998984336853 ],
			"pose_transform": [
				[ 0.072599999606609344, -0.31610000133514404, -0.13169999420642853, 0 ],
				[ -0.029500000178813934, 0.12829999625682831, -0.32429999113082886, 0 ],
				[ -0.34110000729560852, -0.078400000929832458, 0, 0 ],
				[ -14.586700439453125, 7.8926000595092773, 41.364299774169922, 1 ]
			],
			"cuboid_centroid": [ -14.586700439453125, 7.8926000595092773, 41.364299774169922 ],
			"projected_cuboid_centroid": [ 456.23910522460938, 843.38751220703125 ],
			"bounding_box":
			{
				"top_left": [ 622.582275390625, 235.43150329589844 ],
				"bottom_right": [ 1056.7445068359375, 654.748779296875 ]
			},
			"cuboid": [
				[ -18.632600784301758, 3.8185000419616699, 37.098098754882812 ],
				[ -18.160900115966797, 1.7648999691009521, 42.287101745605469 ],
				[ -8.6967000961303711, 3.9388999938964844, 42.287101745605469 ],
				[ -9.1683998107910156, 5.992499828338623, 37.097698211669922 ],
				[ -20.476699829101562, 11.84630012512207, 40.441898345947266 ],
				[ -20.004899978637695, 9.7926998138427734, 45.631301879882812 ],
				[ -10.54069995880127, 11.966699600219727, 45.631301879882812 ],
				[ -11.012499809265137, 14.020299911499023, 40.442401885986328 ]
			],
			"projected_cuboid": [
				[ 233.38850402832031, 712.04827880859375 ],
				[ 341.80410766601562, 620.59039306640625 ],
				[ 675.1669921875, 697.427490234375 ],
				[ 613.37481689453125, 799.6361083984375 ],
				[ 227.32560729980469, 996.0040283203125 ],
				[ 328.4927978515625, 878.95379638671875 ],
				[ 637.424072265625, 950.15948486328125 ],
				[ 575.90472412109375, 1076.3402099609375 ]
			]
		}
	]
}