{
	"camera_data":
	{
		"location_worldframe": [ 6825.6748046875, 10.591799736022949, 0 ],
		"quaternion_xyzw_worldframe": [ 0, 0, -0.88880002498626709, 0.45840001106262207 ]
	},
	"objects": [
		{
			"class": "ExoRomper_FullPayload",
			"instance_id": 0,
			"visibility": 0.98669999837875366,
			"location": [ 0.00050000002374872565, 0, 24.705600738525391 ],
			"quaternion_xyzw": [ 0, 0.70709997415542603, 0, 0.70709997415542603 ],
			"pose_transform": [
				[ 1, 0, 0, 0 ],
				[ 0, 0, -1, 0 ],
				[ 0, -1, 0, 0 ],
				[ 0.00050000002374872565, 0, 24.705600738525391, 1 ]
			],
			"cuboid_centroid": [ 0, 0, 24.705600738525391 ],
			"projected_cuboid_centroid": [ 981.4783935546875, 558.21307373046875 ],
			"bounding_box":
			{
				"top_left": [ -4023.36181640625, -4565.26171875 ],
				"bottom_right": [ 2572.558349609375, 2237.975830078125 ]
			},
			"cuboid": [
				[ 19.291500091552734, -20.600000381469727, -4.8393998146057129 ],
				[ 19.291500091552734, -20.600000381469727, 54.250499725341797 ],
				[ 19.291500091552734, 20.600000381469727, 54.250499725341797 ],
				[ 19.291500091552734, 20.600000381469727, -4.8393998146057129 ],
				[ -19.291000366210938, -20.600000381469727, -4.8396000862121582 ],
				[ -19.291000366210938, -20.600000381469727, 54.250198364257812 ],
				[ -19.291000366210938, 20.600000381469727, 54.250198364257812 ],
				[ -19.291000366210938, 20.600000381469727, -4.8396000862121582 ]
			],
			"projected_cuboid": [
				[ -4955.54443359375, 6919.59521484375 ],
				[ 1511.16357421875, -9.3092002868652344 ],
				[ 1511.16357421875, 1125.7357177734375 ],
				[ -4955.54443359375, -5803.16796875 ],
				[ 6918.24658203125, 6919.275390625 ],
				[ 451.82949829101562, -9.3118000030517578 ],
				[ 451.82949829101562, 1125.73828125 ],
				[ 6918.24658203125, -5802.84619140625 ]
			]
		},
		{
			"class": "ExoRomper_Sat",
			"instance_id": 0,
			"visibility": 0.87099999189376831,
			"location": [ -13.89109992980957, 6.076200008392334, 41.366199493408203 ],
			"quaternion_xyzw": [ 0.45230001211166382, 0.76649999618530273, -0.23170000314712524, 0.39259999990463257 ],
			"pose_transform": [
				[ 0.13729999959468842, -0.24860000610351562, -0.20450000464916229, 0 ],
				[ -0.098899997770786285, 0.17900000512599945, -0.28400000929832458, 0 ],
				[ -0.30640000104904175, -0.16920000314712524, 0, 0 ],
				[ -13.89109992980957, 6.076200008392334, 41.366199493408203, 1 ]
			],
			"cuboid_centroid": [ -13.89109992980957, 6.076200008392334, 41.366199493408203 ],
			"projected_cuboid_centroid": [ 481.27490234375, 777.7510986328125 ],
			"bounding_box":
			{
				"top_left": [ 533.19842529296875, 254.18490600585938 ],
				"bottom_right": [ 981.1417236328125, 682.30731201171875 ]
			},
			"cuboid": [
				[ -17.188499450683594, 2.0037000179290771, 36.496101379394531 ],
				[ -15.606399536132812, -0.86110001802444458, 41.041301727294922 ],
				[ -7.1059999465942383, 3.8336000442504883, 41.041301727294922 ],
				[ -8.6879997253417969, 6.6984000205993652, 36.496101379394531 ],
				[ -20.676300048828125, 8.3189001083374023, 41.691200256347656 ],
				[ -19.094699859619141, 5.4541001319885254, 46.236301422119141 ],
				[ -10.593700408935547, 10.148799896240234, 46.236301422119141 ],
				[ -12.176300048828125, 13.01360034942627, 41.691200256347656 ]
			],
			"projected_cuboid": [
				[ 279.96090698242188, 640.26788330078125 ],
				[ 415.076904296875, 526.85357666015625 ],
				[ 723.59637451171875, 697.82012939453125 ],
				[ 626.90338134765625, 832.52630615234375 ],
				[ 242.7532958984375, 856.43609619140625 ],
				[ 366.34521484375, 734.5150146484375 ],
				[ 640.2197265625, 886.27191162109375 ],
				[ 546.46331787109375, 1024.73779296875 ]
			]
		}
	]
}