{
	"camera_data":
	{
		"location_worldframe": [ 6812.4541015625, -11.691900253295898, 0 ],
		"quaternion_xyzw_worldframe": [ 0, 0, 0.53049999475479126, 0.84769999980926514 ]
	},
	"objects": [
		{
			"class": "ExoRomper_FullPayload",
			"instance_id": 0,
			"visibility": 1,
			"location": [ 0, 0, 24.705600738525391 ],
			"quaternion_xyzw": [ 0, 0.70709997415542603, 0, 0.70709997415542603 ],
			"pose_transform": [
				[ 1, 0, 0, 0 ],
				[ 0, 0, -1, 0 ],
				[ 0, -1, 0, 0 ],
				[ 0, 0, 24.705600738525391, 1 ]
			],
			"cuboid_centroid": [ 0.00050000002374872565, 0, 24.705299377441406 ],
			"projected_cuboid_centroid": [ 981.5543212890625, 558.2130126953125 ],
			"bounding_box":
			{
				"top_left": [ -4023.509765625, -4565.5634765625 ],
				"bottom_right": [ 2572.623779296875, 2237.944580078125 ]
			},
			"cuboid": [
				[ 19.291999816894531, -20.600000381469727, -4.8396000862121582 ],
				[ 19.291500091552734, -20.600000381469727, 54.250198364257812 ],
				[ 19.291500091552734, 20.600000381469727, 54.250198364257812 ],
				[ 19.291999816894531, 20.600000381469727, -4.8396000862121582 ],
				[ -19.291000366210938, -20.600000381469727, -4.8393998146057129 ],
				[ -19.291000366210938, -20.600000381469727, 54.250198364257812 ],
				[ -19.291000366210938, 20.600000381469727, 54.250198364257812 ],
				[ -19.291000366210938, 20.600000381469727, -4.8393998146057129 ]
			],
			"projected_cuboid": [
				[ -4955.6337890625, 6919.27392578125 ],
				[ 1511.1981201171875, -9.3092002868652344 ],
				[ 1511.1981201171875, 1125.7357177734375 ],
				[ -4955.6337890625, -5802.8486328125 ],
				[ 6918.15966796875, 6919.59521484375 ],
				[ 451.84909057617188, -9.3092002868652344 ],
				[ 451.84909057617188, 1125.7357177734375 ],
				[ 6918.15966796875, -5803.16796875 ]
			]
		},
		{
			"class": "ExoRomper_Sat",
			"instance_id": 0,
			"visibility": 0.81029999256134033,
			"location": [ -14.746100425720215, 8.9584999084472656, 41.364700317382812 ],
			"quaternion_xyzw": [ 0.084299996495246887, 0.090599998831748962, -0.67610001564025879, 0.72640001773834229 ],
			"pose_transform": [
				[ 0.0062000001780688763, -0.085799999535083771, 0.3393000066280365, 0 ],
				[ 0.024299999698996544, -0.33840000629425049, -0.086000002920627594, 0 ],
				[ -0.34909999370574951, -0.025100000202655792, 0, 0 ],
				[ -14.746100425720215, 8.9584999084472656, 41.364700317382812, 1 ]
			],
			"cuboid_centroid": [ -14.746100425720215, 8.9584999084472656, 41.364700317382812 ],
			"projected_cuboid_centroid": [ 450.502197265625, 881.90118408203125 ],
			"bounding_box":
			{
				"top_left": [ 717.47637939453125, 193.00120544433594 ],
				"bottom_right": [ 1071.4215087890625, 642.3084716796875 ]
			},
			"cuboid": [
				[ -19.316400527954102, 4.814000129699707, 44.985801696777344 ],
				[ -19.705099105834961, 10.229100227355957, 46.361301422119141 ],
				[ -10.019000053405762, 10.925000190734863, 46.361301422119141 ],
				[ -9.6303997039794922, 5.5097999572753906, 44.985599517822266 ],
				[ -19.472200393676758, 6.9920997619628906, 36.367900848388672 ],
				[ -19.861799240112305, 12.407199859619141, 37.743698120117188 ],
				[ -10.175800323486328, 13.103099822998047, 37.743698120117188 ],
				[ -9.7866001129150391, 7.6879000663757324, 36.367900848388672 ]
			],
			"projected_cuboid": [
				[ 341.92379760742188, 718.15020751953125 ],
				[ 348.41171264648438, 887.97711181640625 ],
				[ 659.60498046875, 910.40887451171875 ],
				[ 662.651611328125, 741.2689208984375 ],
				[ 183.96749877929688, 845.5601806640625 ],
				[ 197.697998046875, 1049.51611328125 ],
				[ 579.9420166015625, 1077.0694580078125 ],
				[ 580.6710205078125, 874.15570068359375 ]
			]
		}
	]
}