{
	"camera_data":
	{
		"location_worldframe": [ 6811.0986328125, -10.929699897766113, 0 ],
		"quaternion_xyzw_worldframe": [ 0, 0, 0.47879999876022339, 0.87790000438690186 ]
	},
	"objects": [
		{
			"class": "ExoRomper_FullPayload",
			"instance_id": 0,
			"visibility": 0.98669999837875366,
			"location": [ 0, 0, 24.704599380493164 ],
			"quaternion_xyzw": [ 0, 0.70709997415542603, 0, 0.70709997415542603 ],
			"pose_transform": [
				[ 1, 0, 0, 0 ],
				[ 0, 0, -1, 0 ],
				[ 0, -1, 0, 0 ],
				[ 0, 0, 24.704599380493164, 1 ]
			],
			"cuboid_centroid": [ 0, 0, 24.704599380493164 ],
			"projected_cuboid_centroid": [ 981.47808837890625, 558.21307373046875 ],
			"bounding_box":
			{
				"top_left": [ -4023.657958984375, -4565.49462890625 ],
				"bottom_right": [ 2572.688232421875, 2237.98095703125 ]
			},
			"cuboid": [
				[ 19.291000366210938, -20.600000381469727, -4.8403000831604004 ],
				[ 19.291000366210938, -20.600000381469727, 54.249500274658203 ],
				[ 19.291000366210938, 20.600000381469727, 54.249500274658203 ],
				[ 19.291000366210938, 20.600000381469727, -4.8403000831604004 ],
				[ -19.291500091552734, -20.600000381469727, -4.8403000831604004 ],
				[ -19.291000366210938, -20.600000381469727, 54.249298095703125 ],
				[ -19.291000366210938, 20.600000381469727, 54.249298095703125 ],
				[ -19.291500091552734, 20.600000381469727, -4.8403000831604004 ]
			],
			"projected_cuboid": [
				[ -4955.54443359375, 6919.5966796875 ],
				[ 1511.16357421875, -9.309300422668457 ],
				[ 1511.16357421875, 1125.7357177734375 ],
				[ -4955.54443359375, -5803.16796875 ],
				[ 6918.54736328125, 6919.5966796875 ],
				[ 451.82949829101562, -9.3119001388549805 ],
				[ 451.82949829101562, 1125.73828125 ],
				[ 6918.54736328125, -5803.16796875 ]
			]
		},
		{
			"class": "ExoRomper_Sat",
			"instance_id": 0,
			"visibility": 0.92589998245239258,
			"location": [ -11.771499633789062, 3.7202000617980957, 41.363800048828125 ],
			"quaternion_xyzw": [ 0.27730000019073486, 0.881600022315979, 0.11460000276565552, -0.36430001258850098 ],
			"pose_transform": [
				[ -0.20260000228881836, 0.14139999449253082, -0.24789999425411224, 0 ],
				[ -0.20329999923706055, 0.14190000295639038, 0.24709999561309814, 0 ],
				[ -0.20029999315738678, -0.28700000047683716, 0, 0 ],
				[ -11.771499633789062, 3.7202000617980957, 41.363800048828125, 1 ]
			],
			"cuboid_centroid": [ -11.771499633789062, 3.7202000617980957, 41.363800048828125 ],
			"projected_cuboid_centroid": [ 557.61688232421875, 692.6298828125 ],
			"bounding_box":
			{
				"top_left": [ 457.5592041015625, 294.439208984375 ],
				"bottom_right": [ 889.99932861328125, 762.43328857421875 ]
			},
			"cuboid": [
				[ -18.749500274658203, 2.6703999042510986, 40.191898345947266 ],
				[ -15.496600151062012, 0.39950001239776611, 36.238498687744141 ],
				[ -9.9385004043579102, 8.3620004653930664, 36.238498687744141 ],
				[ -13.190899848937988, 10.632900238037109, 40.191699981689453 ],
				[ -13.604499816894531, -0.92159998416900635, 46.488998413085938 ],
				[ -10.351099967956543, -3.192500114440918, 42.535598754882812 ],
				[ -4.7930002212524414, 4.7699999809265137, 42.535598754882812 ],
				[ -8.0453996658325195, 7.0409002304077148, 46.488998413085938 ]
			],
			"projected_cuboid": [
				[ 286.64889526367188, 657.5103759765625 ],
				[ 344.52899169921875, 574.688720703125 ],
				[ 573.01202392578125, 903.07818603515625 ],
				[ 492.65399169921875, 953.60009765625 ],
				[ 545.61212158203125, 528.58502197265625 ],
				[ 619.019775390625, 446.04168701171875 ],
				[ 813.67578125, 725.8153076171875 ],
				[ 723.716796875, 784.56781005859375 ]
			]
		}
	]
}