{
	"camera_data":
	{
		"location_worldframe": [ 6829.306640625, -6.6518998146057129, 0 ],
		"quaternion_xyzw_worldframe": [ 0, 0, 0.96420001983642578, 0.2653999924659729 ]
	},
	"objects": [
		{
			"class": "ExoRomper_FullPayload",
			"instance_id": 0,
			"visibility": 0.98669999837875366,
			"location": [ -0.00019999999494757503, 0, 24.705099105834961 ],
			"quaternion_xyzw": [ 0, 0.70709997415542603, 0, 0.70709997415542603 ],
			"pose_transform": [
				[ 1, 0, 0, 0 ],
				[ 0, 0, -1, 0 ],
				[ 0, -1, 0, 0 ],
				[ -0.00019999999494757503, 0, 24.705099105834961, 1 ]
			],
			"cuboid_centroid": [ -0.00050000002374872565, 0, 24.704599380493164 ],
			"projected_cuboid_centroid": [ 981.4976806640625, 558.21337890625 ],
			"bounding_box":
			{
				"top_left": [ -4023.364501953125, -4565.26171875 ],
				"bottom_right": [ 2572.55712890625, 2237.97314453125 ]
			},
			"cuboid": [
				[ 19.291000366210938, -20.600000381469727, -4.8403000831604004 ],
				[ 19.291000366210938, -20.600000381469727, 54.249500274658203 ],
				[ 19.291000366210938, 20.600000381469727, 54.249500274658203 ],
				[ 19.291000366210938, 20.600000381469727, -4.8403000831604004 ],
				[ -19.291500091552734, -20.600000381469727, -4.8397998809814453 ],
				[ -19.29170036315918, -20.600000381469727, 54.25 ],
				[ -19.29170036315918, 20.600000381469727, 54.25 ],
				[ -19.291500091552734, 20.600000381469727, -4.8397998809814453 ]
			],
			"projected_cuboid": [
				[ -4955.044921875, 6918.953125 ],
				[ 1511.16845703125, -9.3142995834350586 ],
				[ 1511.16845703125, 1125.7410888671875 ],
				[ -4955.044921875, -5802.5302734375 ],
				[ 6918.4501953125, 6919.59619140625 ],
				[ 451.84051513671875, -9.309300422668457 ],
				[ 451.84051513671875, 1125.7357177734375 ],
				[ 6918.4501953125, -5803.169921875 ]
			]
		},
		{
			"class": "ExoRomper_Sat",
			"instance_id": 0,
			"visibility": 0.88520002365112305,
			"location": [ -14.002900123596191, 6.2859997749328613, 41.364700317382812 ],
			"quaternion_xyzw": [ 0.32940000295639038, 0.53719997406005859, -0.40590000152587891, 0.66200000047683716 ],
			"pose_transform": [
				[ 0.15530000627040863, -0.30529999732971191, 0.072099998593330383, 0 ],
				[ 0.032699998468160629, -0.06419999897480011, -0.3425000011920929, 0 ],
				[ -0.31189998984336853, -0.15870000422000885, 0, 0 ],
				[ -14.002900123596191, 6.2859997749328613, 41.364700317382812, 1 ]
			],
			"cuboid_centroid": [ -14.002900123596191, 6.2859997749328613, 41.364700317382812 ],
			"projected_cuboid_centroid": [ 477.285888671875, 785.33599853515625 ],
			"bounding_box":
			{
				"top_left": [ 552.73388671875, 204.00579833984375 ],
				"bottom_right": [ 982.23980712890625, 672.6171875 ]
			},
			"cuboid": [
				[ -16.096200942993164, -0.30649998784065247, 39.540000915527344 ],
				[ -16.619100570678711, 0.72130000591278076, 45.020500183105469 ],
				[ -7.9646000862121582, 5.1248998641967773, 45.020500183105469 ],
				[ -7.441199779510498, 4.097099781036377, 39.540000915527344 ],
				[ -20.041500091552734, 7.4471001625061035, 37.709499359130859 ],
				[ -20.564199447631836, 8.4749002456665039, 43.190399169921875 ],
				[ -11.90939998626709, 12.878499984741211, 43.189899444580078 ],
				[ -11.386500358581543, 11.850700378417969, 37.709999084472656 ]
			],
			"projected_cuboid": [
				[ 375.16558837890625, 546.62890625 ],
				[ 431.66790771484375, 582.15911865234375 ],
				[ 718.0164794921875, 728.346923828125 ],
				[ 701.1920166015625, 713.0791015625 ],
				[ 189.88929748535156, 853.37127685546875 ],
				[ 272.32598876953125, 851.48077392578125 ],
				[ 570.7926025390625, 1003.867919921875 ],
				[ 531.7725830078125, 1027.89501953125 ]
			]
		}
	]
}