{
	"camera_data":
	{
		"location_worldframe": [ 6826.73828125, -9.7479000091552734, 0 ],
		"quaternion_xyzw_worldframe": [ 0, 0, 0.91149997711181641, 0.41130000352859497 ]
	},
	"objects": [
		{
			"class": "ExoRomper_FullPayload",
			"instance_id": 0,
			"visibility": 0.96100002527236938,
			"location": [ 0.00050000002374872565, 0, 24.705600738525391 ],
			"quaternion_xyzw": [ 0, 0.70709997415542603, 0, 0.70709997415542603 ],
			"pose_transform": [
				[ 1, 0, 0, 0 ],
				[ 0, 0, -1, 0 ],
				[ 0, -1, 0, 0 ],
				[ 0.00050000002374872565, 0, 24.705600738525391, 1 ]
			],
			"cuboid_centroid": [ 0.00050000002374872565, 0, 24.705099105834961 ],
			"projected_cuboid_centroid": [ 981.5167236328125, 558.21337890625 ],
			"bounding_box":
			{
				"top_left": [ -4023.657470703125, -4565.68017578125 ],
				"bottom_right": [ 2572.688232421875, 2237.954833984375 ]
			},
			"cuboid": [
				[ 19.291999816894531, -20.600000381469727, -4.8393998146057129 ],
				[ 19.291999816894531, -20.600000381469727, 54.250499725341797 ],
				[ 19.291999816894531, 20.600000381469727, 54.250499725341797 ],
				[ 19.291999816894531, 20.600000381469727, -4.8393998146057129 ],
				[ -19.290500640869141, -20.600000381469727, -4.8397998809814453 ],
				[ -19.291000366210938, -20.600000381469727, 54.25 ],
				[ -19.291000366210938, 20.600000381469727, 54.25 ],
				[ -19.290500640869141, 20.600000381469727, -4.8397998809814453 ]
			],
			"projected_cuboid": [
				[ -4955.73828125, 6919.5966796875 ],
				[ 1511.180908203125, -9.3093996047973633 ],
				[ 1511.180908203125, 1125.7354736328125 ],
				[ -4955.73828125, -5803.166015625 ],
				[ 6918.35302734375, 6919.5966796875 ],
				[ 451.84051513671875, -9.3093996047973633 ],
				[ 451.84051513671875, 1125.7354736328125 ],
				[ 6918.35302734375, -5803.166015625 ]
			]
		},
		{
			"class": "ExoRomper_Sat",
			"instance_id": 0,
			"visibility": 0.98250001668930054,
			"location": [ -6.7168002128601074, 2.5394999980926514, 41.365699768066406 ],
			"quaternion_xyzw": [ -0.065999999642372131, 0.8781999945640564, -0.035500001162290573, -0.47229999303817749 ],
			"pose_transform": [
				[ -0.28870001435279846, -0.043699998408555984, -0.19290000200271606, 0 ],
				[ -0.19079999625682831, -0.028899999335408211, 0.29199999570846558, 0 ],
				[ 0.052299998700618744, -0.34610000252723694, 0, 0 ],
				[ -6.7168002128601074, 2.5394999980926514, 41.365699768066406, 1 ]
			],
			"cuboid_centroid": [ -6.7168002128601074, 2.5394999980926514, 41.365699768066406 ],
			"projected_cuboid_centroid": [ 739.638427734375, 649.96807861328125 ],
			"bounding_box":
			{
				"top_left": [ 449.49969482421875, 537.89581298828125 ],
				"bottom_right": [ 841.8656005859375, 952.3350830078125 ]
			},
			"cuboid": [
				[ -11.184100151062012, -3.0467000007629395, 41.250999450683594 ],
				[ -8.1317996978759766, -2.5850000381469727, 36.578601837158203 ],
				[ -9.5834999084472656, 7.0166001319885254, 36.578098297119141 ],
				[ -12.636199951171875, 6.5549001693725586, 41.251499176025391 ],
				[ -3.850600004196167, -1.9376000165939331, 46.151901245117188 ],
				[ -0.79739999771118164, -1.4759000539779663, 41.479499816894531 ],
				[ -2.249500036239624, 8.1256999969482422, 41.479000091552734 ],
				[ -5.3027000427246094, 7.6640000343322754, 46.151901245117188 ]
			],
			"projected_cuboid": [
				[ 577.65679931640625, 447.82870483398438 ],
				[ 650.37591552734375, 452.59140014648438 ],
				[ 591.247314453125, 844.90777587890625 ],
				[ 525.226318359375, 795.70428466796875 ],
				[ 857.234619140625, 495.46749877929688 ],
				[ 952.8577880859375, 505.0343017578125 ],
				[ 900.7042236328125, 850.9970703125 ],
				[ 810.36151123046875, 806.40179443359375 ]
			]
		}
	]
}