{
	"camera_data":
	{
		"location_worldframe": [ 6809.0908203125, -9.3360996246337891, 0 ],
		"quaternion_xyzw_worldframe": [ 0, 0, 0.38999998569488525, 0.92079997062683105 ]
	},
	"objects": [
		{
			"class": "ExoRomper_FullPayload",
			"instance_id": 0,
			"visibility": 0.96100002527236938,
			"location": [ -0.00050000002374872565, 0, 24.705099105834961 ],
			"quaternion_xyzw": [ 0, 0.70709997415542603, 0, 0.70709997415542603 ],
			"pose_transform": [
				[ 1, 0, 0, 0 ],
				[ 0, 0, -1, 0 ],
				[ 0, -1, 0, 0 ],
				[ -0.00050000002374872565, 0, 24.705099105834961, 1 ]
			],
			"cuboid_centroid": [ -0.00050000002374872565, 0, 24.705099105834961 ],
			"projected_cuboid_centroid": [ 981.49737548828125, 558.21307373046875 ],
			"bounding_box":
			{
				"top_left": [ -4023.363525390625, -4565.26171875 ],
				"bottom_right": [ 2572.55712890625, 2237.970703125 ]
			},
			"cuboid": [
				[ 19.291000366210938, -20.600000381469727, -4.8397998809814453 ],
				[ 19.290500640869141, -20.600000381469727, 54.250499725341797 ],
				[ 19.290500640869141, 20.600000381469727, 54.250499725341797 ],
				[ 19.291000366210938, 20.600000381469727, -4.8397998809814453 ],
				[ -19.291999816894531, -20.600000381469727, -4.8397998809814453 ],
				[ -19.291999816894531, -20.600000381469727, 54.250499725341797 ],
				[ -19.291999816894531, 20.600000381469727, 54.250499725341797 ],
				[ -19.291999816894531, 20.600000381469727, -4.8397998809814453 ]
			],
			"projected_cuboid": [
				[ -4955.044921875, 6918.95458984375 ],
				[ 1511.155029296875, -9.309300422668457 ],
				[ 1511.155029296875, 1125.7357177734375 ],
				[ -4955.044921875, -5802.52734375 ],
				[ 6917.849609375, 6918.953125 ],
				[ 451.831787109375, -9.309300422668457 ],
				[ 451.831787109375, 1125.7357177734375 ],
				[ 6917.849609375, -5802.529296875 ]
			]
		},
		{
			"class": "ExoRomper_Sat",
			"instance_id": 0,
			"visibility": 0.88139998912811279,
			"location": [ -0.83350002765655518, 8.4820003509521484, 41.363800048828125 ],
			"quaternion_xyzw": [ -0.60250002145767212, 0.69349998235702515, 0.25909999012947083, 0.29829999804496765 ],
			"pose_transform": [
				[ 0.035500001162290573, 0.2515999972820282, -0.24070000648498535, 0 ],
				[ -0.033700000494718552, -0.23839999735355377, -0.25409999489784241, 0 ],
				[ 0.3465999960899353, -0.048900000751018524, 0, 0 ],
				[ -0.83350002765655518, 8.4820003509521484, 41.363800048828125, 1 ]
			],
			"cuboid_centroid": [ -0.83350002765655518, 8.4820003509521484, 41.363800048828125 ],
			"projected_cuboid_centroid": [ 951.4893798828125, 864.68841552734375 ],
			"bounding_box":
			{
				"top_left": [ 653.79132080078125, 763.7681884765625 ],
				"bottom_right": [ 1074.54248046875, 1153.046630859375 ]
			},
			"cuboid": [
				[ 4.1557998657226562, 9.0908002853393555, 36.274398803710938 ],
				[ 4.6943001747131348, 12.905300140380859, 40.339801788330078 ],
				[ -4.9208998680114746, 14.262900352478027, 40.339801788330078 ],
				[ -5.4594998359680176, 10.44849967956543, 36.273899078369141 ],
				[ 3.2534000873565674, 2.7011001110076904, 42.388698577880859 ],
				[ 3.7920000553131104, 6.5156002044677734, 46.4541015625 ],
				[ -5.8232002258300781, 7.8731999397277832, 46.4541015625 ],
				[ -6.3618001937866211, 4.058800220489502, 42.388698577880859 ]
			],
			"projected_cuboid": [
				[ 1152.1551513671875, 932.77069091796875 ],
				[ 1154.846923828125, 1036.351806640625 ],
				[ 799.80438232421875, 1086.65283203125 ],
				[ 757.33642578125, 988.7147216796875 ],
				[ 1095.830078125, 653.451416015625 ],
				[ 1103.10498046875, 767.83831787109375 ],
				[ 794.79656982421875, 811.5181884765625 ],
				[ 757.9744873046875, 701.32037353515625 ]
			]
		}
	]
}