{
	"camera_data":
	{
		"location_worldframe": [ 6809.86962890625, -10.032400131225586, 0 ],
		"quaternion_xyzw_worldframe": [ 0, 0, 0.42660000920295715, 0.90439999103546143 ]
	},
	"objects": [
		{
			"class": "ExoRomper_FullPayload",
			"instance_id": 0,
			"visibility": 0.97369998693466187,
			"location": [ 0, 0, 24.706100463867188 ],
			"quaternion_xyzw": [ 0, 0.70709997415542603, 0, 0.70709997415542603 ],
			"pose_transform": [
				[ 1, 0, 0, 0 ],
				[ 0, 0, -1, 0 ],
				[ 0, -1, 0, 0 ],
				[ 0, 0, 24.706100463867188, 1 ]
			],
			"cuboid_centroid": [ 0, 0, 24.706100463867188 ],
			"projected_cuboid_centroid": [ 981.49688720703125, 558.21337890625 ],
			"bounding_box":
			{
				"top_left": [ -4023.95458984375, -4565.91259765625 ],
				"bottom_right": [ 2572.81689453125, 2237.991455078125 ]
			},
			"cuboid": [
				[ 19.291000366210938, -20.600000381469727, -4.8393998146057129 ],
				[ 19.291000366210938, -20.600000381469727, 54.250499725341797 ],
				[ 19.291000366210938, 20.600000381469727, 54.250499725341797 ],
				[ 19.291000366210938, 20.600000381469727, -4.8393998146057129 ],
				[ -19.291999816894531, -20.600000381469727, -4.838900089263916 ],
				[ -19.291500091552734, -20.600000381469727, 54.250999450683594 ],
				[ -19.291500091552734, 20.600000381469727, 54.250999450683594 ],
				[ -19.291999816894531, 20.600000381469727, -4.838900089263916 ]
			],
			"projected_cuboid": [
				[ -4956.044921875, 6920.236328125 ],
				[ 1511.1500244140625, -9.3041000366210938 ],
				[ 1511.1500244140625, 1125.7308349609375 ],
				[ -4956.044921875, -5803.8125 ],
				[ 6919.2451171875, 6920.236328125 ],
				[ 451.82769775390625, -9.3041000366210938 ],
				[ 451.82769775390625, 1125.7308349609375 ],
				[ 6919.2451171875, -5803.8125 ]
			]
		},
		{
			"class": "ExoRomper_Sat",
			"instance_id": 0,
			"visibility": 0.90570002794265747,
			"location": [ -1.2207000255584717, 6.975100040435791, 41.365200042724609 ],
			"quaternion_xyzw": [ -0.54180002212524414, 0.78539997339248657, -0.17000000178813934, -0.24650000035762787 ],
			"pose_transform": [
				[ -0.071000002324581146, -0.18700000643730164, -0.28720000386238098, 0 ],
				[ -0.10199999809265137, -0.26850000023841858, 0.20000000298023224, 0 ],
				[ 0.32719999551773071, -0.12430000305175781, 0, 0 ],
				[ -1.2207000255584717, 6.975100040435791, 41.365200042724609, 1 ]
			],
			"cuboid_centroid": [ -1.2207000255584717, 6.975100040435791, 41.365200042724609 ],
			"projected_cuboid_centroid": [ 937.539794921875, 810.23382568359375 ],
			"bounding_box":
			{
				"top_left": [ 590.09161376953125, 738.31097412109375 ],
				"bottom_right": [ 986.00341796875, 1148.296875 ]
			},
			"cuboid": [
				[ 1.600600004196167, 0.72829997539520264, 39.316898345947266 ],
				[ 3.2318999767303467, 5.0251998901367188, 36.117198944091797 ],
				[ -5.8452000617980957, 8.4731998443603516, 36.11669921875 ],
				[ -7.4774999618530273, 4.176300048828125, 39.317401885986328 ],
				[ 3.4038000106811523, 5.4770002365112305, 46.612800598144531 ],
				[ 5.036099910736084, 9.7737998962402344, 43.412601470947266 ],
				[ -4.0419998168945312, 13.22189998626709, 43.413101196289062 ],
				[ -5.6743001937866211, 8.9250001907348633, 46.612800598144531 ]
			],
			"projected_cuboid": [
				[ 1042.133056640625, 585.9000244140625 ],
				[ 1114.7955322265625, 766.16241455078125 ],
				[ 740.42529296875, 908.8494873046875 ],
				[ 698.197021484375, 716.97052001953125 ],
				[ 1090.2786865234375, 733.82391357421875 ],
				[ 1154.2803955078125, 894.697998046875 ],
				[ 842.8140869140625, 1013.403076171875 ],
				[ 800.176025390625, 844.3790283203125 ]
			]
		}
	]
}