{
	"camera_data":
	{
		"location_worldframe": [ 6809.47265625, -9.6913003921508789, 0 ],
		"quaternion_xyzw_worldframe": [ 0, 0, 0.4083000123500824, 0.91280001401901245 ]
	},
	"objects": [
		{
			"class": "ExoRomper_FullPayload",
			"instance_id": 0,
			"visibility": 1,
			"location": [ 0.00050000002374872565, 0, 24.704599380493164 ],
			"quaternion_xyzw": [ 0, 0.70709997415542603, 0, 0.70709997415542603 ],
			"pose_transform": [
				[ 1, 0, 0, 0 ],
				[ 0, 0, -1, 0 ],
				[ 0, -1, 0, 0 ],
				[ 0.00050000002374872565, 0, 24.704599380493164, 1 ]
			],
			"cuboid_centroid": [ 0, 0, 24.704599380493164 ],
			"projected_cuboid_centroid": [ 981.5352783203125, 558.21307373046875 ],
			"bounding_box":
			{
				"top_left": [ -4023.363525390625, -4565.32373046875 ],
				"bottom_right": [ 2572.55712890625, 2237.954833984375 ]
			},
			"cuboid": [
				[ 19.291000366210938, -20.600000381469727, -4.8403000831604004 ],
				[ 19.291500091552734, -20.600000381469727, 54.249500274658203 ],
				[ 19.291500091552734, 20.600000381469727, 54.249500274658203 ],
				[ 19.291000366210938, 20.600000381469727, -4.8403000831604004 ],
				[ -19.291000366210938, -20.600000381469727, -4.8403000831604004 ],
				[ -19.291500091552734, -20.600000381469727, 54.25 ],
				[ -19.291500091552734, 20.600000381469727, 54.25 ],
				[ -19.291000366210938, 20.600000381469727, -4.8403000831604004 ]
			],
			"projected_cuboid": [
				[ -4955.73828125, 6919.59619140625 ],
				[ 1511.172119140625, -9.309300422668457 ],
				[ 1511.172119140625, 1125.7357177734375 ],
				[ -4955.73828125, -5803.1689453125 ],
				[ 6918.4501953125, 6919.59619140625 ],
				[ 451.831787109375, -9.309300422668457 ],
				[ 451.831787109375, 1125.7357177734375 ],
				[ 6918.4501953125, -5803.1689453125 ]
			]
		},
		{
			"class": "ExoRomper_Sat",
			"instance_id": 0,
			"visibility": 0.88459998369216919,
			"location": [ -13.360400199890137, 5.2548999786376953, 41.363300323486328 ],
			"quaternion_xyzw": [ -0.2078000009059906, -0.41600000858306885, -0.39559999108314514, 0.79199999570846558 ],
			"pose_transform": [
				[ -0.17309999465942383, 0.23039999604225159, 0.19859999418258667, 0 ],
				[ 0.1193000003695488, -0.15880000591278076, 0.28819999098777771, 0 ],
				[ -0.27979999780654907, -0.2101999968290329, 0, 0 ],
				[ -13.360400199890137, 5.2548999786376953, 41.363300323486328, 1 ]
			],
			"cuboid_centroid": [ -13.360400199890137, 5.2548999786376953, 41.363300323486328 ],
			"projected_cuboid_centroid": [ 500.41531372070312, 748.08642578125 ],
			"bounding_box":
			{
				"top_left": [ 498.98431396484375, 262.531494140625 ],
				"bottom_right": [ 952.29669189453125, 702.26708984375 ]
			},
			"cuboid": [
				[ -18.485799789428711, 3.9937999248504639, 46.191898345947266 ],
				[ -20.395000457763672, 6.5348000526428223, 41.580101013183594 ],
				[ -12.63129997253418, 12.368100166320801, 41.580101013183594 ],
				[ -10.722200393676758, 9.8270998001098633, 46.191898345947266 ],
				[ -14.088899612426758, -1.8581999540328979, 41.146499633789062 ],
				[ -15.998499870300293, 0.68279999494552612, 36.535598754882812 ],
				[ -8.2343997955322266, 6.5160999298095703, 36.535598754882812 ],
				[ -6.325200080871582, 3.975100040435791, 41.146999359130859 ]
			],
			"projected_cuboid": [
				[ 385.41659545898438, 687.435302734375 ],
				[ 250.92100524902344, 793.0977783203125 ],
				[ 529.005615234375, 1002.7764282226562 ],
				[ 635.75482177734375, 876.17657470703125 ],
				[ 471.5072021484375, 490.71829223632812 ],
				[ 329.30160522460938, 586.14227294921875 ],
				[ 645.794921875, 824.76788330078125 ],
				[ 752.54107666015625, 702.598876953125 ]
			]
		}
	]
}