{
	"camera_data":
	{
		"location_worldframe": [ 6822.81884765625, -12.127799987792969, 0 ],
		"quaternion_xyzw_worldframe": [ 0, 0, 0.8246999979019165, 0.56559997797012329 ]
	},
	"objects": [
		{
			"class": "ExoRomper_FullPayload",
			"instance_id": 0,
			"visibility": 0.98669999837875366,
			"location": [ 0, 0, 24.705099105834961 ],
			"quaternion_xyzw": [ 0, 0.70709997415542603, 0, 0.70709997415542603 ],
			"pose_transform": [
				[ 1, 0, 0, 0 ],
				[ 0, 0, -1, 0 ],
				[ 0, -1, 0, 0 ],
				[ 0, 0, 24.705099105834961, 1 ]
			],
			"cuboid_centroid": [ 0, 0, 24.704799652099609 ],
			"projected_cuboid_centroid": [ 981.5164794921875, 558.21331787109375 ],
			"bounding_box":
			{
				"top_left": [ -4023.509765625, -4565.43994140625 ],
				"bottom_right": [ 2572.623291015625, 2237.960205078125 ]
			},
			"cuboid": [
				[ 19.291500091552734, -20.600000381469727, -4.8400998115539551 ],
				[ 19.291500091552734, -20.600000381469727, 54.25 ],
				[ 19.291500091552734, 20.600000381469727, 54.25 ],
				[ 19.291500091552734, 20.600000381469727, -4.8400998115539551 ],
				[ -19.291000366210938, -20.600000381469727, -4.8397998809814453 ],
				[ -19.291000366210938, -20.600000381469727, 54.249801635742188 ],
				[ -19.291000366210938, 20.600000381469727, 54.249801635742188 ],
				[ -19.291000366210938, 20.600000381469727, -4.8397998809814453 ]
			],
			"projected_cuboid": [
				[ -4955.24658203125, 6919.275390625 ],
				[ 1511.1661376953125, -9.3118000030517578 ],
				[ 1511.1661376953125, 1125.73828125 ],
				[ -4955.24658203125, -5802.84619140625 ],
				[ 6918.54736328125, 6919.59619140625 ],
				[ 451.82949829101562, -9.3118000030517578 ],
				[ 451.82949829101562, 1125.73828125 ],
				[ 6918.54736328125, -5803.1669921875 ]
			]
		},
		{
			"class": "ExoRomper_Sat",
			"instance_id": 0,
			"visibility": 0.92979997396469116,
			"location": [ -11.57759952545166, 3.5910999774932861, 41.365001678466797 ],
			"quaternion_xyzw": [ 0.28400000929832458, 0.95829999446868896, -0.0093000000342726707, 0.031300000846385956 ],
			"pose_transform": [
				[ 0.019099999219179153, -0.012400000356137753, -0.34929999709129333, 0 ],
				[ -0.29289999604225159, 0.19030000269412994, -0.022800000384449959, 0 ],
				[ -0.1906999945640564, -0.29350000619888306, 0, 0 ],
				[ -11.57759952545166, 3.5910999774932861, 41.365001678466797, 1 ]
			],
			"cuboid_centroid": [ -11.57759952545166, 3.5910999774932861, 41.365001678466797 ],
			"projected_cuboid_centroid": [ 564.6021728515625, 687.965087890625 ],
			"bounding_box":
			{
				"top_left": [ 481.28021240234375, 327.87008666992188 ],
				"bottom_right": [ 884.61761474609375, 738.2542724609375 ]
			},
			"cuboid": [
				[ -16.323200225830078, 0.88459998369216919, 36.747100830078125 ],
				[ -11.637200355529785, -2.1607000827789307, 37.112098693847656 ],
				[ -6.3456997871398926, 5.9818000793457031, 37.112098693847656 ],
				[ -11.031700134277344, 9.027099609375, 36.747100830078125 ],
				[ -16.809600830078125, 1.2005000114440918, 45.618198394775391 ],
				[ -12.122599601745605, -1.8449000120162964, 45.9833984375 ],
				[ -6.8319997787475586, 6.2975997924804688, 45.983200073242188 ],
				[ -11.517600059509277, 9.342900276184082, 45.618198394775391 ]
			],
			"projected_cuboid": [
				[ 319.84271240234375, 594.192626953125 ],
				[ 514.4154052734375, 471.19839477539062 ],
				[ 726.81268310546875, 799.11077880859375 ],
				[ 534.32537841796875, 925.36419677734375 ],
				[ 432.64019775390625, 597.54302978515625 ],
				[ 588.79937744140625, 498.25088500976562 ],
				[ 760.17822265625, 762.90191650390625 ],
				[ 605.41259765625, 864.3118896484375 ]
			]
		}
	]
}