{
	"camera_data":
	{
		"location_worldframe": [ 6830.76416015625, 3.092400074005127, 0 ],
		"quaternion_xyzw_worldframe": [ 0, 0, -0.99279999732971191, 0.11980000138282776 ]
	},
	"objects": [
		{
			"class": "ExoRomper_FullPayload",
			"instance_id": 0,
			"visibility": 0.97369998693466187,
			"location": [ 0, 0, 24.705600738525391 ],
			"quaternion_xyzw": [ 0, 0.70709997415542603, 0, 0.70709997415542603 ],
			"pose_transform": [
				[ 1, 0, 0, 0 ],
				[ 0, 0, -1, 0 ],
				[ 0, -1, 0, 0 ],
				[ 0, 0, 24.705600738525391, 1 ]
			],
			"cuboid_centroid": [ 0, 0, 24.705600738525391 ],
			"projected_cuboid_centroid": [ 981.4879150390625, 558.21337890625 ],
			"bounding_box":
			{
				"top_left": [ -4023.656494140625, -4565.58740234375 ],
				"bottom_right": [ 2572.689453125, 2237.977294921875 ]
			},
			"cuboid": [
				[ 19.291500091552734, -20.600000381469727, -4.8393998146057129 ],
				[ 19.291400909423828, -20.600000381469727, 54.250999450683594 ],
				[ 19.291400909423828, 20.600000381469727, 54.250999450683594 ],
				[ 19.291500091552734, 20.600000381469727, -4.8393998146057129 ],
				[ -19.291299819946289, -20.600000381469727, -4.8393998146057129 ],
				[ -19.291299819946289, -20.600000381469727, 54.250499725341797 ],
				[ -19.291299819946289, 20.600000381469727, 54.250499725341797 ],
				[ -19.291299819946289, 20.600000381469727, -4.8393998146057129 ]
			],
			"projected_cuboid": [
				[ -4955.54443359375, 6919.59619140625 ],
				[ 1511.1500244140625, -9.3042001724243164 ],
				[ 1511.1500244140625, 1125.7303466796875 ],
				[ -4955.54443359375, -5803.166015625 ],
				[ 6919.19677734375, 6920.23779296875 ],
				[ 451.82769775390625, -9.3042001724243164 ],
				[ 451.82769775390625, 1125.7303466796875 ],
				[ 6919.19677734375, -5803.8076171875 ]
			]
		},
		{
			"class": "ExoRomper_Sat",
			"instance_id": 0,
			"visibility": 0.97960001230239868,
			"location": [ -1.1615999937057495, 7.136199951171875, 41.36669921875 ],
			"quaternion_xyzw": [ 0.40740001201629639, -0.57529997825622559, 0.4099000096321106, 0.5788000226020813 ],
			"pose_transform": [
				[ -0.11620000004768372, -0.33009999990463257, 0.002099999925121665, 0 ],
				[ 0.000699999975040555, 0.0020000000949949026, 0.34999999403953552, 0 ],
				[ 0.33009999990463257, -0.11620000004768372, 0, 0 ],
				[ -1.1615999937057495, 7.136199951171875, 41.36669921875, 1 ]
			],
			"cuboid_centroid": [ -1.1615999937057495, 7.136199951171875, 41.366199493408203 ],
			"projected_cuboid_centroid": [ 939.66522216796875, 816.0443115234375 ],
			"bounding_box":
			{
				"top_left": [ 607.48638916015625, 741.6370849609375 ],
				"bottom_right": [ 1027.3157958984375, 1164.068115234375 ]
			},
			"cuboid": [
				[ 1.9480999708175659, 1.3474999666213989, 44.194301605224609 ],
				[ 1.9365999698638916, 1.3150999546051025, 38.593299865722656 ],
				[ -7.2230000495910645, 4.5392999649047852, 38.593299865722656 ],
				[ -7.2116999626159668, 4.5717000961303711, 44.193801879882812 ],
				[ 4.8997001647949219, 9.7330999374389648, 44.139598846435547 ],
				[ 4.8884000778198242, 9.7005996704101562, 38.539100646972656 ],
				[ -4.2715001106262207, 12.924799919128418, 38.539100646972656 ],
				[ -4.2600002288818359, 12.957200050354004, 44.139598846435547 ]
			],
			"projected_cuboid": [
				[ 1047.1497802734375, 603.78448486328125 ],
				[ 1056.2392578125, 609.143310546875 ],
				[ 702.7100830078125, 734.005126953125 ],
				[ 738.42401123046875, 712.82330322265625 ],
				[ 1146.83447265625, 887.778076171875 ],
				[ 1170.4222412109375, 934.41448974609375 ],
				[ 816.3958740234375, 1059.4520263671875 ],
				[ 837.72869873046875, 996.9500732421875 ]
			]
		}
	]
}