{
	"camera_data":
	{
		"location_worldframe": [ 6831.13525390625, -0.2312999963760376, 0 ],
		"quaternion_xyzw_worldframe": [ 0, 0, 1, 0.0088999997824430466 ]
	},
	"objects": [
		{
			"class": "ExoRomper_FullPayload",
			"instance_id": 0,
			"visibility": 0.97369998693466187,
			"location": [ 0, 0, 24.704099655151367 ],
			"quaternion_xyzw": [ 0, 0.70709997415542603, 0, 0.70709997415542603 ],
			"pose_transform": [
				[ 1, 0, 0, 0 ],
				[ 0, 0, -1, 0 ],
				[ 0, -1, 0, 0 ],
				[ 0, 0, 24.704099655151367, 1 ]
			],
			"cuboid_centroid": [ 0, 0, 24.70359992980957 ],
			"projected_cuboid_centroid": [ 981.49298095703125, 558.21282958984375 ],
			"bounding_box":
			{
				"top_left": [ -4023.06689453125, -4564.8671875 ],
				"bottom_right": [ 2572.428466796875, 2237.955322265625 ]
			},
			"cuboid": [
				[ 19.291299819946289, -20.600000381469727, -4.8413000106811523 ],
				[ 19.291400909423828, -20.600000381469727, 54.248500823974609 ],
				[ 19.291400909423828, 20.600000381469727, 54.248500823974609 ],
				[ 19.291299819946289, 20.600000381469727, -4.8413000106811523 ],
				[ -19.291299819946289, -20.600000381469727, -4.8413000106811523 ],
				[ -19.291299819946289, -20.600000381469727, 54.249000549316406 ],
				[ -19.291299819946289, 20.600000381469727, 54.249000549316406 ],
				[ -19.291299819946289, 20.600000381469727, -4.8413000106811523 ]
			],
			"projected_cuboid": [
				[ -4954.36328125, 6918.310546875 ],
				[ 1511.165283203125, -9.3143997192382812 ],
				[ 1511.165283203125, 1125.7406005859375 ],
				[ -4954.36328125, -5801.884765625 ],
				[ 6917.35107421875, 6918.310546875 ],
				[ 451.82290649414062, -9.3142995834350586 ],
				[ 451.82290649414062, 1125.7408447265625 ],
				[ 6917.35107421875, -5801.884765625 ]
			]
		},
		{
			"class": "ExoRomper_Sat",
			"instance_id": 0,
			"visibility": 0.94230002164840698,
			"location": [ -1.6136000156402588, 6.1185998916625977, 41.363800048828125 ],
			"quaternion_xyzw": [ -0.47099998593330383, 0.79180002212524414, 0.19879999756813049, 0.33419999480247498 ],
			"pose_transform": [
				[ 0.11969999969005585, 0.22030000388622284, -0.24420000612735748, 0 ],
				[ -0.11659999936819077, -0.21459999680519104, -0.25080001354217529, 0 ],
				[ 0.30750000476837158, -0.16709999740123749, 0, 0 ],
				[ -1.6136000156402588, 6.1185998916625977, 41.363800048828125, 1 ]
			],
			"cuboid_centroid": [ -1.6136000156402588, 6.1185998916625977, 41.363800048828125 ],
			"projected_cuboid_centroid": [ 923.38690185546875, 779.2894287109375 ],
			"bounding_box":
			{
				"top_left": [ 539.03070068359375, 724.110595703125 ],
				"bottom_right": [ 993.17431640625, 1160.603759765625 ]
			},
			"cuboid": [
				[ 3.2404000759124756, 4.8822999000549316, 36.256301879882812 ],
				[ 5.1057000160217285, 8.3155002593994141, 40.269001007080078 ],
				[ -3.4270000457763672, 12.951499938964844, 40.269001007080078 ],
				[ -5.2923002243041992, 9.5181999206542969, 36.256301879882812 ],
				[ 0.1996999979019165, -0.71429997682571411, 42.458499908447266 ],
				[ 2.065000057220459, 2.7190001010894775, 46.470699310302734 ],
				[ -6.4677000045776367, 7.3548998832702637, 46.470699310302734 ],
				[ -8.3330001831054688, 3.9217000007629395, 42.458499908447266 ]
			],
			"projected_cuboid": [
				[ 1114.6126708984375, 759.46612548828125 ],
				[ 1170.34228515625, 866.832275390625 ],
				[ 854.7371826171875, 1038.889404296875 ],
				[ 764.07861328125, 950.56488037109375 ],
				[ 988.4989013671875, 533.0706787109375 ],
				[ 1047.6806640625, 645.65728759765625 ],
				[ 774.19317626953125, 794.75341796875 ],
				[ 689.168212890625, 696.25518798828125 ]
			]
		}
	]
}