{
	"camera_data":
	{
		"location_worldframe": [ 6806.45947265625, -5.7122998237609863, 0 ],
		"quaternion_xyzw_worldframe": [ 0, 0, 0.22550000250339508, 0.97420001029968262 ]
	},
	"objects": [
		{
			"class": "ExoRomper_FullPayload",
			"instance_id": 0,
			"visibility": 1,
			"location": [ -0.00019999999494757503, 0, 24.705099105834961 ],
			"quaternion_xyzw": [ 0, 0.70709997415542603, 0, 0.70709997415542603 ],
			"pose_transform": [
				[ 1, 0, 0, 0 ],
				[ 0, 0, -1, 0 ],
				[ 0, -1, 0, 0 ],
				[ -0.00019999999494757503, 0, 24.705099105834961, 1 ]
			],
			"cuboid_centroid": [ -0.00019999999494757503, 0, 24.704599380493164 ],
			"projected_cuboid_centroid": [ 981.5167236328125, 558.21337890625 ],
			"bounding_box":
			{
				"top_left": [ -4023.363037109375, -4565.26171875 ],
				"bottom_right": [ 2572.55712890625, 2237.962890625 ]
			},
			"cuboid": [
				[ 19.291299819946289, -20.600000381469727, -4.8403000831604004 ],
				[ 19.291299819946289, -20.600000381469727, 54.25 ],
				[ 19.291299819946289, 20.600000381469727, 54.25 ],
				[ 19.291299819946289, 20.600000381469727, -4.8403000831604004 ],
				[ -19.291500091552734, -20.600000381469727, -4.8397998809814453 ],
				[ -19.291500091552734, -20.600000381469727, 54.25 ],
				[ -19.291500091552734, 20.600000381469727, 54.25 ],
				[ -19.291500091552734, 20.600000381469727, -4.8397998809814453 ]
			],
			"projected_cuboid": [
				[ -4954.9482421875, 6918.95068359375 ],
				[ 1511.16845703125, -9.3142995834350586 ],
				[ 1511.16845703125, 1125.7408447265625 ],
				[ -4954.9482421875, -5802.52880859375 ],
				[ 6917.9462890625, 6918.95068359375 ],
				[ 451.831787109375, -9.309300422668457 ],
				[ 451.831787109375, 1125.7354736328125 ],
				[ 6917.9462890625, -5802.52880859375 ]
			]
		},
		{
			"class": "ExoRomper_Sat",
			"instance_id": 0,
			"visibility": 0.78570002317428589,
			"location": [ -14.744400024414062, 8.9280004501342773, 41.363800048828125 ],
			"quaternion_xyzw": [ 0.33349999785423279, 0.35989999771118164, -0.59229999780654907, 0.63910001516342163 ],
			"pose_transform": [
				[ 0.022700000554323196, -0.29840001463890076, 0.18150000274181366, 0 ],
				[ 0.013799999840557575, -0.18089999258518219, -0.29929998517036438, 0 ],
				[ -0.34900000691413879, -0.026599999517202377, 0, 0 ],
				[ -14.744400024414062, 8.9280004501342773, 41.363800048828125, 1 ]
			],
			"cuboid_centroid": [ -14.744400024414062, 8.9280004501342773, 41.363800048828125 ],
			"projected_cuboid_centroid": [ 450.55810546875, 880.8060302734375 ],
			"bounding_box":
			{
				"top_left": [ 677.909912109375, 190.66690063476562 ],
				"bottom_right": [ 1076.593505859375, 647.75457763671875 ]
			},
			"cuboid": [
				[ -19.186500549316406, 3.3215999603271484, 41.273399353027344 ],
				[ -19.407499313354492, 6.2170000076293945, 46.0625 ],
				[ -9.7249002456665039, 6.9545998573303223, 46.062999725341797 ],
				[ -9.5037002563476562, 4.0591998100280762, 41.272899627685547 ],
				[ -19.764200210571289, 10.901399612426758, 36.664100646972656 ],
				[ -19.984600067138672, 13.796799659729004, 41.453098297119141 ],
				[ -10.302000045776367, 14.53439998626709, 41.453098297119141 ],
				[ -10.081500053405762, 11.638999938964844, 36.664600372314453 ]
			],
			"projected_cuboid": [
				[ 289.07778930664062, 678.492919921875 ],
				[ 353.94500732421875, 759.93170166015625 ],
				[ 667.0421142578125, 783.86541748046875 ],
				[ 638.519775390625, 705.20379638671875 ],
				[ 178.58090209960938, 1002.5961303710938 ],
				[ 263.41879272460938, 1055.6483154296875 ],
				[ 611.33062744140625, 1082.2435302734375 ],
				[ 571.94970703125, 1032.6649169921875 ]
			]
		}
	]
}