{
	"camera_data":
	{
		"location_worldframe": [ 6830.4501953125, -4.1700000762939453, 0 ],
		"quaternion_xyzw_worldframe": [ 0, 0, 0.98669999837875366, 0.16249999403953552 ]
	},
	"objects": [
		{
			"class": "ExoRomper_FullPayload",
			"instance_id": 0,
			"visibility": 0.98669999837875366,
			"location": [ 0, 0, 24.705600738525391 ],
			"quaternion_xyzw": [ 0, 0.70709997415542603, 0, 0.70709997415542603 ],
			"pose_transform": [
				[ 1, 0, 0, 0 ],
				[ 0, 0, -1, 0 ],
				[ 0, -1, 0, 0 ],
				[ 0, 0, 24.705600738525391, 1 ]
			],
			"cuboid_centroid": [ 0.00019999999494757503, 0, 24.705600738525391 ],
			"projected_cuboid_centroid": [ 981.4879150390625, 558.21307373046875 ],
			"bounding_box":
			{
				"top_left": [ -4023.363037109375, -4565.19970703125 ],
				"bottom_right": [ 2572.558349609375, 2237.970703125 ]
			},
			"cuboid": [
				[ 19.291500091552734, -20.600000381469727, -4.8393998146057129 ],
				[ 19.291500091552734, -20.600000381469727, 54.250499725341797 ],
				[ 19.291500091552734, 20.600000381469727, 54.250499725341797 ],
				[ 19.291500091552734, 20.600000381469727, -4.8393998146057129 ],
				[ -19.291299819946289, -20.600000381469727, -4.8397998809814453 ],
				[ -19.291299819946289, -20.600000381469727, 54.25 ],
				[ -19.291299819946289, 20.600000381469727, 54.25 ],
				[ -19.291299819946289, 20.600000381469727, -4.8397998809814453 ]
			],
			"projected_cuboid": [
				[ -4955.54443359375, 6919.59619140625 ],
				[ 1511.1593017578125, -9.3094997406005859 ],
				[ 1511.1593017578125, 1125.7357177734375 ],
				[ -4955.54443359375, -5803.169921875 ],
				[ 6918.59521484375, 6919.59765625 ],
				[ 451.82321166992188, -9.3094997406005859 ],
				[ 451.82321166992188, 1125.7357177734375 ],
				[ 6918.59521484375, -5803.16796875 ]
			]
		},
		{
			"class": "ExoRomper_Sat",
			"instance_id": 0,
			"visibility": 0.89060002565383911,
			"location": [ -14.072799682617188, 6.4274001121520996, 41.365699768066406 ],
			"quaternion_xyzw": [ 0.41359999775886536, 0.65770000219345093, -0.33509999513626099, 0.53299999237060547 ],
			"pose_transform": [
				[ 0.14839999377727509, -0.30860000848770142, -0.072499997913837433, 0 ],
				[ -0.031399998813867569, 0.065399996936321259, -0.34240001440048218, 0 ],
				[ -0.31540000438690186, -0.15160000324249268, 0, 0 ],
				[ -14.072799682617188, 6.4274001121520996, 41.365699768066406, 1 ]
			],
			"cuboid_centroid": [ -14.072799682617188, 6.4274001121520996, 41.365699768066406 ],
			"projected_cuboid_centroid": [ 474.7532958984375, 790.44171142578125 ],
			"bounding_box":
			{
				"top_left": [ 559.48419189453125, 220.01080322265625 ],
				"bottom_right": [ 1007.4534912109375, 676.9296875 ]
			},
			"cuboid": [
				[ -16.815700531005859, 0.92750000953674316, 37.704601287841797 ],
				[ -16.312999725341797, -0.1185000017285347, 43.183601379394531 ],
				[ -7.560999870300293, 4.0890002250671387, 43.183601379394531 ],
				[ -8.064000129699707, 5.1350002288818359, 37.704601287841797 ],
				[ -20.583999633789062, 8.7658004760742188, 39.546398162841797 ],
				[ -20.081300735473633, 7.7197999954223633, 45.025901794433594 ],
				[ -11.32960033416748, 11.927300453186035, 45.025398254394531 ],
				[ -11.832300186157227, 12.973299980163574, 39.546901702880859 ]
			],
			"projected_cuboid": [
				[ 317.18829345703125, 594.977294921875 ],
				[ 418.8114013671875, 554.11328125 ],
				[ 720.68377685546875, 699.732177734375 ],
				[ 662.9168701171875, 761.759521484375 ],
				[ 206.19180297851562, 889.49627685546875 ],
				[ 317.18218994140625, 814.46197509765625 ],
				[ 606.694091796875, 954.1270751953125 ],
				[ 535.83441162109375, 1048.50830078125 ]
			]
		}
	]
}