{
	"camera_data":
	{
		"location_worldframe": [ 6827.16259765625, 9.3563003540039062, 0 ],
		"quaternion_xyzw_worldframe": [ 0, 0, -0.92040002346038818, 0.39100000262260437 ]
	},
	"objects": [
		{
			"class": "ExoRomper_FullPayload",
			"instance_id": 0,
			"visibility": 0.96100002527236938,
			"location": [ -0.00050000002374872565, 0, 24.705099105834961 ],
			"quaternion_xyzw": [ 0, 0.70709997415542603, 0, 0.70709997415542603 ],
			"pose_transform": [
				[ 1, 0, 0, 0 ],
				[ 0, 0, -1, 0 ],
				[ 0, -1, 0, 0 ],
				[ -0.00050000002374872565, 0, 24.705099105834961, 1 ]
			],
			"cuboid_centroid": [ -0.00050000002374872565, 0, 24.705099105834961 ],
			"projected_cuboid_centroid": [ 981.4783935546875, 558.21270751953125 ],
			"bounding_box":
			{
				"top_left": [ -4023.363037109375, -4565.19970703125 ],
				"bottom_right": [ 2572.558349609375, 2237.970703125 ]
			},
			"cuboid": [
				[ 19.291000366210938, -20.600000381469727, -4.8397998809814453 ],
				[ 19.291000366210938, -20.600000381469727, 54.249500274658203 ],
				[ 19.291000366210938, 20.600000381469727, 54.249500274658203 ],
				[ 19.291000366210938, 20.600000381469727, -4.8397998809814453 ],
				[ -19.291500091552734, -20.600000381469727, -4.8397998809814453 ],
				[ -19.291000366210938, -20.600000381469727, 54.249500274658203 ],
				[ -19.291000366210938, 20.600000381469727, 54.249500274658203 ],
				[ -19.291500091552734, 20.600000381469727, -4.8397998809814453 ]
			],
			"projected_cuboid": [
				[ -4954.9482421875, 6918.95361328125 ],
				[ 1511.159912109375, -9.3142995834350586 ],
				[ 1511.159912109375, 1125.7408447265625 ],
				[ -4954.9482421875, -5802.52880859375 ],
				[ 6918.6435546875, 6919.59521484375 ],
				[ 451.82720947265625, -9.3142995834350586 ],
				[ 451.82720947265625, 1125.7408447265625 ],
				[ 6918.6435546875, -5803.169921875 ]
			]
		},
		{
			"class": "ExoRomper_Sat",
			"instance_id": 0,
			"visibility": 0.9375,
			"location": [ -4.0869002342224121, 3.5046000480651855, 41.366199493408203 ],
			"quaternion_xyzw": [ -0.20419999957084656, 0.7192000150680542, 0.18140000104904175, 0.63889998197555542 ],
			"pose_transform": [
				[ 0.29570001363754272, 0.18260000646114349, -0.041299998760223389, 0 ],
				[ -0.035100001841783524, -0.021700000390410423, -0.34760001301765442, 0 ],
				[ 0.18389999866485596, -0.29780000448226929, 0, 0 ],
				[ -4.0869002342224121, 3.5046000480651855, 41.366199493408203, 1 ]
			],
			"cuboid_centroid": [ -4.0869002342224121, 3.5046000480651855, 41.366199493408203 ],
			"projected_cuboid_centroid": [ 834.34259033203125, 684.83477783203125 ],
			"bounding_box":
			{
				"top_left": [ 448.62051391601562, 625.77081298828125 ],
				"bottom_right": [ 880.37518310546875, 1060.0413818359375 ]
			},
			"cuboid": [
				[ 1.9385000467300415, 1.5194000005722046, 38.061000823974609 ],
				[ 2.500999927520752, 1.8665000200271606, 43.622600555419922 ],
				[ -2.601099967956543, 10.128600120544434, 43.622100830078125 ],
				[ -3.1640999317169189, 9.7814998626708984, 38.061000823974609 ],
				[ -5.5718002319335938, -3.1194000244140625, 39.109401702880859 ],
				[ -5.0103001594543457, -2.7723000049591064, 44.6708984375 ],
				[ -10.112799644470215, 5.489799976348877, 44.671398162841797 ],
				[ -10.674799919128418, 5.1427001953125, 39.109401702880859 ]
			],
			"projected_cuboid": [
				[ 1057.3682861328125, 617.87567138671875 ],
				[ 1066.8983154296875, 622.1619873046875 ],
				[ 892.66741943359375, 905.2352294921875 ],
				[ 857.6917724609375, 942.31341552734375 ],
				[ 769.29437255859375, 439.00518798828125 ],
				[ 814.4459228515625, 465.460693359375 ],
				[ 644.3057861328125, 741.88751220703125 ],
				[ 574.9500732421875, 754.74267578125 ]
			]
		}
	]
}