{
	"camera_data":
	{
		"location_worldframe": [ 6822.2978515625, 12.316200256347656, 0 ],
		"quaternion_xyzw_worldframe": [ 0, 0, -0.81239998340606689, 0.58310002088546753 ]
	},
	"objects": [
		{
			"class": "ExoRomper_FullPayload",
			"instance_id": 0,
			"visibility": 0.97369998693466187,
			"location": [ -0.00050000002374872565, 0, 24.706100463867188 ],
			"quaternion_xyzw": [ 0, 0.70709997415542603, 0, 0.70709997415542603 ],
			"pose_transform": [
				[ 1, 0, 0, 0 ],
				[ 0, 0, -1, 0 ],
				[ 0, -1, 0, 0 ],
				[ -0.00050000002374872565, 0, 24.706100463867188, 1 ]
			],
			"cuboid_centroid": [ -0.00050000002374872565, 0, 24.705799102783203 ],
			"projected_cuboid_centroid": [ 981.4783935546875, 558.21337890625 ],
			"bounding_box":
			{
				"top_left": [ -4023.51025390625, -4565.31640625 ],
				"bottom_right": [ 2572.622802734375, 2237.960205078125 ]
			},
			"cuboid": [
				[ 19.291000366210938, -20.600000381469727, -4.8390998840332031 ],
				[ 19.291000366210938, -20.600000381469727, 54.250499725341797 ],
				[ 19.291000366210938, 20.600000381469727, 54.250499725341797 ],
				[ 19.291000366210938, 20.600000381469727, -4.8390998840332031 ],
				[ -19.291500091552734, -20.600000381469727, -4.8390998840332031 ],
				[ -19.291500091552734, -20.600000381469727, 54.250701904296875 ],
				[ -19.291500091552734, 20.600000381469727, 54.250701904296875 ],
				[ -19.291500091552734, 20.600000381469727, -4.8390998840332031 ]
			],
			"projected_cuboid": [
				[ -4955.54443359375, 6919.59521484375 ],
				[ 1511.16357421875, -9.3092002868652344 ],
				[ 1511.16357421875, 1125.7357177734375 ],
				[ -4955.54443359375, -5803.16796875 ],
				[ 6918.54736328125, 6919.59423828125 ],
				[ 451.81451416015625, -9.3092002868652344 ],
				[ 451.81451416015625, 1125.7357177734375 ],
				[ 6918.54736328125, -5803.1689453125 ]
			]
		},
		{
			"class": "ExoRomper_Sat",
			"instance_id": 0,
			"visibility": 0.89060002565383911,
			"location": [ -0.78860002756118774, 8.8854999542236328, 41.366500854492188 ],
			"quaternion_xyzw": [ -0.6567000150680542, 0.71299999952316284, -0.1664000004529953, -0.18070000410079956 ],
			"pose_transform": [
				[ -0.013700000010430813, -0.16609999537467957, -0.30779999494552612, 0 ],
				[ -0.025299999862909317, -0.30669999122619629, 0.16670000553131104, 0 ],
				[ 0.34880000352859497, -0.028699999675154686, 0, 0 ],
				[ -0.78860002756118774, 8.8854999542236328, 41.366500854492188, 1 ]
			],
			"cuboid_centroid": [ -0.78860002756118774, 8.8854999542236328, 41.366500854492188 ],
			"projected_cuboid_centroid": [ 953.1102294921875, 879.25048828125 ],
			"bounding_box":
			{
				"top_left": [ 708.74371337890625, 766.75750732421875 ],
				"bottom_right": [ 1023.1359252929688, 1147.7767333984375 ]
			},
			"cuboid": [
				[ 3.674799919128418, 3.9230999946594238, 38.791698455810547 ],
				[ 4.0791001319885254, 8.8311996459960938, 36.124298095703125 ],
				[ -5.5991001129150391, 9.628199577331543, 36.124298095703125 ],
				[ -6.0029001235961914, 4.720099925994873, 38.791698455810547 ],
				[ 4.0225000381469727, 8.1428003311157227, 46.608600616455078 ],
				[ 4.426300048828125, 13.050900459289551, 43.941200256347656 ],
				[ -5.2519998550415039, 13.847900390625, 43.941398620605469 ],
				[ -5.6553001403808594, 8.9398002624511719, 46.608600616455078 ]
			],
			"projected_cuboid": [
				[ 1122.6021728515625, 709.36602783203125 ],
				[ 1149.7135009765625, 923.5941162109375 ],
				[ 750.66632080078125, 956.56988525390625 ],
				[ 750.99542236328125, 740.07421875 ],
				[ 1110.0550537109375, 819.32781982421875 ],
				[ 1131.5594482421875, 1002.1179809570312 ],
				[ 803.48211669921875, 1029.2274169921875 ],
				[ 800.7728271484375, 844.88580322265625 ]
			]
		}
	]
}