{
	"camera_data":
	{
		"location_worldframe": [ 6829.85400390625, 5.6314997673034668, 0 ],
		"quaternion_xyzw_worldframe": [ 0, 0, -0.97500002384185791, 0.22210000455379486 ]
	},
	"objects": [
		{
			"class": "ExoRomper_FullPayload",
			"instance_id": 0,
			"visibility": 0.97369998693466187,
			"location": [ 0.00019999999494757503, 0, 24.705099105834961 ],
			"quaternion_xyzw": [ 0, 0.70709997415542603, 0, 0.70709997415542603 ],
			"pose_transform": [
				[ 1, 0, 0, 0 ],
				[ 0, 0, -1, 0 ],
				[ 0, -1, 0, 0 ],
				[ 0.00019999999494757503, 0, 24.705099105834961, 1 ]
			],
			"cuboid_centroid": [ 0, 0, 24.705099105834961 ],
			"projected_cuboid_centroid": [ 981.49688720703125, 558.21307373046875 ],
			"bounding_box":
			{
				"top_left": [ -4023.95361328125, -4565.97412109375 ],
				"bottom_right": [ 2572.818115234375, 2237.983642578125 ]
			},
			"cuboid": [
				[ 19.291299819946289, -20.600000381469727, -4.8397998809814453 ],
				[ 19.291500091552734, -20.600000381469727, 54.249500274658203 ],
				[ 19.291500091552734, 20.600000381469727, 54.249500274658203 ],
				[ 19.291299819946289, 20.600000381469727, -4.8397998809814453 ],
				[ -19.291299819946289, -20.600000381469727, -4.8403000831604004 ],
				[ -19.291500091552734, -20.600000381469727, 54.25 ],
				[ -19.291500091552734, 20.600000381469727, 54.25 ],
				[ -19.291299819946289, 20.600000381469727, -4.8403000831604004 ]
			],
			"projected_cuboid": [
				[ -4956.23828125, 6920.23779296875 ],
				[ 1511.15869140625, -9.3042001724243164 ],
				[ 1511.15869140625, 1125.730712890625 ],
				[ -4956.23828125, -5803.8115234375 ],
				[ 6919.05126953125, 6920.23779296875 ],
				[ 451.84091186523438, -9.2990999221801758 ],
				[ 451.84091186523438, 1125.7255859375 ],
				[ 6919.05126953125, -5803.8115234375 ]
			]
		},
		{
			"class": "ExoRomper_Sat",
			"instance_id": 0,
			"visibility": 0.95920002460479736,
			"location": [ -1.9616999626159668, 5.5450000762939453, 41.365699768066406 ],
			"quaternion_xyzw": [ 0.32269999384880066, -0.60699999332427979, 0.3409000039100647, 0.64120000600814819 ],
			"pose_transform": [
				[ -0.19550000131130219, -0.28970000147819519, 0.019200000911951065, 0 ],
				[ 0.010700000450015068, 0.015900000929832458, 0.34950000047683716, 0 ],
				[ 0.29010000824928284, -0.19580000638961792, 0, 0 ],
				[ -1.9616999626159668, 5.5450000762939453, 41.365699768066406, 1 ]
			],
			"cuboid_centroid": [ -1.9616999626159668, 5.5450000762939453, 41.365699768066406 ],
			"projected_cuboid_centroid": [ 910.8543701171875, 758.55609130859375 ],
			"bounding_box":
			{
				"top_left": [ 528.91607666015625, 716.0269775390625 ],
				"bottom_right": [ 963.06988525390625, 1145.1060791015625 ]
			},
			"cuboid": [
				[ -0.33370000123977661, -0.72259998321533203, 44.405300140380859 ],
				[ -0.5055999755859375, -0.97710001468658447, 38.812999725341797 ],
				[ -8.5549001693725586, 4.4544000625610352, 38.812999725341797 ],
				[ -8.3835000991821289, 4.708899974822998, 44.404800415039062 ],
				[ 4.6312999725341797, 6.6357002258300781, 43.918498992919922 ],
				[ 4.4597001075744629, 6.381199836730957, 38.325698852539062 ],
				[ -3.5901000499725342, 11.812700271606445, 38.326198577880859 ],
				[ -3.4184999465942383, 12.067099571228027, 43.917999267578125 ]
			],
			"projected_cuboid": [
				[ 970.2919921875, 533.89288330078125 ],
				[ 962.10137939453125, 520.5897216796875 ],
				[ 653.18792724609375, 729.73406982421875 ],
				[ 700.2998046875, 716.70068359375 ],
				[ 1138.5584716796875, 784.0230712890625 ],
				[ 1154.80810546875, 807.05377197265625 ],
				[ 841.96600341796875, 1018.8477783203125 ],
				[ 865.564697265625, 968.85980224609375 ]
			]
		}
	]
}