{
	"camera_data":
	{
		"location_worldframe": [ 6820.4560546875, 12.791500091552734, 0 ],
		"quaternion_xyzw_worldframe": [ 0, 0, -0.76759999990463257, 0.64090001583099365 ]
	},
	"objects": [
		{
			"class": "ExoRomper_FullPayload",
			"instance_id": 0,
			"visibility": 0.98669999837875366,
			"location": [ -0.00050000002374872565, 0, 24.705400466918945 ],
			"quaternion_xyzw": [ 0, 0.70709997415542603, 0, 0.70709997415542603 ],
			"pose_transform": [
				[ 1, 0, 0, 0 ],
				[ 0, 0, -1, 0 ],
				[ 0, -1, 0, 0 ],
				[ -0.00050000002374872565, 0, 24.705400466918945, 1 ]
			],
			"cuboid_centroid": [ -0.00050000002374872565, 0, 24.705299377441406 ],
			"projected_cuboid_centroid": [ 981.4783935546875, 558.21331787109375 ],
			"bounding_box":
			{
				"top_left": [ -4023.58447265625, -4565.529296875 ],
				"bottom_right": [ 2572.65576171875, 2237.962890625 ]
			},
			"cuboid": [
				[ 19.291000366210938, -20.600000381469727, -4.8396000862121582 ],
				[ 19.291000366210938, -20.600000381469727, 54.250400543212891 ],
				[ 19.291000366210938, 20.600000381469727, 54.250400543212891 ],
				[ 19.291000366210938, 20.600000381469727, -4.8396000862121582 ],
				[ -19.291999816894531, -20.600000381469727, -4.8396000862121582 ],
				[ -19.291999816894531, -20.600000381469727, 54.250198364257812 ],
				[ -19.291999816894531, 20.600000381469727, 54.250198364257812 ],
				[ -19.291999816894531, 20.600000381469727, -4.8396000862121582 ]
			],
			"projected_cuboid": [
				[ -4955.54443359375, 6919.59521484375 ],
				[ 1511.1451416015625, -9.3079996109008789 ],
				[ 1511.1451416015625, 1125.7344970703125 ],
				[ -4955.54443359375, -5803.1689453125 ],
				[ 6918.74072265625, 6919.59521484375 ],
				[ 451.831787109375, -9.3092002868652344 ],
				[ 451.831787109375, 1125.7357177734375 ],
				[ 6918.74072265625, -5803.1689453125 ]
			]
		},
		{
			"class": "ExoRomper_Sat",
			"instance_id": 0,
			"visibility": 0.89999997615814209,
			"location": [ -11.23390007019043, 3.3803999423980713, 41.366100311279297 ],
			"quaternion_xyzw": [ 0.21109999716281891, 0.79600000381469727, -0.14540000259876251, 0.54830002784729004 ],
			"pose_transform": [
				[ 0.28400000929832458, -0.16210000216960907, -0.12470000237226486, 0 ],
				[ -0.10830000042915344, 0.061799999326467514, -0.32699999213218689, 0 ],
				[ -0.17350000143051147, -0.30399999022483826, 0, 0 ],
				[ -11.23390007019043, 3.3803999423980713, 41.366100311279297, 1 ]
			],
			"cuboid_centroid": [ -11.23390007019043, 3.3803999423980713, 41.366100311279297 ],
			"projected_cuboid_centroid": [ 576.98468017578125, 680.34912109375 ],
			"bounding_box":
			{
				"top_left": [ 446.77328491210938, 318.88931274414062 ],
				"bottom_right": [ 884.26629638671875, 783.51690673828125 ]
			},
			"cuboid": [
				[ -10.900400161743164, -2.400399923324585, 37.165401458740234 ],
				[ -9.1665000915527344, -3.3896999359130859, 42.398300170898438 ],
				[ -4.3540000915527344, 5.0444998741149902, 42.398300170898438 ],
				[ -6.0869002342224121, 6.0338001251220703, 37.165401458740234 ],
				[ -18.114299774169922, 1.7164000272750854, 40.333900451660156 ],
				[ -16.380899429321289, 0.72699999809265137, 45.566799163818359 ],
				[ -11.567899703979492, 9.1611995697021484, 45.566799163818359 ],
				[ -13.302200317382812, 10.150500297546387, 40.333999633789062 ]
			],
			"projected_cuboid": [
				[ 544.64117431640625, 461.6846923828125 ],
				[ 659.4556884765625, 438.7235107421875 ],
				[ 828.54498291015625, 736.03497314453125 ],
				[ 737.53857421875, 800.85821533203125 ],
				[ 312.52520751953125, 621.8131103515625 ],
				[ 446.03311157226562, 582.05902099609375 ],
				[ 603.36492919921875, 858.697021484375 ],
				[ 490.27069091796875, 934.34112548828125 ]
			]
		}
	]
}