{
	"camera_data":
	{
		"location_worldframe": [ 6829.94140625, -5.4457001686096191, 0 ],
		"quaternion_xyzw_worldframe": [ 0, 0, 0.97670000791549683, 0.21439999341964722 ]
	},
	"objects": [
		{
			"class": "ExoRomper_FullPayload",
			"instance_id": 0,
			"visibility": 0.98669999837875366,
			"location": [ 0.00019999999494757503, 0, 24.705600738525391 ],
			"quaternion_xyzw": [ 0, 0.70709997415542603, 0, 0.70709997415542603 ],
			"pose_transform": [
				[ 1, 0, 0, 0 ],
				[ 0, 0, -1, 0 ],
				[ 0, -1, 0, 0 ],
				[ 0.00019999999494757503, 0, 24.705600738525391, 1 ]
			],
			"cuboid_centroid": [ 0.00019999999494757503, 0, 24.705600738525391 ],
			"projected_cuboid_centroid": [ 981.49688720703125, 558.21337890625 ],
			"bounding_box":
			{
				"top_left": [ -4023.95361328125, -4566.0361328125 ],
				"bottom_right": [ 2572.81689453125, 2237.97314453125 ]
			},
			"cuboid": [
				[ 19.291500091552734, -20.600000381469727, -4.8397998809814453 ],
				[ 19.291500091552734, -20.600000381469727, 54.250499725341797 ],
				[ 19.291500091552734, 20.600000381469727, 54.250499725341797 ],
				[ 19.291500091552734, 20.600000381469727, -4.8397998809814453 ],
				[ -19.291299819946289, -20.600000381469727, -4.8397998809814453 ],
				[ -19.291299819946289, -20.600000381469727, 54.25 ],
				[ -19.291299819946289, 20.600000381469727, 54.25 ],
				[ -19.291299819946289, 20.600000381469727, -4.8397998809814453 ]
			],
			"projected_cuboid": [
				[ -4955.6416015625, 6919.59228515625 ],
				[ 1511.15869140625, -9.3041000366210938 ],
				[ 1511.15869140625, 1125.7305908203125 ],
				[ -4955.6416015625, -5803.169921875 ],
				[ 6918.54736328125, 6919.59228515625 ],
				[ 451.831787109375, -9.3092002868652344 ],
				[ 451.831787109375, 1125.7357177734375 ],
				[ 6918.54736328125, -5803.169921875 ]
			]
		},
		{
			"class": "ExoRomper_Sat",
			"instance_id": 0,
			"visibility": 0.88239997625350952,
			"location": [ -0.79759997129440308, 8.7821998596191406, 41.365200042724609 ],
			"quaternion_xyzw": [ 0.14090000092983246, -0.15530000627040863, 0.65700000524520874, 0.72409999370574951 ],
			"pose_transform": [
				[ -0.013899999670684338, -0.1429000049829483, 0.31920000910758972, 0 ],
				[ 0.030899999663233757, 0.31769999861717224, 0.14350000023841858, 0 ],
				[ 0.34839999675750732, -0.033900000154972076, 0, 0 ],
				[ -0.79759997129440308, 8.7821998596191406, 41.365200042724609, 1 ]
			],
			"cuboid_centroid": [ -0.79759997129440308, 8.7821998596191406, 41.365200042724609 ],
			"projected_cuboid_centroid": [ 952.781494140625, 875.52288818359375 ],
			"bounding_box":
			{
				"top_left": [ 691.78228759765625, 761.485107421875 ],
				"bottom_right": [ 1079.4705810546875, 1152.4171142578125 ]
			},
			"cuboid": [
				[ 4.1059999465942383, 9.0394001007080078, 46.567401885986328 ],
				[ 3.61080002784729, 3.9553999900817871, 44.270500183105469 ],
				[ -6.0542001724243164, 4.8962001800537109, 44.270999908447266 ],
				[ -5.5592999458312988, 9.9801998138427734, 46.567901611328125 ],
				[ 4.4590001106262207, 12.66819953918457, 38.459499359130859 ],
				[ 3.9640998840332031, 7.5841999053955078, 36.162601470947266 ],
				[ -5.7009000778198242, 8.5249004364013672, 36.162601470947266 ],
				[ -5.2060999870300293, 13.609000205993652, 38.459499359130859 ]
			],
			"projected_cuboid": [
				[ 1112.8228759765625, 848.33197021484375 ],
				[ 1102.9844970703125, 691.7484130859375 ],
				[ 777.80889892578125, 723.5067138671875 ],
				[ 803.67578125, 878.522216796875 ],
				[ 1154.19384765625, 1050.509521484375 ],
				[ 1144.764404296875, 871.6602783203125 ],
				[ 746.67962646484375, 910.5416259765625 ],
				[ 779.87347412109375, 1087.0618896484375 ]
			]
		}
	]
}