{
	"camera_data":
	{
		"location_worldframe": [ 6813.42919921875, -12.117500305175781, 0 ],
		"quaternion_xyzw_worldframe": [ 0, 0, 0.56470000743865967, 0.82529997825622559 ]
	},
	"objects": [
		{
			"class": "ExoRomper_FullPayload",
			"instance_id": 0,
			"visibility": 0.98669999837875366,
			"location": [ -0.00050000002374872565, 0, 24.705600738525391 ],
			"quaternion_xyzw": [ 0, 0.70709997415542603, 0, 0.70709997415542603 ],
			"pose_transform": [
				[ 1, 0, 0, 0 ],
				[ 0, 0, -1, 0 ],
				[ 0, -1, 0, 0 ],
				[ -0.00050000002374872565, 0, 24.705600738525391, 1 ]
			],
			"cuboid_centroid": [ -0.00050000002374872565, 0, 24.705299377441406 ],
			"projected_cuboid_centroid": [ 981.4783935546875, 558.21331787109375 ],
			"bounding_box":
			{
				"top_left": [ -4023.51025390625, -4565.31640625 ],
				"bottom_right": [ 2572.623291015625, 2237.99658203125 ]
			},
			"cuboid": [
				[ 19.291000366210938, -20.600000381469727, -4.8396000862121582 ],
				[ 19.291500091552734, -20.600000381469727, 54.25 ],
				[ 19.291500091552734, 20.600000381469727, 54.25 ],
				[ 19.291000366210938, 20.600000381469727, -4.8396000862121582 ],
				[ -19.291000366210938, -20.600000381469727, -4.8397998809814453 ],
				[ -19.291500091552734, -20.600000381469727, 54.250198364257812 ],
				[ -19.291500091552734, 20.600000381469727, 54.250198364257812 ],
				[ -19.291000366210938, 20.600000381469727, -4.8397998809814453 ]
			],
			"projected_cuboid": [
				[ -4955.54443359375, 6919.59423828125 ],
				[ 1511.1661376953125, -9.3118000030517578 ],
				[ 1511.1661376953125, 1125.73828125 ],
				[ -4955.54443359375, -5803.1689453125 ],
				[ 6918.4404296875, 6919.27392578125 ],
				[ 451.81451416015625, -9.3092002868652344 ],
				[ 451.81451416015625, 1125.7357177734375 ],
				[ 6918.4404296875, -5802.8486328125 ]
			]
		},
		{
			"class": "ExoRomper_Sat",
			"instance_id": 0,
			"visibility": 0.89469999074935913,
			"location": [ -12.887200355529785, 4.6888999938964844, 41.364700317382812 ],
			"quaternion_xyzw": [ 0.34679999947547913, 0.79699999094009399, 0.19730000197887421, -0.45350000262260437 ],
			"pose_transform": [
				[ -0.20509999990463257, 0.22020000219345093, -0.17880000174045563, 0 ],
				[ -0.12189999967813492, 0.13079999387264252, 0.30090001225471497, 0 ],
				[ -0.25609999895095825, -0.2386000007390976, 0, 0 ],
				[ -12.887200355529785, 4.6888999938964844, 41.364700317382812, 1 ]
			],
			"cuboid_centroid": [ -12.887200355529785, 4.6888999938964844, 41.364700317382812 ],
			"projected_cuboid_centroid": [ 517.4329833984375, 727.63018798828125 ],
			"bounding_box":
			{
				"top_left": [ 478.52398681640625, 259.72500610351562 ],
				"bottom_right": [ 920.42938232421875, 708.46441650390625 ]
			},
			"cuboid": [
				[ -20.019500732421875, 5.2223000526428223, 41.501499176025391 ],
				[ -18.069799423217773, 3.1289000511169434, 36.687000274658203 ],
				[ -10.963899612426758, 9.7476997375488281, 36.686798095703125 ],
				[ -12.913599967956543, 11.84119987487793, 41.501701354980469 ],
				[ -14.810099601745605, -0.37000000476837158, 46.042701721191406 ],
				[ -12.860400199890137, -2.4633998870849609, 41.228298187255859 ],
				[ -5.7543997764587402, 4.1553997993469238, 41.228000640869141 ],
				[ -7.7051000595092773, 6.2488999366760254, 46.042999267578125 ]
			],
			"projected_cuboid": [
				[ 262.9722900390625, 746.28240966796875 ],
				[ 247.85629272460938, 685.67877197265625 ],
				[ 536.3345947265625, 955.3245849609375 ],
				[ 517.9901123046875, 984.6422119140625 ],
				[ 502.35198974609375, 546.2039794921875 ],
				[ 516.87762451171875, 468.9114990234375 ],
				[ 773.5814208984375, 708.8543701171875 ],
				[ 732.23602294921875, 761.05511474609375 ]
			]
		}
	]
}