{
	"camera_data":
	{
		"location_worldframe": [ 6807.458984375, -7.4148001670837402, 0 ],
		"quaternion_xyzw_worldframe": [ 0, 0, 0.29879999160766602, 0.95429998636245728 ]
	},
	"objects": [
		{
			"class": "ExoRomper_FullPayload",
			"instance_id": 0,
			"visibility": 0.97369998693466187,
			"location": [ -0.00019999999494757503, 0, 24.705099105834961 ],
			"quaternion_xyzw": [ 0, 0.70709997415542603, 0, 0.70709997415542603 ],
			"pose_transform": [
				[ 1, 0, 0, 0 ],
				[ 0, 0, -1, 0 ],
				[ 0, -1, 0, 0 ],
				[ -0.00019999999494757503, 0, 24.705099105834961, 1 ]
			],
			"cuboid_centroid": [ -0.00019999999494757503, 0, 24.705099105834961 ],
			"projected_cuboid_centroid": [ 981.4976806640625, 558.21337890625 ],
			"bounding_box":
			{
				"top_left": [ -4023.362548828125, -4565.19970703125 ],
				"bottom_right": [ 2572.558349609375, 2237.970703125 ]
			},
			"cuboid": [
				[ 19.291299819946289, -20.600000381469727, -4.8397998809814453 ],
				[ 19.291299819946289, -20.600000381469727, 54.249500274658203 ],
				[ 19.291299819946289, 20.600000381469727, 54.249500274658203 ],
				[ 19.291299819946289, 20.600000381469727, -4.8397998809814453 ],
				[ -19.29170036315918, -20.600000381469727, -4.8393998146057129 ],
				[ -19.291500091552734, -20.600000381469727, 54.25 ],
				[ -19.291500091552734, 20.600000381469727, 54.25 ],
				[ -19.29170036315918, 20.600000381469727, -4.8393998146057129 ]
			],
			"projected_cuboid": [
				[ -4955.54443359375, 6919.59765625 ],
				[ 1511.16845703125, -9.3145999908447266 ],
				[ 1511.16845703125, 1125.7408447265625 ],
				[ -4955.54443359375, -5803.16796875 ],
				[ 6918.6435546875, 6919.59765625 ],
				[ 451.82720947265625, -9.3143997192382812 ],
				[ 451.82720947265625, 1125.7408447265625 ],
				[ 6918.6435546875, -5803.16796875 ]
			]
		},
		{
			"class": "ExoRomper_Sat",
			"instance_id": 0,
			"visibility": 0.9375,
			"location": [ -5.4983000755310059, 2.8371000289916992, 41.363800048828125 ],
			"quaternion_xyzw": [ -0.15350000560283661, 0.92290002107620239, 0.057900000363588333, 0.34830000996589661 ],
			"pose_transform": [
				[ 0.21879999339580536, 0.074900001287460327, -0.26269999146461487, 0 ],
				[ -0.24860000610351562, -0.085000000894069672, -0.2312999963760376, 0 ],
				[ 0.11330000311136246, -0.3312000036239624, 0, 0 ],
				[ -5.4983000755310059, 2.8371000289916992, 41.363800048828125, 1 ]
			],
			"cuboid_centroid": [ -5.4980001449584961, 2.8371000289916992, 41.363800048828125 ],
			"projected_cuboid_centroid": [ 783.509521484375, 660.72442626953125 ],
			"bounding_box":
			{
				"top_left": [ 445.82571411132812, 597.65478515625 ],
				"bottom_right": [ 858.6290283203125, 1009.16748046875 ]
			},
			"cuboid": [
				[ -3.1359999179840088, -1.4865000247955322, 36.176799774169922 ],
				[ 0.84179997444152832, -0.12549999356269836, 39.877399444580078 ],
				[ -2.3022000789642334, 9.0622997283935547, 39.877399444580078 ],
				[ -6.2797999382019043, 7.7013001441955566, 36.177200317382812 ],
				[ -8.6937999725341797, -3.3880999088287354, 42.850101470947266 ],
				[ -4.7163000106811523, -2.0271000862121582, 46.550800323486328 ],
				[ -7.8598999977111816, 7.1606998443603516, 46.550800323486328 ],
				[ -11.837400436401367, 5.7996997833251953, 42.850101470947266 ]
			],
			"projected_cuboid": [
				[ 852.39031982421875, 496.8026123046875 ],
				[ 1012.9315795898438, 553.5089111328125 ],
				[ 895.513427734375, 897.85906982421875 ],
				[ 722.93798828125, 876.37347412109375 ],
				[ 679.29437255859375, 440.039306640625 ],
				[ 830.5936279296875, 493.12948608398438 ],
				[ 730.00677490234375, 788.11798095703125 ],
				[ 570.0205078125, 760.5042724609375 ]
			]
		}
	]
}