{
	"camera_data":
	{
		"location_worldframe": [ 6810.68017578125, -10.64840030670166, 0 ],
		"quaternion_xyzw_worldframe": [ 0, 0, 0.46169999241828918, 0.88700002431869507 ]
	},
	"objects": [
		{
			"class": "ExoRomper_FullPayload",
			"instance_id": 0,
			"visibility": 0.96100002527236938,
			"location": [ 0, 0, 24.705099105834961 ],
			"quaternion_xyzw": [ 0, 0.70709997415542603, 0, 0.70709997415542603 ],
			"pose_transform": [
				[ 1, 0, 0, 0 ],
				[ 0, 0, -1, 0 ],
				[ 0, -1, 0, 0 ],
				[ 0, 0, 24.705099105834961, 1 ]
			],
			"cuboid_centroid": [ 0, 0, 24.705099105834961 ],
			"projected_cuboid_centroid": [ 981.51641845703125, 558.21337890625 ],
			"bounding_box":
			{
				"top_left": [ -4023.65966796875, -4565.6181640625 ],
				"bottom_right": [ 2572.687255859375, 2237.960205078125 ]
			},
			"cuboid": [
				[ 19.291000366210938, -20.600000381469727, -4.8397998809814453 ],
				[ 19.291000366210938, -20.600000381469727, 54.250198364257812 ],
				[ 19.291000366210938, 20.600000381469727, 54.250198364257812 ],
				[ 19.291000366210938, 20.600000381469727, -4.8397998809814453 ],
				[ -19.291500091552734, -20.600000381469727, -4.8396000862121582 ],
				[ -19.291500091552734, -20.600000381469727, 54.25 ],
				[ -19.291500091552734, 20.600000381469727, 54.25 ],
				[ -19.291500091552734, 20.600000381469727, -4.8396000862121582 ]
			],
			"projected_cuboid": [
				[ -4955.73828125, 6919.59423828125 ],
				[ 1511.1611328125, -9.3066997528076172 ],
				[ 1511.1611328125, 1125.733154296875 ],
				[ -4955.73828125, -5803.17041015625 ],
				[ 6918.654296875, 6919.91650390625 ],
				[ 451.84909057617188, -9.3092002868652344 ],
				[ 451.84909057617188, 1125.7359619140625 ],
				[ 6918.654296875, -5803.49072265625 ]
			]
		},
		{
			"class": "ExoRomper_Sat",
			"instance_id": 0,
			"visibility": 0.96079999208450317,
			"location": [ -6.4214000701904297, 2.5903000831604004, 41.364299774169922 ],
			"quaternion_xyzw": [ -0.088899999856948853, 0.9179999828338623, 0.037300001829862595, 0.38470000028610229 ],
			"pose_transform": [
				[ 0.24490000307559967, 0.047899998724460602, -0.24539999663829803, 0 ],
				[ -0.24089999496936798, -0.047100000083446503, -0.24950000643730164, 0 ],
				[ 0.067100003361701965, -0.34349998831748962, 0, 0 ],
				[ -6.4214000701904297, 2.5903000831604004, 41.364299774169922, 1 ]
			],
			"cuboid_centroid": [ -6.4214000701904297, 2.5903000831604004, 41.364299774169922 ],
			"projected_cuboid_centroid": [ 750.285400390625, 651.80499267578125 ],
			"bounding_box":
			{
				"top_left": [ 450.09060668945312, 562.7822265625 ],
				"bottom_right": [ 842.67681884765625, 963.26171875 ]
			},
			"cuboid": [
				[ -4.3066000938415527, -1.943600058555603, 36.250701904296875 ],
				[ -0.45260000228881836, -1.1901999711990356, 40.244098663330078 ],
				[ -2.3159000873565674, 8.3402004241943359, 40.243900299072266 ],
				[ -6.1694002151489258, 7.5866999626159668, 36.250701904296875 ],
				[ -10.527299880981445, -3.1596000194549561, 42.484600067138672 ],
				[ -6.6729001998901367, -2.4061999320983887, 46.477798461914062 ],
				[ -8.5355997085571289, 7.1241998672485352, 46.477500915527344 ],
				[ -12.39009952545166, 6.3706998825073242, 42.484401702880859 ]
			],
			"projected_cuboid": [
				[ 804.54632568359375, 478.08041381835938 ],
				[ 964.7523193359375, 514.01287841796875 ],
				[ 895.82098388671875, 867.948974609375 ],
				[ 727.99761962890625, 871.0023193359375 ],
				[ 612.42572021484375, 447.060791015625 ],
				[ 767.67022705078125, 480.8385009765625 ],
				[ 707.9630126953125, 787.30401611328125 ],
				[ 547.12762451171875, 782.33111572265625 ]
			]
		}
	]
}