{
	"camera_data":
	{
		"location_worldframe": [ 6831.08984375, 1.1080000400543213, 0 ],
		"quaternion_xyzw_worldframe": [ 0, 0, -0.99910002946853638, 0.042700000107288361 ]
	},
	"objects": [
		{
			"class": "ExoRomper_FullPayload",
			"instance_id": 0,
			"visibility": 0.98669999837875366,
			"location": [ 0, 0, 24.704599380493164 ],
			"quaternion_xyzw": [ 0, 0.70709997415542603, 0, 0.70709997415542603 ],
			"pose_transform": [
				[ 1, 0, 0, 0 ],
				[ 0, 0, -1, 0 ],
				[ 0, -1, 0, 0 ],
				[ 0, 0, 24.704599380493164, 1 ]
			],
			"cuboid_centroid": [ 0, 0, 24.704599380493164 ],
			"projected_cuboid_centroid": [ 981.49737548828125, 558.21307373046875 ],
			"bounding_box":
			{
				"top_left": [ -4023.657470703125, -4565.59521484375 ],
				"bottom_right": [ 2572.688232421875, 2237.96484375 ]
			},
			"cuboid": [
				[ 19.291400909423828, -20.600000381469727, -4.8403000831604004 ],
				[ 19.291400909423828, -20.600000381469727, 54.249500274658203 ],
				[ 19.291400909423828, 20.600000381469727, 54.249500274658203 ],
				[ 19.291400909423828, 20.600000381469727, -4.8403000831604004 ],
				[ -19.291299819946289, -20.600000381469727, -4.8407998085021973 ],
				[ -19.291299819946289, -20.600000381469727, 54.25 ],
				[ -19.291299819946289, 20.600000381469727, 54.25 ],
				[ -19.291299819946289, 20.600000381469727, -4.8407998085021973 ]
			],
			"projected_cuboid": [
				[ -4955.5927734375, 6919.59619140625 ],
				[ 1511.16357421875, -9.309300422668457 ],
				[ 1511.16357421875, 1125.7354736328125 ],
				[ -4955.5927734375, -5803.166015625 ],
				[ 6917.93408203125, 6918.953125 ],
				[ 451.82958984375, -9.309300422668457 ],
				[ 451.82958984375, 1125.7354736328125 ],
				[ 6917.93408203125, -5802.5263671875 ]
			]
		},
		{
			"class": "ExoRomper_Sat",
			"instance_id": 0,
			"visibility": 0.98180001974105835,
			"location": [ -8.6059999465942383, 2.5113999843597412, 41.364700317382812 ],
			"quaternion_xyzw": [ 0.054000001400709152, 0.89410001039505005, 0.026799999177455902, -0.44380000233650208 ],
			"pose_transform": [
				[ -0.2768000066280365, 0.033500000834465027, -0.21160000562667847, 0 ],
				[ -0.21009999513626099, 0.025499999523162842, 0.27880001068115234, 0 ],
				[ -0.042100001126527786, -0.34749999642372131, 0, 0 ],
				[ -8.6059999465942383, 2.5113999843597412, 41.364700317382812, 1 ]
			],
			"cuboid_centroid": [ -8.6059999465942383, 2.5113999843597412, 41.364700317382812 ],
			"projected_cuboid_centroid": [ 671.60821533203125, 648.9539794921875 ],
			"bounding_box":
			{
				"top_left": [ 454.8507080078125, 457.9193115234375 ],
				"bottom_right": [ 843.1505126953125, 871.19342041015625 ]
			},
			"cuboid": [
				[ -14.385600090026855, -1.6792000532150269, 40.907699584960938 ],
				[ -11.023900032043457, -2.0864999294281006, 36.446800231933594 ],
				[ -9.8559999465942383, 7.553800106048584, 36.446800231933594 ],
				[ -13.217700004577637, 7.9609999656677246, 40.907199859619141 ],
				[ -7.3558998107910156, -2.5309000015258789, 46.282699584960938 ],
				[ -3.9942998886108398, -2.9381999969482422, 41.821800231933594 ],
				[ -2.8264000415802002, 6.7020998001098633, 41.821300506591797 ],
				[ -6.1880002021789551, 7.1093997955322266, 46.282699584960938 ]
			],
			"projected_cuboid": [
				[ 457.70730590820312, 496.86318969726562 ],
				[ 530.9796142578125, 472.65328979492188 ],
				[ 578.7100830078125, 867.96502685546875 ],
				[ 500.22610473632812, 849.07061767578125 ],
				[ 744.76507568359375, 476.48638916015625 ],
				[ 839.2406005859375, 453.2135009765625 ],
				[ 880.83587646484375, 797.7235107421875 ],
				[ 782.353515625, 787.7874755859375 ]
			]
		}
	]
}