{
	"camera_data":
	{
		"location_worldframe": [ 6821.60546875, -12.528800010681152, 0 ],
		"quaternion_xyzw_worldframe": [ 0, 0, 0.79589998722076416, 0.6054999828338623 ]
	},
	"objects": [
		{
			"class": "ExoRomper_FullPayload",
			"instance_id": 0,
			"visibility": 0.97369998693466187,
			"location": [ -0.00050000002374872565, 0, 24.704999923706055 ],
			"quaternion_xyzw": [ 0, 0.70709997415542603, 0, 0.70709997415542603 ],
			"pose_transform": [
				[ 1, 0, 0, 0 ],
				[ 0, 0, -1, 0 ],
				[ 0, -1, 0, 0 ],
				[ -0.00050000002374872565, 0, 24.704999923706055, 1 ]
			],
			"cuboid_centroid": [ -0.00050000002374872565, 0, 24.704799652099609 ],
			"projected_cuboid_centroid": [ 981.51617431640625, 558.21331787109375 ],
			"bounding_box":
			{
				"top_left": [ -4023.58447265625, -4565.4052734375 ],
				"bottom_right": [ 2572.655517578125, 2237.96826171875 ]
			},
			"cuboid": [
				[ 19.291000366210938, -20.600000381469727, -4.8400001525878906 ],
				[ 19.291500091552734, -20.600000381469727, 54.249900817871094 ],
				[ 19.291500091552734, 20.600000381469727, 54.249900817871094 ],
				[ 19.291000366210938, 20.600000381469727, -4.8400001525878906 ],
				[ -19.291500091552734, -20.600000381469727, -4.8400001525878906 ],
				[ -19.291999816894531, -20.600000381469727, 54.249801635742188 ],
				[ -19.291999816894531, 20.600000381469727, 54.249801635742188 ],
				[ -19.291500091552734, 20.600000381469727, -4.8400001525878906 ]
			],
			"projected_cuboid": [
				[ -4956.037109375, 6919.91650390625 ],
				[ 1511.162353515625, -9.3079996109008789 ],
				[ 1511.162353515625, 1125.7344970703125 ],
				[ -4956.037109375, -5803.490234375 ],
				[ 6918.697265625, 6919.75634765625 ],
				[ 451.81570434570312, -9.3079996109008789 ],
				[ 451.81570434570312, 1125.7344970703125 ],
				[ 6918.697265625, -5803.3291015625 ]
			]
		},
		{
			"class": "ExoRomper_Sat",
			"instance_id": 0,
			"visibility": 0.9179999828338623,
			"location": [ -0.85060000419616699, 8.3680000305175781, 41.364898681640625 ],
			"quaternion_xyzw": [ -0.63580000400543213, 0.74409997463226318, 0.13320000469684601, 0.15579999983310699 ],
			"pose_transform": [
				[ 0.021900000050663948, 0.13869999349117279, -0.3206000030040741, 0 ],
				[ -0.05000000074505806, -0.31670001149177551, -0.14040000736713409, 0 ],
				[ 0.34569999575614929, -0.054600000381469727, 0, 0 ],
				[ -0.85060000419616699, 8.3680000305175781, 41.364898681640625, 1 ]
			],
			"cuboid_centroid": [ -0.85060000419616699, 8.3680000305175781, 41.365001678466797 ],
			"projected_cuboid_centroid": [ 950.86639404296875, 860.5582275390625 ],
			"bounding_box":
			{
				"top_left": [ 670.59710693359375, 758.86376953125 ],
				"bottom_right": [ 1065.9617919921875, 1157.610595703125 ]
			},
			"cuboid": [
				[ 3.823699951171875, 6.8386001586914062, 36.1697998046875 ],
				[ 4.6244997978210449, 11.905799865722656, 38.417098999023438 ],
				[ -4.9672999382019043, 13.420900344848633, 38.417198181152344 ],
				[ -5.7680997848510742, 8.3536996841430664, 36.1697998046875 ],
				[ 3.2671000957489014, 3.3150999546051025, 44.312698364257812 ],
				[ 4.0679001808166504, 8.3823003768920898, 46.559898376464844 ],
				[ -5.5244002342224121, 9.89739990234375, 46.560100555419922 ],
				[ -6.324699878692627, 4.8302001953125, 44.312698364257812 ]
			],
			"projected_cuboid": [
				[ 1138.9722900390625, 840.78912353515625 ],
				[ 1160.8118896484375, 1021.3895874023438 ],
				[ 788.88702392578125, 1080.33056640625 ],
				[ 743.98980712890625, 903.39288330078125 ],
				[ 1091.3172607421875, 670.0233154296875 ],
				[ 1111.6177978515625, 827.2822265625 ],
				[ 804.7783203125, 875.91558837890625 ],
				[ 768.9166259765625, 721.12371826171875 ]
			]
		}
	]
}