{
	"camera_data":
	{
		"location_worldframe": [ 6830.9365234375, -2.2762999534606934, 0 ],
		"quaternion_xyzw_worldframe": [ 0, 0, 0.99610000848770142, 0.08789999783039093 ]
	},
	"objects": [
		{
			"class": "ExoRomper_FullPayload",
			"instance_id": 0,
			"visibility": 0.97369998693466187,
			"location": [ 0, 0, 24.705099105834961 ],
			"quaternion_xyzw": [ 0, 0.70709997415542603, 0, 0.70709997415542603 ],
			"pose_transform": [
				[ 1, 0, 0, 0 ],
				[ 0, 0, -1, 0 ],
				[ 0, -1, 0, 0 ],
				[ 0, 0, 24.705099105834961, 1 ]
			],
			"cuboid_centroid": [ 0, 0, 24.705099105834961 ],
			"projected_cuboid_centroid": [ 981.5020751953125, 558.21307373046875 ],
			"bounding_box":
			{
				"top_left": [ -4023.36181640625, -4565.24658203125 ],
				"bottom_right": [ 2572.558349609375, 2237.962890625 ]
			},
			"cuboid": [
				[ 19.291400909423828, -20.600000381469727, -4.8397998809814453 ],
				[ 19.291400909423828, -20.600000381469727, 54.25 ],
				[ 19.291400909423828, 20.600000381469727, 54.25 ],
				[ 19.291400909423828, 20.600000381469727, -4.8397998809814453 ],
				[ -19.291299819946289, -20.600000381469727, -4.8393998146057129 ],
				[ -19.291400909423828, -20.600000381469727, 54.25 ],
				[ -19.291400909423828, 20.600000381469727, 54.25 ],
				[ -19.291299819946289, 20.600000381469727, -4.8393998146057129 ]
			],
			"projected_cuboid": [
				[ -4955.5927734375, 6919.59619140625 ],
				[ 1511.165771484375, -9.309300422668457 ],
				[ 1511.165771484375, 1125.7354736328125 ],
				[ -4955.5927734375, -5803.166015625 ],
				[ 6918.49853515625, 6919.59619140625 ],
				[ 451.831787109375, -9.309300422668457 ],
				[ 451.831787109375, 1125.7354736328125 ],
				[ 6918.49853515625, -5803.166015625 ]
			]
		},
		{
			"class": "ExoRomper_Sat",
			"instance_id": 0,
			"visibility": 0.88679999113082886,
			"location": [ -0.95719999074935913, 7.8291001319885254, 41.365699768066406 ],
			"quaternion_xyzw": [ 0.29120001196861267, -0.36930000782012939, 0.54650002717971802, 0.69290000200271606 ],
			"pose_transform": [
				[ -0.067699998617172241, -0.2824999988079071, 0.19519999623298645, 0 ],
				[ 0.045499999076128006, 0.18979999423027039, 0.2904999852180481, 0 ],
				[ 0.34040001034736633, -0.081600002944469452, 0, 0 ],
				[ -0.95719999074935913, 7.8291001319885254, 41.365699768066406, 1 ]
			],
			"cuboid_centroid": [ -0.95719999074935913, 7.8291001319885254, 41.365699768066406 ],
			"projected_cuboid_centroid": [ 947.03619384765625, 841.08782958984375 ],
			"bounding_box":
			{
				"top_left": [ 617.62359619140625, 751.9678955078125 ],
				"bottom_right": [ 1047.908203125, 1158.4727783203125 ]
			},
			"cuboid": [
				[ 3.2686998844146729, 4.6283001899719238, 46.168899536132812 ],
				[ 2.5408999919891357, 1.590999960899353, 41.520000457763672 ],
				[ -6.9025001525878906, 3.8538000583648682, 41.520000457763672 ],
				[ -6.1746997833251953, 6.8910999298095703, 46.168899536132812 ],
				[ 4.9882998466491699, 11.804499626159668, 41.211399078369141 ],
				[ 4.2604999542236328, 8.7672004699707031, 36.5625 ],
				[ -5.1830000877380371, 11.029999732971191, 36.562000274658203 ],
				[ -4.4551000595092773, 14.067299842834473, 41.210899353027344 ]
			],
			"projected_cuboid": [
				[ 1086.9534912109375, 708.039306640625 ],
				[ 1072.6502685546875, 615.48297119140625 ],
				[ 733.8751220703125, 696.936279296875 ],
				[ 782.290771484375, 781.2896728515625 ],
				[ 1161.79052734375, 986.3167724609375 ],
				[ 1155.0667724609375, 916.5941162109375 ],
				[ 770.3499755859375, 1009.0933837890625 ],
				[ 820.475830078125, 1068.381591796875 ]
			]
		}
	]
}