{
	"camera_data":
	{
		"location_worldframe": [ 6830.12646484375, 5.0257000923156738, 0 ],
		"quaternion_xyzw_worldframe": [ 0, 0, -0.98040002584457397, 0.19720000028610229 ]
	},
	"objects": [
		{
			"class": "ExoRomper_FullPayload",
			"instance_id": 0,
			"visibility": 0.98669999837875366,
			"location": [ 0, 0, 24.705099105834961 ],
			"quaternion_xyzw": [ 0, 0.70709997415542603, 0, 0.70709997415542603 ],
			"pose_transform": [
				[ 1, 0, 0, 0 ],
				[ 0, 0, -1, 0 ],
				[ 0, -1, 0, 0 ],
				[ 0, 0, 24.705099105834961, 1 ]
			],
			"cuboid_centroid": [ 0.00019999999494757503, 0, 24.704599380493164 ],
			"projected_cuboid_centroid": [ 981.4879150390625, 558.21368408203125 ],
			"bounding_box":
			{
				"top_left": [ -4023.6611328125, -4565.55615234375 ],
				"bottom_right": [ 2572.68603515625, 2237.98095703125 ]
			},
			"cuboid": [
				[ 19.291500091552734, -20.600000381469727, -4.8403000831604004 ],
				[ 19.291500091552734, -20.600000381469727, 54.249500274658203 ],
				[ 19.291500091552734, 20.600000381469727, 54.249500274658203 ],
				[ 19.291500091552734, 20.600000381469727, -4.8403000831604004 ],
				[ -19.291000366210938, -20.600000381469727, -4.8407998085021973 ],
				[ -19.291299819946289, -20.600000381469727, 54.25 ],
				[ -19.291299819946289, 20.600000381469727, 54.25 ],
				[ -19.291000366210938, 20.600000381469727, -4.8407998085021973 ]
			],
			"projected_cuboid": [
				[ -4956.0927734375, 6920.23779296875 ],
				[ 1511.1593017578125, -9.3092002868652344 ],
				[ 1511.1593017578125, 1125.7359619140625 ],
				[ -4956.0927734375, -5803.8115234375 ],
				[ 6918.59521484375, 6919.59619140625 ],
				[ 451.82769775390625, -9.3041000366210938 ],
				[ 451.82769775390625, 1125.7308349609375 ],
				[ 6918.59521484375, -5803.169921875 ]
			]
		},
		{
			"class": "ExoRomper_Sat",
			"instance_id": 0,
			"visibility": 0.9090999960899353,
			"location": [ -12.256600379943848, 4.0925998687744141, 41.364700317382812 ],
			"quaternion_xyzw": [ 0.30910000205039978, 0.85089999437332153, 0.14509999752044678, -0.39930000901222229 ],
			"pose_transform": [
				[ -0.20649999380111694, 0.17280000448226929, -0.22360000014305115, 0 ],
				[ -0.17149999737739563, 0.14350000023841858, 0.26919999718666077, 0 ],
				[ -0.22460000216960907, -0.26840001344680786, 0, 0 ],
				[ -12.256600379943848, 4.0925998687744141, 41.364700317382812, 1 ]
			],
			"cuboid_centroid": [ -12.256600379943848, 4.0925998687744141, 41.364700317382812 ],
			"projected_cuboid_centroid": [ 540.1387939453125, 706.08380126953125 ],
			"bounding_box":
			{
				"top_left": [ 463.41400146484375, 281.24139404296875 ],
				"bottom_right": [ 902.05352783203125, 740.83331298828125 ]
			},
			"cuboid": [
				[ -19.36720085144043, 3.7123000621795654, 40.678699493408203 ],
				[ -16.622800827026367, 1.4153000116348267, 36.371101379394531 ],
				[ -10.389900207519531, 8.8620004653930664, 36.371101379394531 ],
				[ -13.134499549865723, 11.158900260925293, 40.678699493408203 ],
				[ -14.123299598693848, -0.67669999599456787, 46.359401702880859 ],
				[ -11.378700256347656, -2.9737000465393066, 42.051300048828125 ],
				[ -5.1462001800537109, 4.4730000495910645, 42.051300048828125 ],
				[ -7.8906002044677734, 6.769899845123291, 46.359901428222656 ]
			],
			"projected_cuboid": [
				[ 272.3424072265625, 694.60382080078125 ],
				[ 300.74349975585938, 616.36981201171875 ],
				[ 555.98651123046875, 922.3660888671875 ],
				[ 500.55709838867188, 968.19708251953125 ],
				[ 527.7244873046875, 536.39617919921875 ],
				[ 578.44451904296875, 452.52398681640625 ],
				[ 799.20477294921875, 717.18768310546875 ],
				[ 727.97247314453125, 776.4630126953125 ]
			]
		}
	]
}