{
	"camera_data":
	{
		"location_worldframe": [ 6829.5556640625, 6.2143998146057129, 0 ],
		"quaternion_xyzw_worldframe": [ 0, 0, -0.96909999847412109, 0.24660000205039978 ]
	},
	"objects": [
		{
			"class": "ExoRomper_FullPayload",
			"instance_id": 0,
			"visibility": 0.97369998693466187,
			"location": [ 0.00019999999494757503, 0, 24.705600738525391 ],
			"quaternion_xyzw": [ 0, 0.70709997415542603, 0, 0.70709997415542603 ],
			"pose_transform": [
				[ 1, 0, 0, 0 ],
				[ 0, 0, -1, 0 ],
				[ 0, -1, 0, 0 ],
				[ 0.00019999999494757503, 0, 24.705600738525391, 1 ]
			],
			"cuboid_centroid": [ 0.00019999999494757503, 0, 24.705600738525391 ],
			"projected_cuboid_centroid": [ 981.49737548828125, 558.21337890625 ],
			"bounding_box":
			{
				"top_left": [ -4023.364501953125, -4565.26171875 ],
				"bottom_right": [ 2572.55615234375, 2237.97314453125 ]
			},
			"cuboid": [
				[ 19.291500091552734, -20.600000381469727, -4.8393998146057129 ],
				[ 19.291500091552734, -20.600000381469727, 54.250499725341797 ],
				[ 19.291500091552734, 20.600000381469727, 54.250499725341797 ],
				[ 19.291500091552734, 20.600000381469727, -4.8393998146057129 ],
				[ -19.291299819946289, -20.600000381469727, -4.8397998809814453 ],
				[ -19.291299819946289, -20.600000381469727, 54.250499725341797 ],
				[ -19.291299819946289, 20.600000381469727, 54.250499725341797 ],
				[ -19.291299819946289, 20.600000381469727, -4.8397998809814453 ]
			],
			"projected_cuboid": [
				[ -4956.1416015625, 6920.23779296875 ],
				[ 1511.16357421875, -9.3092002868652344 ],
				[ 1511.16357421875, 1125.7357177734375 ],
				[ -4956.1416015625, -5803.8076171875 ],
				[ 6917.849609375, 6918.95068359375 ],
				[ 451.831787109375, -9.3090000152587891 ],
				[ 451.831787109375, 1125.7357177734375 ],
				[ 6917.849609375, -5802.52880859375 ]
			]
		},
		{
			"class": "ExoRomper_Sat",
			"instance_id": 0,
			"visibility": 0.83819997310638428,
			"location": [ -14.581100463867188, 7.8723998069763184, 41.366199493408203 ],
			"quaternion_xyzw": [ 0.21879999339580536, 0.27559998631477356, -0.5820000171661377, 0.73309999704360962 ],
			"pose_transform": [
				[ 0.052299998700618744, -0.22450000047683716, 0.26330000162124634, 0 ],
				[ 0.059700001031160355, -0.2565000057220459, -0.23059999942779541, 0 ],
				[ -0.3409000039100647, -0.079400002956390381, 0, 0 ],
				[ -14.581100463867188, 7.8723998069763184, 41.366199493408203, 1 ]
			],
			"cuboid_centroid": [ -14.581100463867188, 7.8723998069763184, 41.366199493408203 ],
			"projected_cuboid_centroid": [ 456.45269775390625, 842.6448974609375 ],
			"bounding_box":
			{
				"top_left": [ 625.0408935546875, 190.41020202636719 ],
				"bottom_right": [ 1057.89990234375, 649.84857177734375 ]
			},
			"cuboid": [
				[ -18.167699813842773, 1.8672000169754028, 42.865699768066406 ],
				[ -19.123800277709961, 5.9711999893188477, 46.555698394775391 ],
				[ -9.6662998199462891, 8.1742000579833984, 46.555198669433594 ],
				[ -8.710200309753418, 4.0701999664306641, 42.865699768066406 ],
				[ -19.496299743652344, 7.5706000328063965, 36.177200317382812 ],
				[ -20.45210075378418, 11.674599647521973, 39.866199493408203 ],
				[ -10.994600296020508, 13.877599716186523, 39.86669921875 ],
				[ -10.038800239562988, 9.7735996246337891, 36.177200317382812 ]
			],
			"projected_cuboid": [
				[ 350.1964111328125, 623.3167724609375 ],
				[ 369.64199829101562, 749.90771484375 ],
				[ 672.23358154296875, 820.63531494140625 ],
				[ 678.8311767578125, 700.12750244140625 ],
				[ 178.78120422363281, 870.971923828125 ],
				[ 217.33889770507812, 995.894287109375 ],
				[ 570.7017822265625, 1078.4796142578125 ],
				[ 568.17388916015625, 961.990478515625 ]
			]
		}
	]
}