{
	"camera_data":
	{
		"location_worldframe": [ 6825.1533203125, -10.944199562072754, 0 ],
		"quaternion_xyzw_worldframe": [ 0, 0, 0.8773999810218811, 0.4796999990940094 ]
	},
	"objects": [
		{
			"class": "ExoRomper_FullPayload",
			"instance_id": 0,
			"visibility": 0.98669999837875366,
			"location": [ 0.00050000002374872565, 0, 24.705099105834961 ],
			"quaternion_xyzw": [ 0, 0.70709997415542603, 0, 0.70709997415542603 ],
			"pose_transform": [
				[ 1, 0, 0, 0 ],
				[ 0, 0, -1, 0 ],
				[ 0, -1, 0, 0 ],
				[ 0.00050000002374872565, 0, 24.705099105834961, 1 ]
			],
			"cuboid_centroid": [ 0.00050000002374872565, 0, 24.705099105834961 ],
			"projected_cuboid_centroid": [ 981.51641845703125, 558.21331787109375 ],
			"bounding_box":
			{
				"top_left": [ -4023.363525390625, -4565.1376953125 ],
				"bottom_right": [ 2572.55712890625, 2237.970703125 ]
			},
			"cuboid": [
				[ 19.291999816894531, -20.600000381469727, -4.8403000831604004 ],
				[ 19.291500091552734, -20.600000381469727, 54.249801635742188 ],
				[ 19.291500091552734, 20.600000381469727, 54.249801635742188 ],
				[ 19.291999816894531, 20.600000381469727, -4.8403000831604004 ],
				[ -19.291000366210938, -20.600000381469727, -4.8400998115539551 ],
				[ -19.290500640869141, -20.600000381469727, 54.249801635742188 ],
				[ -19.290500640869141, 20.600000381469727, 54.249801635742188 ],
				[ -19.291000366210938, 20.600000381469727, -4.8400998115539551 ]
			],
			"projected_cuboid": [
				[ -4955.54443359375, 6919.59619140625 ],
				[ 1511.1488037109375, -9.3118000030517578 ],
				[ 1511.1488037109375, 1125.73828125 ],
				[ -4955.54443359375, -5803.16796875 ],
				[ 6918.24658203125, 6919.27392578125 ],
				[ 451.831787109375, -9.309300422668457 ],
				[ 451.831787109375, 1125.7357177734375 ],
				[ 6918.24658203125, -5802.84912109375 ]
			]
		},
		{
			"class": "ExoRomper_Sat",
			"instance_id": 0,
			"visibility": 0.84380000829696655,
			"location": [ -14.090800285339355, 6.4681000709533691, 41.365200042724609 ],
			"quaternion_xyzw": [ 0.45109999179840088, 0.71230000257492065, -0.28760001063346863, 0.45419999957084656 ],
			"pose_transform": [
				[ 0.13560000061988831, -0.28690001368522644, -0.1476999968290329, 0 ],
				[ -0.063100002706050873, 0.13349999487400055, -0.31729999184608459, 0 ],
				[ -0.31639999151229858, -0.14959999918937683, 0, 0 ],
				[ -14.090800285339355, 6.4681000709533691, 41.365200042724609, 1 ]
			],
			"cuboid_centroid": [ -14.090800285339355, 6.4681000709533691, 41.365200042724609 ],
			"projected_cuboid_centroid": [ 474.08468627929688, 791.91278076171875 ],
			"bounding_box":
			{
				"top_left": [ 552.18792724609375, 235.66059875488281 ],
				"bottom_right": [ 1005.7210083007812, 676.6046142578125 ]
			},
			"cuboid": [
				[ -17.262199401855469, 1.8174999952316284, 36.950698852539062 ],
				[ -16.252399444580078, -0.31880000233650208, 42.028301239013672 ],
				[ -7.473599910736084, 3.8324000835418701, 42.028598785400391 ],
				[ -8.4839000701904297, 5.968599796295166, 36.950698852539062 ],
				[ -20.708000183105469, 9.1038999557495117, 40.701698303222656 ],
				[ -19.697799682617188, 6.9675998687744141, 45.779300689697266 ],
				[ -10.918899536132812, 11.11870002746582, 45.779499053955078 ],
				[ -11.92870044708252, 13.255000114440918, 40.701698303222656 ]
			],
			"projected_cuboid": [
				[ 285.59600830078125, 631.72601318359375 ],
				[ 405.48550415039062, 546.8765869140625 ],
				[ 716.5941162109375, 694.49481201171875 ],
				[ 639.47991943359375, 799.63037109375 ],
				[ 223.64340209960938, 892.5081787109375 ],
				[ 340.56390380859375, 785.684814453125 ],
				[ 626.200927734375, 921.205810546875 ],
				[ 544.9166259765625, 1044.935791015625 ]
			]
		}
	]
}