{
	"camera_data":
	{
		"location_worldframe": [ 6806.24609375, -5.2540998458862305, 0 ],
		"quaternion_xyzw_worldframe": [ 0, 0, 0.20649999380111694, 0.97839999198913574 ]
	},
	"objects": [
		{
			"class": "ExoRomper_FullPayload",
			"instance_id": 0,
			"visibility": 0.98669999837875366,
			"location": [ 0, 0, 24.705600738525391 ],
			"quaternion_xyzw": [ 0, 0.70709997415542603, 0, 0.70709997415542603 ],
			"pose_transform": [
				[ 1, 0, 0, 0 ],
				[ 0, 0, -1, 0 ],
				[ 0, -1, 0, 0 ],
				[ 0, 0, 24.705600738525391, 1 ]
			],
			"cuboid_centroid": [ 0, 0, 24.705600738525391 ],
			"projected_cuboid_centroid": [ 981.4779052734375, 558.21270751953125 ],
			"bounding_box":
			{
				"top_left": [ -4023.657470703125, -4565.55615234375 ],
				"bottom_right": [ 2572.688232421875, 2237.98095703125 ]
			},
			"cuboid": [
				[ 19.291299819946289, -20.600000381469727, -4.8393998146057129 ],
				[ 19.291299819946289, -20.600000381469727, 54.250499725341797 ],
				[ 19.291299819946289, 20.600000381469727, 54.250499725341797 ],
				[ 19.291299819946289, 20.600000381469727, -4.8393998146057129 ],
				[ -19.29170036315918, -20.600000381469727, -4.8393998146057129 ],
				[ -19.291500091552734, -20.600000381469727, 54.250499725341797 ],
				[ -19.291500091552734, 20.600000381469727, 54.250499725341797 ],
				[ -19.29170036315918, 20.600000381469727, -4.8393998146057129 ]
			],
			"projected_cuboid": [
				[ -4955.54443359375, 6919.59423828125 ],
				[ 1511.16357421875, -9.309300422668457 ],
				[ 1511.16357421875, 1125.7354736328125 ],
				[ -4955.54443359375, -5803.16796875 ],
				[ 6919.1484375, 6920.23779296875 ],
				[ 451.82769775390625, -9.3042001724243164 ],
				[ 451.82769775390625, 1125.7303466796875 ],
				[ 6919.1484375, -5803.8076171875 ]
			]
		},
		{
			"class": "ExoRomper_Sat",
			"instance_id": 0,
			"visibility": 0.88370001316070557,
			"location": [ -2.3052000999450684, 5.0791001319885254, 41.363800048828125 ],
			"quaternion_xyzw": [ 0.17229999601840973, -0.35910001397132874, 0.39669999480247498, 0.82700002193450928 ],
			"pose_transform": [
				[ -0.16009999811649323, -0.19939999282360077, 0.23899999260902405, 0 ],
				[ 0.14959999918937683, 0.18639999628067017, 0.25569999217987061, 0 ],
				[ 0.27300000190734863, -0.21909999847412109, 0, 0 ],
				[ -2.3052000999450684, 5.0791001319885254, 41.363800048828125, 1 ]
			],
			"cuboid_centroid": [ -2.3052000999450684, 5.0791001319885254, 41.363800048828125 ],
			"projected_cuboid_centroid": [ 898.49908447265625, 741.73406982421875 ],
			"bounding_box":
			{
				"top_left": [ 496.7261962890625, 698.8314208984375 ],
				"bottom_right": [ 948.46221923828125, 1143.8243408203125 ]
			},
			"cuboid": [
				[ 0.64550000429153442, 0.99809998273849487, 46.444801330566406 ],
				[ -1.7480000257492065, -1.9838999509811401, 42.352500915527344 ],
				[ -9.3212995529174805, 4.0942001342773438, 42.352500915527344 ],
				[ -6.9279999732971191, 7.0763001441955566, 46.444801330566406 ],
				[ 4.7112002372741699, 6.064000129699707, 40.375499725341797 ],
				[ 2.3176000118255615, 3.0820000171661377, 36.283199310302734 ],
				[ -5.2554001808166504, 9.1602001190185547, 36.283199310302734 ],
				[ -2.8620998859405518, 12.142200469970703, 40.375499725341797 ]
			],
			"projected_cuboid": [
				[ 1002.1870727539062, 590.33209228515625 ],
				[ 920.0230712890625, 488.20220947265625 ],
				[ 653.6837158203125, 702.69537353515625 ],
				[ 759.31622314453125, 785.9271240234375 ],
				[ 1155.2879638671875, 782.68377685546875 ],
				[ 1076.6474609375, 685.1646728515625 ],
				[ 765.7572021484375, 935.54107666015625 ],
				[ 875.909423828125, 1007.6837158203125 ]
			]
		}
	]
}