{
	"camera_data":
	{
		"location_worldframe": [ 6815.861328125, -12.799200057983398, 0 ],
		"quaternion_xyzw_worldframe": [ 0, 0, 0.64219999313354492, 0.76649999618530273 ]
	},
	"objects": [
		{
			"class": "ExoRomper_FullPayload",
			"instance_id": 0,
			"visibility": 1,
			"location": [ 0, 0, 24.705600738525391 ],
			"quaternion_xyzw": [ 0, 0.70709997415542603, 0, 0.70709997415542603 ],
			"pose_transform": [
				[ 1, 0, 0, 0 ],
				[ 0, 0, -1, 0 ],
				[ 0, -1, 0, 0 ],
				[ 0, 0, 24.705600738525391, 1 ]
			],
			"cuboid_centroid": [ 0, 0, 24.705400466918945 ],
			"projected_cuboid_centroid": [ 981.478271484375, 558.21331787109375 ],
			"bounding_box":
			{
				"top_left": [ -4023.657958984375, -4565.6181640625 ],
				"bottom_right": [ 2572.688232421875, 2237.978515625 ]
			},
			"cuboid": [
				[ 19.291500091552734, -20.600000381469727, -4.8396000862121582 ],
				[ 19.291500091552734, -20.600000381469727, 54.250198364257812 ],
				[ 19.291500091552734, 20.600000381469727, 54.250198364257812 ],
				[ 19.291500091552734, 20.600000381469727, -4.8396000862121582 ],
				[ -19.291000366210938, -20.600000381469727, -4.8396000862121582 ],
				[ -19.291000366210938, -20.600000381469727, 54.250198364257812 ],
				[ -19.291000366210938, 20.600000381469727, 54.250198364257812 ],
				[ -19.291000366210938, 20.600000381469727, -4.8396000862121582 ]
			],
			"projected_cuboid": [
				[ -4955.6943359375, 6919.75634765625 ],
				[ 1511.16357421875, -9.3092002868652344 ],
				[ 1511.16357421875, 1125.7357177734375 ],
				[ -4955.6943359375, -5803.3291015625 ],
				[ 6918.74072265625, 6919.5947265625 ],
				[ 451.831787109375, -9.3092002868652344 ],
				[ 451.831787109375, 1125.7357177734375 ],
				[ 6918.74072265625, -5803.16943359375 ]
			]
		},
		{
			"class": "ExoRomper_Sat",
			"instance_id": 0,
			"visibility": 0.93480002880096436,
			"location": [ -10.522899627685547, 3.0265998840332031, 41.365001678466797 ],
			"quaternion_xyzw": [ 0.0017999999690800905, 0.0088999997824430466, -0.20110000669956207, 0.97949999570846558 ],
			"pose_transform": [
				[ 0.0057999999262392521, -0.0024999999441206455, 0.3499000072479248, 0 ],
				[ 0.32159999012947083, -0.13789999485015869, -0.0063000000081956387, 0 ],
				[ -0.13789999485015869, -0.32170000672340393, 0, 0 ],
				[ -10.522899627685547, 3.0265998840332031, 41.365001678466797, 1 ]
			],
			"cuboid_centroid": [ -10.522899627685547, 3.0265998840332031, 41.365001678466797 ],
			"projected_cuboid_centroid": [ 602.5623779296875, 667.5675048828125 ],
			"bounding_box":
			{
				"top_left": [ 463.42440795898438, 378.839111328125 ],
				"bottom_right": [ 869.88262939453125, 767.269775390625 ]
			},
			"cuboid": [
				[ -9.7890996932983398, -2.5708999633789062, 45.758701324462891 ],
				[ -14.935999870300293, -0.36430001258850098, 45.860000610351562 ],
				[ -11.109399795532227, 8.5607004165649414, 45.860000610351562 ],
				[ -5.962399959564209, 6.3541998863220215, 45.758701324462891 ],
				[ -9.9364995956420898, -2.5076000690460205, 36.870098114013672 ],
				[ -15.083000183105469, -0.30099999904632568, 36.971298217773438 ],
				[ -11.256799697875977, 8.6239995956420898, 36.971401214599609 ],
				[ -6.1098999977111816, 6.4175000190734863, 36.870098114013672 ]
			],
			"projected_cuboid": [
				[ 662.84161376953125, 474.24200439453125 ],
				[ 496.37850952148438, 546.33990478515625 ],
				[ 620.65008544921875, 837.207275390625 ],
				[ 787.3883056640625, 765.75341796875 ],
				[ 580.0657958984375, 456.56460571289062 ],
				[ 373.80679321289062, 546.04461669921875 ],
				[ 527.95751953125, 906.8416748046875 ],
				[ 734.63812255859375, 818.353271484375 ]
			]
		}
	]
}