{
	"camera_data":
	{
		"location_worldframe": [ 6824.01416015625, -11.595700263977051, 0 ],
		"quaternion_xyzw_worldframe": [ 0, 0, 0.85210001468658447, 0.52340000867843628 ]
	},
	"objects": [
		{
			"class": "ExoRomper_FullPayload",
			"instance_id": 0,
			"visibility": 0.97369998693466187,
			"location": [ -0.00050000002374872565, 0, 24.705600738525391 ],
			"quaternion_xyzw": [ 0, 0.70709997415542603, 0, 0.70709997415542603 ],
			"pose_transform": [
				[ 1, 0, 0, 0 ],
				[ 0, 0, -1, 0 ],
				[ 0, -1, 0, 0 ],
				[ -0.00050000002374872565, 0, 24.705600738525391, 1 ]
			],
			"cuboid_centroid": [ -0.00050000002374872565, 0, 24.705600738525391 ],
			"projected_cuboid_centroid": [ 981.4404296875, 558.21307373046875 ],
			"bounding_box":
			{
				"top_left": [ -4023.363037109375, -4565.1376953125 ],
				"bottom_right": [ 2572.5576171875, 2237.991455078125 ]
			},
			"cuboid": [
				[ 19.291000366210938, -20.600000381469727, -4.8393998146057129 ],
				[ 19.291500091552734, -20.600000381469727, 54.250499725341797 ],
				[ 19.291500091552734, 20.600000381469727, 54.250499725341797 ],
				[ 19.291000366210938, 20.600000381469727, -4.8393998146057129 ],
				[ -19.291500091552734, -20.600000381469727, -4.8393998146057129 ],
				[ -19.291500091552734, -20.600000381469727, 54.250499725341797 ],
				[ -19.291500091552734, 20.600000381469727, 54.250499725341797 ],
				[ -19.291500091552734, 20.600000381469727, -4.8393998146057129 ]
			],
			"projected_cuboid": [
				[ -4955.54443359375, 6919.59521484375 ],
				[ 1511.1290283203125, -9.309300422668457 ],
				[ 1511.1290283203125, 1125.7357177734375 ],
				[ -4955.54443359375, -5803.1689453125 ],
				[ 6918.4404296875, 6919.27392578125 ],
				[ 451.79721069335938, -9.309300422668457 ],
				[ 451.79721069335938, 1125.7357177734375 ],
				[ 6918.4404296875, -5802.84912109375 ]
			]
		},
		{
			"class": "ExoRomper_Sat",
			"instance_id": 0,
			"visibility": 0.93620002269744873,
			"location": [ -1.836899995803833, 5.7382001876831055, 41.365501403808594 ],
			"quaternion_xyzw": [ -0.42750000953674316, 0.77319997549057007, 0.22669999301433563, 0.40999999642372131 ],
			"pose_transform": [
				[ 0.15410000085830688, 0.24539999663829803, -0.1964000016450882, 0 ],
				[ -0.10440000146627426, -0.16629999876022339, -0.28970000147819519, 0 ],
				[ 0.29640001058578491, -0.18610000610351562, 0, 0 ],
				[ -1.836899995803833, 5.7382001876831055, 41.365501403808594, 1 ]
			],
			"cuboid_centroid": [ -1.836899995803833, 5.7382001876831055, 41.365501403808594 ],
			"projected_cuboid_centroid": [ 915.3291015625, 765.54168701171875 ],
			"bounding_box":
			{
				"top_left": [ 518.85162353515625, 714.586181640625 ],
				"bottom_right": [ 971.3770751953125, 1154.672607421875 ]
			},
			"cuboid": [
				[ 3.3965001106262207, 4.9416999816894531, 36.553501129150391 ],
				[ 5.0673999786376953, 7.6030001640319824, 41.189701080322266 ],
				[ -3.1566998958587646, 12.766799926757812, 41.189701080322266 ],
				[ -4.8276000022888184, 10.105600357055664, 36.553501129150391 ],
				[ -0.51709997653961182, -1.2904000282287598, 41.541698455810547 ],
				[ 1.1542999744415283, 1.3708000183105469, 46.177700042724609 ],
				[ -7.0693001747131348, 6.5346999168395996, 46.177700042724609 ],
				[ -8.7406997680664062, 3.8733999729156494, 41.541698455810547 ]
			],
			"projected_cuboid": [
				[ 1119.8631591796875, 760.269287109375 ],
				[ 1164.73486328125, 834.0916748046875 ],
				[ 867.340087890625, 1021.4661865234375 ],
				[ 784.74932861328125, 971.40692138671875 ],
				[ 962.93377685546875, 511.78610229492188 ],
				[ 1018.7141723632812, 602.58197021484375 ],
				[ 753.44537353515625, 769.715087890625 ],
				[ 668.08221435546875, 697.5723876953125 ]
			]
		}
	]
}