{
	"camera_data":
	{
		"location_worldframe": [ 6819.82421875, -12.89009952545166, 0 ],
		"quaternion_xyzw_worldframe": [ 0, 0, 0.75160002708435059, 0.65960001945495605 ]
	},
	"objects": [
		{
			"class": "ExoRomper_FullPayload",
			"instance_id": 0,
			"visibility": 0.97369998693466187,
			"location": [ -0.00050000002374872565, 0, 24.7052001953125 ],
			"quaternion_xyzw": [ 0, 0.70709997415542603, 0, 0.70709997415542603 ],
			"pose_transform": [
				[ 1, 0, 0, 0 ],
				[ 0, 0, -1, 0 ],
				[ 0, -1, 0, 0 ],
				[ -0.00050000002374872565, 0, 24.7052001953125, 1 ]
			],
			"cuboid_centroid": [ -0.00050000002374872565, 0, 24.705099105834961 ],
			"projected_cuboid_centroid": [ 981.51617431640625, 558.21331787109375 ],
			"bounding_box":
			{
				"top_left": [ -4023.58447265625, -4565.529296875 ],
				"bottom_right": [ 2572.6552734375, 2237.964111328125 ]
			},
			"cuboid": [
				[ 19.291000366210938, -20.600000381469727, -4.839900016784668 ],
				[ 19.291000366210938, -20.600000381469727, 54.249900817871094 ],
				[ 19.291000366210938, 20.600000381469727, 54.249900817871094 ],
				[ 19.291000366210938, 20.600000381469727, -4.839900016784668 ],
				[ -19.291999816894531, -20.600000381469727, -4.839900016784668 ],
				[ -19.291500091552734, -20.600000381469727, 54.249900817871094 ],
				[ -19.291500091552734, 20.600000381469727, 54.249900817871094 ],
				[ -19.291999816894531, 20.600000381469727, -4.839900016784668 ]
			],
			"projected_cuboid": [
				[ -4955.61962890625, 6919.67529296875 ],
				[ 1511.18017578125, -9.3086996078491211 ],
				[ 1511.18017578125, 1125.7352294921875 ],
				[ -4955.61962890625, -5803.2490234375 ],
				[ 6918.4287109375, 6919.67529296875 ],
				[ 451.849609375, -9.3086004257202148 ],
				[ 451.849609375, 1125.7352294921875 ],
				[ 6918.4287109375, -5803.2490234375 ]
			]
		},
		{
			"class": "ExoRomper_Sat",
			"instance_id": 0,
			"visibility": 0.77609997987747192,
			"location": [ -0.77689999341964722, 9.0555000305175781, 41.364700317382812 ],
			"quaternion_xyzw": [ -0.63819998502731323, 0.67619997262954712, 0.25270000100135803, 0.26769998669624329 ],
			"pose_transform": [
				[ 0.013799999840557575, 0.23919999599456787, -0.25510001182556152, 0 ],
				[ -0.014700000174343586, -0.25470000505447388, -0.23960000276565552, 0 ],
				[ 0.34940001368522644, -0.020199999213218689, 0, 0 ],
				[ -0.77689999341964722, 9.0555000305175781, 41.364700317382812, 1 ]
			],
			"cuboid_centroid": [ -0.77689999341964722, 9.0555000305175781, 41.364700317382812 ],
			"projected_cuboid_centroid": [ 953.54071044921875, 885.402587890625 ],
			"bounding_box":
			{
				"top_left": [ 686.722900390625, 764.139892578125 ],
				"bottom_right": [ 1092.1337890625, 1149.9775390625 ]
			},
			"cuboid": [
				[ 4.1283998489379883, 9.7749996185302734, 36.207500457763672 ],
				[ 4.363800048828125, 13.850700378417969, 40.041599273681641 ],
				[ -5.3305997848510742, 14.411800384521484, 40.041599273681641 ],
				[ -5.5664000511169434, 10.336099624633789, 36.207500457763672 ],
				[ 3.776900053024292, 3.699199914932251, 42.687801361083984 ],
				[ 4.012700080871582, 7.7750000953674316, 46.521900177001953 ],
				[ -5.6820998191833496, 8.3360996246337891, 46.521999359130859 ],
				[ -5.9180002212524414, 4.2603998184204102, 42.687900543212891 ]
			],
			"projected_cuboid": [
				[ 1151.34423828125, 961.7012939453125 ],
				[ 1143.86279296875, 1075.1949462890625 ],
				[ 783.2310791015625, 1096.139404296875 ],
				[ 752.5247802734375, 984.86248779296875 ],
				[ 1113.29296875, 687.7296142578125 ],
				[ 1109.989501953125, 807.9932861328125 ],
				[ 799.59210205078125, 826.01947021484375 ],
				[ 775.03851318359375, 707.37481689453125 ]
			]
		}
	]
}