{
	"camera_data":
	{
		"location_worldframe": [ 6823.41748046875, -11.879400253295898, 0 ],
		"quaternion_xyzw_worldframe": [ 0, 0, 0.83850002288818359, 0.54490000009536743 ]
	},
	"objects": [
		{
			"class": "ExoRomper_FullPayload",
			"instance_id": 0,
			"visibility": 0.97369998693466187,
			"location": [ -0.00050000002374872565, 0, 24.705600738525391 ],
			"quaternion_xyzw": [ 0, 0.70709997415542603, 0, 0.70709997415542603 ],
			"pose_transform": [
				[ 1, 0, 0, 0 ],
				[ 0, 0, -1, 0 ],
				[ 0, -1, 0, 0 ],
				[ -0.00050000002374872565, 0, 24.705600738525391, 1 ]
			],
			"cuboid_centroid": [ 0, 0, 24.705299377441406 ],
			"projected_cuboid_centroid": [ 981.4783935546875, 558.21331787109375 ],
			"bounding_box":
			{
				"top_left": [ -4023.657958984375, -4565.6181640625 ],
				"bottom_right": [ 2572.688232421875, 2237.98095703125 ]
			},
			"cuboid": [
				[ 19.291500091552734, -20.600000381469727, -4.8396000862121582 ],
				[ 19.291500091552734, -20.600000381469727, 54.250198364257812 ],
				[ 19.291500091552734, 20.600000381469727, 54.250198364257812 ],
				[ 19.291500091552734, 20.600000381469727, -4.8396000862121582 ],
				[ -19.291000366210938, -20.600000381469727, -4.8396000862121582 ],
				[ -19.291500091552734, -20.600000381469727, 54.250499725341797 ],
				[ -19.291500091552734, 20.600000381469727, 54.250499725341797 ],
				[ -19.291000366210938, 20.600000381469727, -4.8396000862121582 ]
			],
			"projected_cuboid": [
				[ -4955.3505859375, 6919.59521484375 ],
				[ 1511.1463623046875, -9.3092002868652344 ],
				[ 1511.1463623046875, 1125.7357177734375 ],
				[ -4955.3505859375, -5803.1689453125 ],
				[ 6918.74072265625, 6919.59521484375 ],
				[ 451.81680297851562, -9.3066997528076172 ],
				[ 451.81680297851562, 1125.733154296875 ],
				[ 6918.74072265625, -5803.1689453125 ]
			]
		},
		{
			"class": "ExoRomper_Sat",
			"instance_id": 0,
			"visibility": 1,
			"location": [ -8.012700080871582, 2.4653000831604004, 41.365501403808594 ],
			"quaternion_xyzw": [ 0.013199999928474426, 0.74409997463226318, -0.011900000274181366, 0.66790002584457397 ],
			"pose_transform": [
				[ 0.34769999980926514, -0.012400000356137753, -0.037700001150369644, 0 ],
				[ -0.037700001150369644, 0.0013000000035390258, -0.34799998998641968, 0 ],
				[ -0.012400000356137753, -0.3497999906539917, 0, 0 ],
				[ -8.012700080871582, 2.4653000831604004, 41.365501403808594, 1 ]
			],
			"cuboid_centroid": [ -8.012700080871582, 2.4653000831604004, 41.365501403808594 ],
			"projected_cuboid_centroid": [ 692.97320556640625, 647.28570556640625 ],
			"bounding_box":
			{
				"top_left": [ 459.28060913085938, 488.06060791015625 ],
				"bottom_right": [ 837.35467529296875, 873.105224609375 ]
			},
			"cuboid": [
				[ -4.0697999000549316, -2.5332999229431152, 38.103000640869141 ],
				[ -3.4667999744415283, -2.5546998977661133, 43.671100616455078 ],
				[ -3.1226000785827637, 7.149899959564209, 43.671100616455078 ],
				[ -3.724600076675415, 7.171299934387207, 38.103000640869141 ],
				[ -12.902299880981445, -2.2193999290466309, 39.059799194335938 ],
				[ -12.299799919128418, -2.2407999038696289, 44.628200531005859 ],
				[ -11.955100059509277, 7.4637999534606934, 44.627899169921875 ],
				[ -12.557600021362305, 7.4851999282836914, 39.060100555419922 ]
			],
			"projected_cuboid": [
				[ 822.3624267578125, 458.845703125 ],
				[ 863.2249755859375, 470.7825927734375 ],
				[ 874.98907470703125, 802.90802001953125 ],
				[ 835.87030029296875, 839.506103515625 ],
				[ 489.4447021484375, 473.29058837890625 ],
				[ 570.94989013671875, 483.16949462890625 ],
				[ 582.459716796875, 808.1741943359375 ],
				[ 502.62460327148438, 844.62457275390625 ]
			]
		}
	]
}