{
	"camera_data":
	{
		"location_worldframe": [ 6807.19580078125, -7.0205001831054688, 0 ],
		"quaternion_xyzw_worldframe": [ 0, 0, 0.28139999508857727, 0.95959997177124023 ]
	},
	"objects": [
		{
			"class": "ExoRomper_FullPayload",
			"instance_id": 0,
			"visibility": 1,
			"location": [ -0.00019999999494757503, 0, 24.705600738525391 ],
			"quaternion_xyzw": [ 0, 0.70709997415542603, 0, 0.70709997415542603 ],
			"pose_transform": [
				[ 1, 0, 0, 0 ],
				[ 0, 0, -1, 0 ],
				[ 0, -1, 0, 0 ],
				[ -0.00019999999494757503, 0, 24.705600738525391, 1 ]
			],
			"cuboid_centroid": [ -0.00050000002374872565, 0, 24.705600738525391 ],
			"projected_cuboid_centroid": [ 981.49737548828125, 558.21337890625 ],
			"bounding_box":
			{
				"top_left": [ -4023.363037109375, -4565.26171875 ],
				"bottom_right": [ 2572.558349609375, 2237.98095703125 ]
			},
			"cuboid": [
				[ 19.290800094604492, -20.600000381469727, -4.8393998146057129 ],
				[ 19.290800094604492, -20.600000381469727, 54.250499725341797 ],
				[ 19.290800094604492, 20.600000381469727, 54.250499725341797 ],
				[ 19.290800094604492, 20.600000381469727, -4.8393998146057129 ],
				[ -19.29170036315918, -20.600000381469727, -4.8397998809814453 ],
				[ -19.29170036315918, -20.600000381469727, 54.25 ],
				[ -19.29170036315918, 20.600000381469727, 54.25 ],
				[ -19.29170036315918, 20.600000381469727, -4.8397998809814453 ]
			],
			"projected_cuboid": [
				[ -4955.44775390625, 6919.59619140625 ],
				[ 1511.155029296875, -9.309300422668457 ],
				[ 1511.155029296875, 1125.7357177734375 ],
				[ -4955.44775390625, -5803.169921875 ],
				[ 6918.54736328125, 6919.59765625 ],
				[ 451.82321166992188, -9.3094997406005859 ],
				[ 451.82321166992188, 1125.7357177734375 ],
				[ 6918.54736328125, -5803.16796875 ]
			]
		},
		{
			"class": "ExoRomper_Sat",
			"instance_id": 0,
			"visibility": 0.875,
			"location": [ -12.248499870300293, 4.0844998359680176, 41.363800048828125 ],
			"quaternion_xyzw": [ -0.074199996888637543, -0.20469999313354492, -0.33250001072883606, 0.91759997606277466 ],
			"pose_transform": [
				[ -0.11420000344514847, 0.095299996435642242, 0.31679999828338623, 0 ],
				[ 0.24330000579357147, -0.20290000736713409, 0.14880000054836273, 0 ],
				[ -0.22419999539852142, -0.26879999041557312, 0, 0 ],
				[ -12.248499870300293, 4.0844998359680176, 41.363800048828125, 1 ]
			],
			"cuboid_centroid": [ -12.248499870300293, 4.0844998359680176, 41.363800048828125 ],
			"projected_cuboid_centroid": [ 540.4412841796875, 705.79541015625 ],
			"bounding_box":
			{
				"top_left": [ 474.1072998046875, 338.65170288085938 ],
				"bottom_right": [ 890.481201171875, 725.78277587890625 ]
			},
			"cuboid": [
				[ -14.863499641418457, -0.057199999690055847, 46.577598571777344 ],
				[ -18.756099700927734, 3.1902000904083252, 44.196300506591797 ],
				[ -12.535599708557129, 10.647000312805176, 44.197299957275391 ],
				[ -8.6428003311157227, 7.3996000289916992, 46.577598571777344 ],
				[ -11.961199760437012, -2.4779999256134033, 38.530799865722656 ],
				[ -15.85420036315918, 0.76940000057220459, 36.149898529052734 ],
				[ -9.6335000991821289, 8.2262001037597656, 36.149898529052734 ],
				[ -5.7406997680664062, 4.9787998199462891, 38.530300140380859 ]
			],
			"projected_cuboid": [
				[ 506.20120239257812, 556.37750244140625 ],
				[ 349.39651489257812, 666.09417724609375 ],
				[ 559.030517578125, 918.2545166015625 ],
				[ 705.12042236328125, 795.65240478515625 ],
				[ 519.1129150390625, 462.09271240234375 ],
				[ 328.260009765625, 590.0228271484375 ],
				[ 584.57098388671875, 898.3140869140625 ],
				[ 759.581298828125, 751.339111328125 ]
			]
		}
	]
}