{
	"camera_data":
	{
		"location_worldframe": [ 6819.1943359375, 12.956899642944336, 0 ],
		"quaternion_xyzw_worldframe": [ 0, 0, -0.73530000448226929, 0.6776999831199646 ]
	},
	"objects": [
		{
			"class": "ExoRomper_FullPayload",
			"instance_id": 0,
			"visibility": 0.97369998693466187,
			"location": [ 0.00050000002374872565, 0, 24.705299377441406 ],
			"quaternion_xyzw": [ 0, 0.70709997415542603, 0, 0.70709997415542603 ],
			"pose_transform": [
				[ 1, 0, 0, 0 ],
				[ 0, 0, -1, 0 ],
				[ 0, -1, 0, 0 ],
				[ 0.00050000002374872565, 0, 24.705299377441406, 1 ]
			],
			"cuboid_centroid": [ 0.00050000002374872565, 0, 24.7052001953125 ],
			"projected_cuboid_centroid": [ 981.51641845703125, 558.21331787109375 ],
			"bounding_box":
			{
				"top_left": [ -4023.51025390625, -4565.5634765625 ],
				"bottom_right": [ 2572.622802734375, 2237.960205078125 ]
			},
			"cuboid": [
				[ 19.291999816894531, -20.600000381469727, -4.8397002220153809 ],
				[ 19.291999816894531, -20.600000381469727, 54.250099182128906 ],
				[ 19.291999816894531, 20.600000381469727, 54.250099182128906 ],
				[ 19.291999816894531, 20.600000381469727, -4.8397002220153809 ],
				[ -19.290500640869141, -20.600000381469727, -4.8397002220153809 ],
				[ -19.291000366210938, -20.600000381469727, 54.250099182128906 ],
				[ -19.291000366210938, 20.600000381469727, 54.250099182128906 ],
				[ -19.290500640869141, 20.600000381469727, -4.8397002220153809 ]
			],
			"projected_cuboid": [
				[ -4955.93212890625, 6919.59521484375 ],
				[ 1511.180908203125, -9.3092002868652344 ],
				[ 1511.180908203125, 1125.7357177734375 ],
				[ -4955.93212890625, -5803.16796875 ],
				[ 6918.35302734375, 6919.59521484375 ],
				[ 451.84909057617188, -9.3092002868652344 ],
				[ 451.84909057617188, 1125.7357177734375 ],
				[ 6918.35302734375, -5803.16796875 ]
			]
		},
		{
			"class": "ExoRomper_Sat",
			"instance_id": 0,
			"visibility": 0.96079999208450317,
			"location": [ -9.9569997787475586, 2.8124001026153564, 41.366001129150391 ],
			"quaternion_xyzw": [ -0.1160999983549118, -0.7225000262260437, -0.10809999704360962, 0.67299997806549072 ],
			"pose_transform": [
				[ -0.33149999380111694, 0.10939999669790268, -0.024800000712275505, 0 ],
				[ -0.023600000888109207, 0.007799999788403511, 0.34909999370574951, 0 ],
				[ -0.1096000000834465, -0.33239999413490295, 0, 0 ],
				[ -9.9569997787475586, 2.8124001026153564, 41.366001129150391, 1 ]
			],
			"cuboid_centroid": [ -9.9569997787475586, 2.8124001026153564, 41.366001129150391 ],
			"projected_cuboid_centroid": [ 622.96881103515625, 659.82861328125 ],
			"bounding_box":
			{
				"top_left": [ 438.87069702148438, 381.70730590820312 ],
				"bottom_right": [ 860.46942138671875, 807.35101318359375 ]
			},
			"cuboid": [
				[ -15.877400398254395, -0.34729999303817749, 43.844200134277344 ],
				[ -15.50100040435791, -0.47170001268386841, 38.257598876953125 ],
				[ -12.458499908447266, 8.7502002716064453, 38.257598876953125 ],
				[ -12.835399627685547, 8.8746004104614258, 43.844200134277344 ],
				[ -7.4565000534057617, -3.1254000663757324, 44.474399566650391 ],
				[ -7.0795998573303223, -3.2497000694274902, 38.887798309326172 ],
				[ -4.0370998382568359, 5.9721999168395996, 38.887798309326172 ],
				[ -4.414100170135498, 6.0966000556945801, 44.474399566650391 ]
			],
			"projected_cuboid": [
				[ 442.09201049804688, 546.3748779296875 ],
				[ 378.00540161132812, 539.7869873046875 ],
				[ 496.46279907226562, 900.0509033203125 ],
				[ 545.45550537109375, 860.73388671875 ],
				[ 731.7921142578125, 453.18508911132812 ],
				[ 710.36248779296875, 433.31640625 ],
				[ 826.8760986328125, 787.74212646484375 ],
				[ 833.669921875, 763.08978271484375 ]
			]
		}
	]
}