{
	"camera_data":
	{
		"location_worldframe": [ 6828.8564453125, 7.3548002243041992, 0 ],
		"quaternion_xyzw_worldframe": [ 0, 0, -0.95509999990463257, 0.29620000720024109 ]
	},
	"objects": [
		{
			"class": "ExoRomper_FullPayload",
			"instance_id": 0,
			"visibility": 0.97369998693466187,
			"location": [ 0, 0, 24.705600738525391 ],
			"quaternion_xyzw": [ 0, 0.70709997415542603, 0, 0.70709997415542603 ],
			"pose_transform": [
				[ 1, 0, 0, 0 ],
				[ 0, 0, -1, 0 ],
				[ 0, -1, 0, 0 ],
				[ 0, 0, 24.705600738525391, 1 ]
			],
			"cuboid_centroid": [ 0, 0, 24.705600738525391 ],
			"projected_cuboid_centroid": [ 981.49737548828125, 558.21337890625 ],
			"bounding_box":
			{
				"top_left": [ -4023.66015625, -4565.55615234375 ],
				"bottom_right": [ 2572.687255859375, 2237.97314453125 ]
			},
			"cuboid": [
				[ 19.291299819946289, -20.600000381469727, -4.838900089263916 ],
				[ 19.291299819946289, -20.600000381469727, 54.250499725341797 ],
				[ 19.291299819946289, 20.600000381469727, 54.250499725341797 ],
				[ 19.291299819946289, 20.600000381469727, -4.838900089263916 ],
				[ -19.291500091552734, -20.600000381469727, -4.8393998146057129 ],
				[ -19.291500091552734, -20.600000381469727, 54.250999450683594 ],
				[ -19.291500091552734, 20.600000381469727, 54.250999450683594 ],
				[ -19.291500091552734, 20.600000381469727, -4.8393998146057129 ]
			],
			"projected_cuboid": [
				[ -4956.1416015625, 6920.23779296875 ],
				[ 1511.1500244140625, -9.3041000366210938 ],
				[ 1511.1500244140625, 1125.7308349609375 ],
				[ -4956.1416015625, -5803.8115234375 ],
				[ 6919.1484375, 6920.23779296875 ],
				[ 451.83639526367188, -9.3042001724243164 ],
				[ 451.83639526367188, 1125.730712890625 ],
				[ 6919.1484375, -5803.8115234375 ]
			]
		},
		{
			"class": "ExoRomper_Sat",
			"instance_id": 0,
			"visibility": 0.98110002279281616,
			"location": [ -9.1155004501342773, 2.5922999382019043, 41.366199493408203 ],
			"quaternion_xyzw": [ -0.074699997901916504, -0.76719999313354492, -0.061799999326467514, 0.63410001993179321 ],
			"pose_transform": [
				[ -0.33730000257492065, 0.066299997270107269, -0.06589999794960022, 0 ],
				[ -0.064699999988079071, 0.01269999984651804, 0.34369999170303345, 0 ],
				[ -0.067500002682209015, -0.34340000152587891, 0, 0 ],
				[ -9.1155004501342773, 2.5922999382019043, 41.366199493408203, 1 ]
			],
			"cuboid_centroid": [ -9.1155004501342773, 2.5922999382019043, 41.366199493408203 ],
			"projected_cuboid_centroid": [ 653.273193359375, 651.8729248046875 ],
			"bounding_box":
			{
				"top_left": [ 443.62051391601562, 438.427490234375 ],
				"bottom_right": [ 850.031982421875, 836.28521728515625 ]
			},
			"cuboid": [
				[ -14.852999687194824, -1.2275999784469604, 43.279300689697266 ],
				[ -13.818400382995605, -1.4311000108718872, 37.778800964355469 ],
				[ -11.944299697875977, 8.0971002578735352, 37.779300689697266 ],
				[ -12.97920036315918, 8.3006000518798828, 43.279800415039062 ],
				[ -6.286099910736084, -2.9124999046325684, 44.9541015625 ],
				[ -5.251500129699707, -3.1159999370574951, 39.453601837158203 ],
				[ -3.3773999214172363, 6.4121999740600586, 39.453098297119141 ],
				[ -4.4123997688293457, 6.6156997680664062, 44.9541015625 ]
			],
			"projected_cuboid": [
				[ 470.3009033203125, 515.82000732421875 ],
				[ 436.68399047851562, 501.59521484375 ],
				[ 510.56649780273438, 878.5413818359375 ],
				[ 534.80401611328125, 844.8590087890625 ],
				[ 773.20318603515625, 461.3817138671875 ],
				[ 783.24359130859375, 440.17080688476562 ],
				[ 853.9959716796875, 801.11981201171875 ],
				[ 835.29852294921875, 778.16522216796875 ]
			]
		}
	]
}