{
	"camera_data":
	{
		"location_worldframe": [ 6815.30517578125, -12.687800407409668, 0 ],
		"quaternion_xyzw_worldframe": [ 0, 0, 0.62540000677108765, 0.78030002117156982 ]
	},
	"objects": [
		{
			"class": "ExoRomper_FullPayload",
			"instance_id": 0,
			"visibility": 0.96100002527236938,
			"location": [ 0.00050000002374872565, 0, 24.705600738525391 ],
			"quaternion_xyzw": [ 0, 0.70709997415542603, 0, 0.70709997415542603 ],
			"pose_transform": [
				[ 1, 0, 0, 0 ],
				[ 0, 0, -1, 0 ],
				[ 0, -1, 0, 0 ],
				[ 0.00050000002374872565, 0, 24.705600738525391, 1 ]
			],
			"cuboid_centroid": [ 0.00050000002374872565, 0, 24.705400466918945 ],
			"projected_cuboid_centroid": [ 981.5540771484375, 558.21319580078125 ],
			"bounding_box":
			{
				"top_left": [ -4023.657958984375, -4565.6181640625 ],
				"bottom_right": [ 2572.688232421875, 2237.96533203125 ]
			},
			"cuboid": [
				[ 19.291999816894531, -20.600000381469727, -4.8394999504089355 ],
				[ 19.291999816894531, -20.600000381469727, 54.250198364257812 ],
				[ 19.291999816894531, 20.600000381469727, 54.250198364257812 ],
				[ 19.291999816894531, 20.600000381469727, -4.8394999504089355 ],
				[ -19.290500640869141, -20.600000381469727, -4.8394999504089355 ],
				[ -19.291000366210938, -20.600000381469727, 54.250198364257812 ],
				[ -19.291000366210938, 20.600000381469727, 54.250198364257812 ],
				[ -19.290500640869141, 20.600000381469727, -4.8394999504089355 ]
			],
			"projected_cuboid": [
				[ -4955.8876953125, 6919.7568359375 ],
				[ 1511.180908203125, -9.309300422668457 ],
				[ 1511.180908203125, 1125.7357177734375 ],
				[ -4955.8876953125, -5803.3291015625 ],
				[ 6918.50390625, 6919.7568359375 ],
				[ 451.85018920898438, -9.3079996109008789 ],
				[ 451.85018920898438, 1125.7344970703125 ],
				[ 6918.50390625, -5803.3291015625 ]
			]
		},
		{
			"class": "ExoRomper_Sat",
			"instance_id": 0,
			"visibility": 0.95999997854232788,
			"location": [ -6.0546998977661133, 2.6719999313354492, 41.365001678466797 ],
			"quaternion_xyzw": [ 0.10360000282526016, -0.83550000190734863, 0.066399998962879181, 0.53549998998641968 ],
			"pose_transform": [
				[ -0.30840000510215759, -0.077600002288818359, -0.14620000123977661, 0 ],
				[ -0.14180000126361847, -0.035700000822544098, 0.31799998879432678, 0 ],
				[ 0.085500001907348633, -0.33939999341964722, 0, 0 ],
				[ -6.0546998977661133, 2.6719999313354492, 41.365001678466797, 1 ]
			],
			"cuboid_centroid": [ -6.0546998977661133, 2.6719999313354492, 41.365001678466797 ],
			"projected_cuboid_centroid": [ 763.45587158203125, 654.7572021484375 ],
			"bounding_box":
			{
				"top_left": [ 443.8385009765625, 567.7105712890625 ],
				"bottom_right": [ 853.83782958984375, 985.89752197265625 ]
			},
			"cuboid": [
				[ -9.9203996658325195, -3.3080000877380371, 42.053001403808594 ],
				[ -7.6522998809814453, -2.7369000911712646, 36.964199066162109 ],
				[ -10.022899627685547, 6.679999828338623, 36.964199066162109 ],
				[ -12.291500091552734, 6.108799934387207, 42.053001403808594 ],
				[ -2.087399959564209, -1.3358999490737915, 45.765899658203125 ],
				[ 0.18070000410079956, -0.76480001211166382, 40.677101135253906 ],
				[ -2.189500093460083, 8.652099609375, 40.677101135253906 ],
				[ -4.4584999084472656, 8.0810003280639648, 45.765998840332031 ]
			],
			"projected_cuboid": [
				[ 630.1016845703125, 440.64459228515625 ],
				[ 673.12451171875, 447.55108642578125 ],
				[ 577.60931396484375, 828.30462646484375 ],
				[ 546.14471435546875, 775.3236083984375 ],
				[ 913.54058837890625, 514.586181640625 ],
				[ 988.09478759765625, 530.1124267578125 ],
				[ 901.32110595703125, 876.11151123046875 ],
				[ 836.39501953125, 822.1124267578125 ]
			]
		}
	]
}