{
	"camera_data":
	{
		"location_worldframe": [ 6819.81005859375, 12.891900062561035, 0 ],
		"quaternion_xyzw_worldframe": [ 0, 0, -0.75120002031326294, 0.6600000262260437 ]
	},
	"objects": [
		{
			"class": "ExoRomper_FullPayload",
			"instance_id": 0,
			"visibility": 0.98669999837875366,
			"location": [ -0.00050000002374872565, 0, 24.705299377441406 ],
			"quaternion_xyzw": [ 0, 0.70709997415542603, 0, 0.70709997415542603 ],
			"pose_transform": [
				[ 1, 0, 0, 0 ],
				[ 0, 0, -1, 0 ],
				[ 0, -1, 0, 0 ],
				[ -0.00050000002374872565, 0, 24.705299377441406, 1 ]
			],
			"cuboid_centroid": [ -0.00050000002374872565, 0, 24.7052001953125 ],
			"projected_cuboid_centroid": [ 981.51617431640625, 558.21331787109375 ],
			"bounding_box":
			{
				"top_left": [ -4023.54736328125, -4565.60791015625 ],
				"bottom_right": [ 2572.638916015625, 2237.96142578125 ]
			},
			"cuboid": [
				[ 19.291000366210938, -20.600000381469727, -4.8397002220153809 ],
				[ 19.291000366210938, -20.600000381469727, 54.250099182128906 ],
				[ 19.291000366210938, 20.600000381469727, 54.250099182128906 ],
				[ 19.291000366210938, 20.600000381469727, -4.8397002220153809 ],
				[ -19.291999816894531, -20.600000381469727, -4.8397002220153809 ],
				[ -19.291999816894531, -20.600000381469727, 54.250099182128906 ],
				[ -19.291999816894531, 20.600000381469727, 54.250099182128906 ],
				[ -19.291999816894531, 20.600000381469727, -4.8397002220153809 ]
			],
			"projected_cuboid": [
				[ -4955.73828125, 6919.59521484375 ],
				[ 1511.16357421875, -9.3092002868652344 ],
				[ 1511.16357421875, 1125.7357177734375 ],
				[ -4955.73828125, -5803.1689453125 ],
				[ 6918.6220703125, 6919.67529296875 ],
				[ 451.84909057617188, -9.3092002868652344 ],
				[ 451.84909057617188, 1125.7357177734375 ],
				[ 6918.6220703125, -5803.2490234375 ]
			]
		},
		{
			"class": "ExoRomper_Sat",
			"instance_id": 0,
			"visibility": 0.87929999828338623,
			"location": [ -13.592300415039062, 5.5819997787475586, 41.366001129150391 ],
			"quaternion_xyzw": [ 0.41429999470710754, 0.77350002527236938, 0.226500004529953, -0.42280000448226929 ],
			"pose_transform": [
				[ -0.1632000058889389, 0.24529999494552612, -0.18899999558925629, 0 ],
				[ -0.1046999990940094, 0.15729999542236328, 0.29460000991821289, 0 ],
				[ -0.29139998555183411, -0.19390000402927399, 0, 0 ],
				[ -13.592300415039062, 5.5819997787475586, 41.366001129150391, 1 ]
			],
			"cuboid_centroid": [ -13.592300415039062, 5.5819997787475586, 41.366001129150391 ],
			"projected_cuboid_centroid": [ 492.0867919921875, 759.89337158203125 ],
			"bounding_box":
			{
				"top_left": [ 512.19097900390625, 227.53610229492188 ],
				"bottom_right": [ 963.58062744140625, 685.01171875 ]
			},
			"cuboid": [
				[ -20.544399261474609, 7.2651000022888184, 41.323398590087891 ],
				[ -18.869600296020508, 4.7480001449584961, 36.609001159667969 ],
				[ -10.785599708557129, 10.128399848937988, 36.609100341796875 ],
				[ -12.46090030670166, 12.645500183105469, 41.323501586914062 ],
				[ -16.398899078369141, 1.0355000495910645, 46.122798919677734 ],
				[ -14.723099708557129, -1.4815000295639038, 41.408401489257812 ],
				[ -6.6395998001098633, 3.898900032043457, 41.408401489257812 ],
				[ -8.3144998550415039, 6.4159998893737793, 46.122898101806641 ]
			],
			"projected_cuboid": [
				[ 241.00599670410156, 820.9735107421875 ],
				[ 213.79409790039062, 752.0513916015625 ],
				[ 542.7095947265625, 971.70892333984375 ],
				[ 532.37408447265625, 1015.5712280273438 ],
				[ 451.94668579101562, 591.769287109375 ],
				[ 451.92739868164062, 504.74020385742188 ],
				[ 742.69769287109375, 698.938720703125 ],
				[ 712.9959716796875, 766.1177978515625 ]
			]
		}
	]
}