{
	"camera_data":
	{
		"location_worldframe": [ 6818.646484375, -12.989999771118164, 0 ],
		"quaternion_xyzw_worldframe": [ 0, 0, 0.72079998254776001, 0.6930999755859375 ]
	},
	"objects": [
		{
			"class": "ExoRomper_FullPayload",
			"instance_id": 0,
			"visibility": 0.96100002527236938,
			"location": [ 0.0010000000474974513, 0, 24.705699920654297 ],
			"quaternion_xyzw": [ 0, 0.70709997415542603, 0, 0.70709997415542603 ],
			"pose_transform": [
				[ 1, 0, 0, 0 ],
				[ 0, 0, -1, 0 ],
				[ 0, -1, 0, 0 ],
				[ 0.0010000000474974513, 0, 24.705699920654297, 1 ]
			],
			"cuboid_centroid": [ 0.0010000000474974513, 0, 24.705600738525391 ],
			"projected_cuboid_centroid": [ 981.4783935546875, 558.21331787109375 ],
			"bounding_box":
			{
				"top_left": [ -4023.56591796875, -4565.5068359375 ],
				"bottom_right": [ 2572.64697265625, 2237.977783203125 ]
			},
			"cuboid": [
				[ 19.291999816894531, -20.600000381469727, -4.8393001556396484 ],
				[ 19.292499542236328, -20.600000381469727, 54.250499725341797 ],
				[ 19.292499542236328, 20.600000381469727, 54.250499725341797 ],
				[ 19.291999816894531, 20.600000381469727, -4.8393001556396484 ],
				[ -19.290500640869141, -20.600000381469727, -4.8393001556396484 ],
				[ -19.291000366210938, -20.600000381469727, 54.250499725341797 ],
				[ -19.291000366210938, 20.600000381469727, 54.250499725341797 ],
				[ -19.290500640869141, 20.600000381469727, -4.8393001556396484 ]
			],
			"projected_cuboid": [
				[ -4955.61962890625, 6919.67529296875 ],
				[ 1511.1634521484375, -9.3090000152587891 ],
				[ 1511.1634521484375, 1125.7354736328125 ],
				[ -4955.61962890625, -5803.2490234375 ],
				[ 6918.7783203125, 6919.6357421875 ],
				[ 451.814697265625, -9.3090000152587891 ],
				[ 451.814697265625, 1125.7354736328125 ],
				[ 6918.7783203125, -5803.208984375 ]
			]
		},
		{
			"class": "ExoRomper_Sat",
			"instance_id": 0,
			"visibility": 0.98329997062683105,
			"location": [ -7.1914000511169434, 2.4842000007629395, 41.365299224853516 ],
			"quaternion_xyzw": [ -0.035500001162290573, 0.8651999831199646, -0.020500000566244125, -0.49970000982284546 ],
			"pose_transform": [
				[ -0.30210000276565552, -0.024800000712275505, -0.17489999532699585, 0 ],
				[ -0.17430000007152557, -0.014299999922513962, 0.30320000648498535, 0 ],
				[ 0.028599999845027924, -0.34880000352859497, 0, 0 ],
				[ -7.1914000511169434, 2.4842000007629395, 41.365299224853516, 1 ]
			],
			"cuboid_centroid": [ -7.1914000511169434, 2.4842000007629395, 41.365299224853516 ],
			"projected_cuboid_centroid": [ 722.52447509765625, 647.97027587890625 ],
			"bounding_box":
			{
				"top_left": [ 454.96841430664062, 528.25469970703125 ],
				"bottom_right": [ 838.966796875, 925.52288818359375 ]
			},
			"cuboid": [
				[ -12.025899887084961, -2.7844998836517334, 41.569599151611328 ],
				[ -9.2363004684448242, -2.5555000305175781, 36.718399047851562 ],
				[ -10.031200408935547, 7.1227002143859863, 36.718399047851562 ],
				[ -12.820799827575684, 6.893700122833252, 41.569499969482422 ],
				[ -4.351600170135498, -2.1542999744415283, 46.012199401855469 ],
				[ -1.5625, -1.9253000020980835, 41.160999298095703 ],
				[ -2.3568999767303467, 7.7529001235961914, 41.160999298095703 ],
				[ -5.1465001106262207, 7.5237998962402344, 46.012199401855469 ]
			],
			"projected_cuboid": [
				[ 550.55352783203125, 458.0994873046875 ],
				[ 606.7830810546875, 454.19558715820312 ],
				[ 574.50958251953125, 848.1373291015625 ],
				[ 522.0692138671875, 806.06732177734375 ],
				[ 840.60107421875, 488.2349853515625 ],
				[ 924.94671630859375, 488.30410766601562 ],
				[ 896.20257568359375, 839.7255859375 ],
				[ 814.8875732421875, 802.60467529296875 ]
			]
		}
	]
}