{
	"camera_data":
	{
		"location_worldframe": [ 6828.46826171875, 7.8909001350402832, 0 ],
		"quaternion_xyzw_worldframe": [ 0, 0, -0.9473000168800354, 0.32039999961853027 ]
	},
	"objects": [
		{
			"class": "ExoRomper_FullPayload",
			"instance_id": 0,
			"visibility": 0.98669999837875366,
			"location": [ -0.0010000000474974513, 0, 24.705600738525391 ],
			"quaternion_xyzw": [ 0, 0.70709997415542603, 0, 0.70709997415542603 ],
			"pose_transform": [
				[ 1, 0, 0, 0 ],
				[ 0, 0, -1, 0 ],
				[ 0, -1, 0, 0 ],
				[ -0.0010000000474974513, 0, 24.705600738525391, 1 ]
			],
			"cuboid_centroid": [ -0.0010000000474974513, 0, 24.705600738525391 ],
			"projected_cuboid_centroid": [ 981.4783935546875, 558.21337890625 ],
			"bounding_box":
			{
				"top_left": [ -4023.657470703125, -4565.55615234375 ],
				"bottom_right": [ 2572.688232421875, 2237.970703125 ]
			},
			"cuboid": [
				[ 19.290500640869141, -20.600000381469727, -4.8393998146057129 ],
				[ 19.290500640869141, -20.600000381469727, 54.250499725341797 ],
				[ 19.290500640869141, 20.600000381469727, 54.250499725341797 ],
				[ 19.290500640869141, 20.600000381469727, -4.8393998146057129 ],
				[ -19.291999816894531, -20.600000381469727, -4.8397998809814453 ],
				[ -19.291999816894531, -20.600000381469727, 54.25 ],
				[ -19.291999816894531, 20.600000381469727, 54.25 ],
				[ -19.291999816894531, 20.600000381469727, -4.8397998809814453 ]
			],
			"projected_cuboid": [
				[ -4955.54443359375, 6919.59521484375 ],
				[ 1511.155029296875, -9.3092002868652344 ],
				[ 1511.155029296875, 1125.7357177734375 ],
				[ -4955.54443359375, -5803.16796875 ],
				[ 6917.9462890625, 6918.95361328125 ],
				[ 451.818603515625, -9.3142995834350586 ],
				[ 451.818603515625, 1125.7408447265625 ],
				[ 6917.9462890625, -5802.5263671875 ]
			]
		},
		{
			"class": "ExoRomper_Sat",
			"instance_id": 0,
			"visibility": 0.93879997730255127,
			"location": [ -10.784199714660645, 3.1451001167297363, 41.36669921875 ],
			"quaternion_xyzw": [ 0.16179999709129333, 0.71390002965927124, -0.15060000121593475, 0.66439998149871826 ],
			"pose_transform": [
				[ 0.31499999761581421, -0.15049999952316284, -0.025100000202655792, 0 ],
				[ -0.022700000554323196, 0.01080000028014183, -0.34909999370574951, 0 ],
				[ -0.15090000629425049, -0.3158000111579895, 0, 0 ],
				[ -10.784199714660645, 3.1451001167297363, 41.36669921875, 1 ]
			],
			"cuboid_centroid": [ -10.784199714660645, 3.1451001167297363, 41.36669921875 ],
			"projected_cuboid_centroid": [ 593.2108154296875, 671.84759521484375 ],
			"bounding_box":
			{
				"top_left": [ 445.49130249023438, 333.73049926757812 ],
				"bottom_right": [ 874.5474853515625, 790.519775390625 ]
			},
			"cuboid": [
				[ -9.0586004257202148, -3.0608999729156494, 38.253898620605469 ],
				[ -8.6962995529174805, -3.2342000007629395, 43.840801239013672 ],
				[ -4.5088000297546387, 5.5272002220153809, 43.840301513671875 ],
				[ -4.8710999488830566, 5.7005000114440918, 38.254398345947266 ],
				[ -17.059099197387695, 0.7630000114440918, 38.892101287841797 ],
				[ -16.696800231933594, 0.58969998359680176, 44.478500366210938 ],
				[ -12.50879955291748, 9.351099967956543, 44.478500366210938 ],
				[ -12.871600151062012, 9.5243997573852539, 38.8916015625 ]
			],
			"projected_cuboid": [
				[ 628.7918701171875, 438.62380981445312 ],
				[ 686.04107666015625, 447.95489501953125 ],
				[ 828.334716796875, 746.6431884765625 ],
				[ 791.84307861328125, 780.9290771484375 ],
				[ 328.17181396484375, 587.53521728515625 ],
				[ 422.37850952148438, 578.02899169921875 ],
				[ 562.60491943359375, 872.43572998046875 ],
				[ 488.551513671875, 924.23089599609375 ]
			]
		}
	]
}