{
	"camera_data":
	{
		"location_worldframe": [ 6820.40771484375, -12.800200462341309, 0 ],
		"quaternion_xyzw_worldframe": [ 0, 0, 0.76639997959136963, 0.64240002632141113 ]
	},
	"objects": [
		{
			"class": "ExoRomper_FullPayload",
			"instance_id": 0,
			"visibility": 1,
			"location": [ 0, 0, 24.705799102783203 ],
			"quaternion_xyzw": [ 0, 0.70709997415542603, 0, 0.70709997415542603 ],
			"pose_transform": [
				[ 1, 0, 0, 0 ],
				[ 0, 0, -1, 0 ],
				[ 0, -1, 0, 0 ],
				[ 0, 0, 24.705799102783203, 1 ]
			],
			"cuboid_centroid": [ 0.00050000002374872565, 0, 24.705699920654297 ],
			"projected_cuboid_centroid": [ 981.4783935546875, 558.21331787109375 ],
			"bounding_box":
			{
				"top_left": [ -4023.5849609375, -4565.529296875 ],
				"bottom_right": [ 2572.6552734375, 2237.978515625 ]
			},
			"cuboid": [
				[ 19.291500091552734, -20.600000381469727, -4.8390998840332031 ],
				[ 19.291999816894531, -20.600000381469727, 54.250701904296875 ],
				[ 19.291999816894531, 20.600000381469727, 54.250701904296875 ],
				[ 19.291500091552734, 20.600000381469727, -4.8390998840332031 ],
				[ -19.291000366210938, -20.600000381469727, -4.8390998840332031 ],
				[ -19.291000366210938, -20.600000381469727, 54.250598907470703 ],
				[ -19.291000366210938, 20.600000381469727, 54.250598907470703 ],
				[ -19.291000366210938, 20.600000381469727, -4.8390998840332031 ]
			],
			"projected_cuboid": [
				[ -4955.8876953125, 6919.755859375 ],
				[ 1511.162353515625, -9.3079996109008789 ],
				[ 1511.162353515625, 1125.7344970703125 ],
				[ -4955.8876953125, -5803.330078125 ],
				[ 6918.84814453125, 6919.9169921875 ],
				[ 451.81570434570312, -9.3079996109008789 ],
				[ 451.81570434570312, 1125.7344970703125 ],
				[ 6918.84814453125, -5803.490234375 ]
			]
		},
		{
			"class": "ExoRomper_Sat",
			"instance_id": 0,
			"visibility": 0.803600013256073,
			"location": [ -14.758299827575684, 9.1967000961303711, 41.3656005859375 ],
			"quaternion_xyzw": [ -0.072700001299381256, -0.075499996542930603, -0.68980002403259277, 0.71630001068115234 ],
			"pose_transform": [
				[ -0.00279999990016222, 0.072899997234344482, 0.34229999780654907, 0 ],
				[ 0.012900000438094139, -0.34209999442100525, 0.072999998927116394, 0 ],
				[ -0.3497999906539917, -0.013199999928474426, 0, 0 ],
				[ -14.758299827575684, 9.1967000961303711, 41.3656005859375, 1 ]
			],
			"cuboid_centroid": [ -14.758299827575684, 9.1967000961303711, 41.3656005859375 ],
			"projected_cuboid_centroid": [ 450.03518676757812, 890.50152587890625 ],
			"bounding_box":
			{
				"top_left": [ 769.73101806640625, 187.30589294433594 ],
				"bottom_right": [ 1014.532470703125, 645.2000732421875 ]
			},
			"cuboid": [
				[ -19.541999816894531, 7.2034001350402832, 46.296901702880859 ],
				[ -19.74799919128418, 12.677000045776367, 45.128700256347656 ],
				[ -10.044400215148926, 13.042900085449219, 45.128799438476562 ],
				[ -9.8379001617431641, 7.5693001747131348, 46.296901702880859 ],
				[ -19.471700668334961, 5.3505001068115234, 37.602401733398438 ],
				[ -19.678699493408203, 10.824099540710449, 36.434200286865234 ],
				[ -9.9741001129150391, 11.189999580383301, 36.434299468994141 ],
				[ -9.7680997848510742, 5.716400146484375, 37.602298736572266 ]
			],
			"projected_cuboid": [
				[ 352.76278686523438, 790.75750732421875 ],
				[ 329.69110107421875, 978.0540771484375 ],
				[ 649.96636962890625, 990.172607421875 ],
				[ 664.97747802734375, 802.5703125 ],
				[ 210.16070556640625, 770.880615234375 ],
				[ 176.985595703125, 1002.2359008789062 ],
				[ 573.69061279296875, 1017.2462768554688 ],
				[ 594.5421142578125, 785.4248046875 ]
			]
		}
	]
}