{
	"camera_data":
	{
		"location_worldframe": [ 6806.05419921875, -4.796299934387207, 0 ],
		"quaternion_xyzw_worldframe": [ 0, 0, 0.18780000507831573, 0.982200026512146 ]
	},
	"objects": [
		{
			"class": "ExoRomper_FullPayload",
			"instance_id": 0,
			"visibility": 0.97369998693466187,
			"location": [ 0.00019999999494757503, 0, 24.705099105834961 ],
			"quaternion_xyzw": [ 0, 0.70709997415542603, 0, 0.70709997415542603 ],
			"pose_transform": [
				[ 1, 0, 0, 0 ],
				[ 0, 0, -1, 0 ],
				[ 0, -1, 0, 0 ],
				[ 0.00019999999494757503, 0, 24.705099105834961, 1 ]
			],
			"cuboid_centroid": [ 0, 0, 24.705099105834961 ],
			"projected_cuboid_centroid": [ 981.50689697265625, 558.21368408203125 ],
			"bounding_box":
			{
				"top_left": [ -4023.66015625, -4565.6181640625 ],
				"bottom_right": [ 2572.687255859375, 2237.97314453125 ]
			},
			"cuboid": [
				[ 19.291500091552734, -20.600000381469727, -4.8403000831604004 ],
				[ 19.291500091552734, -20.600000381469727, 54.249500274658203 ],
				[ 19.291500091552734, 20.600000381469727, 54.249500274658203 ],
				[ 19.291500091552734, 20.600000381469727, -4.8403000831604004 ],
				[ -19.291299819946289, -20.600000381469727, -4.8397998809814453 ],
				[ -19.291299819946289, -20.600000381469727, 54.25 ],
				[ -19.291299819946289, 20.600000381469727, 54.25 ],
				[ -19.291299819946289, 20.600000381469727, -4.8397998809814453 ]
			],
			"projected_cuboid": [
				[ -4955.6416015625, 6919.59423828125 ],
				[ 1511.1678466796875, -9.309300422668457 ],
				[ 1511.1678466796875, 1125.7357177734375 ],
				[ -4955.6416015625, -5803.17138671875 ],
				[ 6919.099609375, 6920.23779296875 ],
				[ 451.83639526367188, -9.3041000366210938 ],
				[ 451.83639526367188, 1125.7308349609375 ],
				[ 6919.099609375, -5803.8115234375 ]
			]
		},
		{
			"class": "ExoRomper_Sat",
			"instance_id": 0,
			"visibility": 0.96079999208450317,
			"location": [ -3.0359001159667969, 4.2986001968383789, 41.363800048828125 ],
			"quaternion_xyzw": [ -0.25580000877380371, 0.65789997577667236, 0.25659999251365662, 0.66019999980926514 ],
			"pose_transform": [
				[ 0.2581000030040741, 0.23639999330043793, 0.0012000000569969416, 0 ],
				[ 0.00089999998454004526, 0.00079999997979030013, -0.34999999403953552, 0 ],
				[ 0.23639999330043793, -0.2581000030040741, 0, 0 ],
				[ -3.0359001159667969, 4.2986001968383789, 41.363800048828125, 1 ]
			],
			"cuboid_centroid": [ -3.0359001159667969, 4.2986001968383789, 41.363800048828125 ],
			"projected_cuboid_centroid": [ 872.18072509765625, 713.5313720703125 ],
			"bounding_box":
			{
				"top_left": [ 481.037109375, 678.16839599609375 ],
				"bottom_right": [ 909.209228515625, 1107.554443359375 ]
			},
			"cuboid": [
				[ 3.5283000469207764, 3.7269001007080078, 38.578098297119141 ],
				[ 3.51419997215271, 3.7142000198364258, 44.17919921875 ],
				[ -3.0446999073028564, 10.875, 44.178699493408203 ],
				[ -3.0308001041412354, 10.887700080871582, 38.578098297119141 ],
				[ -3.0272998809814453, -2.2776999473571777, 38.548301696777344 ],
				[ -3.0409998893737793, -2.2904000282287598, 44.148899078369141 ],
				[ -9.6000995635986328, 4.8703999519348145, 44.148899078369141 ],
				[ -9.586400032043457, 4.8831000328063965, 38.548801422119141 ]
			],
			"projected_cuboid": [
				[ 1117.725830078125, 702.594970703125 ],
				[ 1099.984130859375, 683.86090087890625 ],
				[ 878.847900390625, 926.1124267578125 ],
				[ 864.49078369140625, 980.01312255859375 ],
				[ 864.5264892578125, 469.9031982421875 ],
				[ 878.8994140625, 480.67620849609375 ],
				[ 657.6124267578125, 723.089599609375 ],
				[ 611.08978271484375, 747.53607177734375 ]
			]
		}
	]
}