{
	"camera_data":
	{
		"location_worldframe": [ 6819.23291015625, -12.953800201416016, 0 ],
		"quaternion_xyzw_worldframe": [ 0, 0, 0.73629999160766602, 0.67669999599456787 ]
	},
	"objects": [
		{
			"class": "ExoRomper_FullPayload",
			"instance_id": 0,
			"visibility": 0.97369998693466187,
			"location": [ 0, 0, 24.704900741577148 ],
			"quaternion_xyzw": [ 0, 0.70709997415542603, 0, 0.70709997415542603 ],
			"pose_transform": [
				[ 1, 0, 0, 0 ],
				[ 0, 0, -1, 0 ],
				[ 0, -1, 0, 0 ],
				[ 0, 0, 24.704900741577148, 1 ]
			],
			"cuboid_centroid": [ 0, 0, 24.704799652099609 ],
			"projected_cuboid_centroid": [ 981.5543212890625, 558.21331787109375 ],
			"bounding_box":
			{
				"top_left": [ -4023.58447265625, -4565.65283203125 ],
				"bottom_right": [ 2572.6552734375, 2237.964111328125 ]
			},
			"cuboid": [
				[ 19.291000366210938, -20.600000381469727, -4.8400998115539551 ],
				[ 19.291500091552734, -20.600000381469727, 54.249698638916016 ],
				[ 19.291500091552734, 20.600000381469727, 54.249698638916016 ],
				[ 19.291000366210938, 20.600000381469727, -4.8400998115539551 ],
				[ -19.291500091552734, -20.600000381469727, -4.8400998115539551 ],
				[ -19.291500091552734, -20.600000381469727, 54.249698638916016 ],
				[ -19.291500091552734, 20.600000381469727, 54.249698638916016 ],
				[ -19.291500091552734, 20.600000381469727, -4.8400998115539551 ]
			],
			"projected_cuboid": [
				[ -4955.81298828125, 6919.67529296875 ],
				[ 1511.1630859375, -9.3086996078491211 ],
				[ 1511.1630859375, 1125.735107421875 ],
				[ -4955.81298828125, -5803.2490234375 ],
				[ 6918.4287109375, 6919.67529296875 ],
				[ 451.8323974609375, -9.3086996078491211 ],
				[ 451.8323974609375, 1125.735107421875 ],
				[ 6918.4287109375, -5803.2490234375 ]
			]
		},
		{
			"class": "ExoRomper_Sat",
			"instance_id": 0,
			"visibility": 0.94120001792907715,
			"location": [ -10.447299957275391, 2.9951999187469482, 41.364498138427734 ],
			"quaternion_xyzw": [ 0.1468999981880188, 0.73729997873306274, -0.12890000641345978, 0.64670002460479736 ],
			"pose_transform": [
				[ 0.32049998641014099, -0.13300000131130219, -0.045600000768899918, 0 ],
				[ -0.042100001126527786, 0.017500000074505806, -0.34700000286102295, 0 ],
				[ -0.13410000503063202, -0.32330000400543213, 0, 0 ],
				[ -10.447299957275391, 2.9951999187469482, 41.364498138427734, 1 ]
			],
			"cuboid_centroid": [ -10.447299957275391, 2.9951999187469482, 41.364498138427734 ],
			"projected_cuboid_centroid": [ 605.3280029296875, 666.43548583984375 ],
			"bounding_box":
			{
				"top_left": [ 444.5098876953125, 350.45599365234375 ],
				"bottom_right": [ 869.79400634765625, 805.0029296875 ]
			},
			"cuboid": [
				[ -8.5747003555297852, -3.038599967956543, 38.008899688720703 ],
				[ -7.9008998870849609, -3.3183000087738037, 43.561798095703125 ],
				[ -4.1786999702453613, 5.6508998870849609, 43.561798095703125 ],
				[ -4.8530001640319824, 5.9306001663208008, 38.008800506591797 ],
				[ -16.715799331665039, 0.33959999680519104, 39.167198181152344 ],
				[ -16.041999816894531, 0.059900000691413879, 44.720199584960938 ],
				[ -12.320300102233887, 9.0291004180908203, 44.720199584960938 ],
				[ -12.994099617004395, 9.3087997436523438, 39.167198181152344 ]
			],
			"projected_cuboid": [
				[ 645.49517822265625, 438.73141479492188 ],
				[ 711.36767578125, 444.3651123046875 ],
				[ 838.62152099609375, 752.08868408203125 ],
				[ 791.3397216796875, 791.412109375 ],
				[ 345.83648681640625, 571.17218017578125 ],
				[ 447.19009399414062, 560.21490478515625 ],
				[ 571.16851806640625, 859.96722412109375 ],
				[ 487.34368896484375, 913.42138671875 ]
			]
		}
	]
}