{
	"camera_data":
	{
		"location_worldframe": [ 6825.67822265625, -10.589300155639648, 0 ],
		"quaternion_xyzw_worldframe": [ 0, 0, 0.88880002498626709, 0.45820000767707825 ]
	},
	"objects": [
		{
			"class": "ExoRomper_FullPayload",
			"instance_id": 0,
			"visibility": 1,
			"location": [ 0.00050000002374872565, 0, 24.705799102783203 ],
			"quaternion_xyzw": [ 0, 0.70709997415542603, 0, 0.70709997415542603 ],
			"pose_transform": [
				[ 1, 0, 0, 0 ],
				[ 0, 0, -1, 0 ],
				[ 0, -1, 0, 0 ],
				[ 0.00050000002374872565, 0, 24.705799102783203, 1 ]
			],
			"cuboid_centroid": [ 0.00050000002374872565, 0, 24.705600738525391 ],
			"projected_cuboid_centroid": [ 981.4783935546875, 558.21337890625 ],
			"bounding_box":
			{
				"top_left": [ -4023.657470703125, -4565.6181640625 ],
				"bottom_right": [ 2572.688232421875, 2237.975830078125 ]
			},
			"cuboid": [
				[ 19.291999816894531, -20.600000381469727, -4.8390998840332031 ],
				[ 19.291999816894531, -20.600000381469727, 54.250701904296875 ],
				[ 19.291999816894531, 20.600000381469727, 54.250701904296875 ],
				[ 19.291999816894531, 20.600000381469727, -4.8390998840332031 ],
				[ -19.291000366210938, -20.600000381469727, -4.8390998840332031 ],
				[ -19.291000366210938, -20.600000381469727, 54.250499725341797 ],
				[ -19.291000366210938, 20.600000381469727, 54.250499725341797 ],
				[ -19.291000366210938, 20.600000381469727, -4.8390998840332031 ]
			],
			"projected_cuboid": [
				[ -4955.84326171875, 6919.9169921875 ],
				[ 1511.1611328125, -9.3065996170043945 ],
				[ 1511.1611328125, 1125.733154296875 ],
				[ -4955.84326171875, -5803.48779296875 ],
				[ 6918.84814453125, 6919.9169921875 ],
				[ 451.831787109375, -9.3092002868652344 ],
				[ 451.831787109375, 1125.7357177734375 ],
				[ 6918.84814453125, -5803.48779296875 ]
			]
		},
		{
			"class": "ExoRomper_Sat",
			"instance_id": 0,
			"visibility": 0.91070002317428589,
			"location": [ -12.295900344848633, 4.126500129699707, 41.366001129150391 ],
			"quaternion_xyzw": [ 0.038199998438358307, 0.10400000214576721, -0.34279999136924744, 0.93279999494552612 ],
			"pose_transform": [
				[ 0.058800000697374344, -0.049899999052286148, 0.34139999747276306, 0 ],
				[ 0.26019999384880066, -0.22110000252723694, -0.077100001275539398, 0 ],
				[ -0.22660000622272491, -0.26669999957084656, 0, 0 ],
				[ -12.295900344848633, 4.126500129699707, 41.366001129150391, 1 ]
			],
			"cuboid_centroid": [ -12.295900344848633, 4.126500129699707, 41.366001129150391 ],
			"projected_cuboid_centroid": [ 538.74737548828125, 707.3082275390625 ],
			"bounding_box":
			{
				"top_left": [ 502.84500122070312, 268.38128662109375 ],
				"bottom_right": [ 911.713623046875, 734.4462890625 ]
			},
			"cuboid": [
				[ -12.612299919128418, -1.9761999845504761, 45.084999084472656 ],
				[ -16.774900436401367, 1.5614000558853149, 46.318599700927734 ],
				[ -10.486800193786621, 8.9611997604370117, 46.318599700927734 ],
				[ -6.323699951171875, 5.4236001968383789, 45.084999084472656 ],
				[ -14.104000091552734, -0.70819997787475586, 36.413299560546875 ],
				[ -18.267099380493164, 2.8294000625610352, 37.647201538085938 ],
				[ -11.979000091552734, 10.229299545288086, 37.647201538085938 ],
				[ -7.8158998489379883, 6.6916999816894531, 36.413299560546875 ]
			],
			"projected_cuboid": [
				[ 564.80438232421875, 492.70001220703125 ],
				[ 442.02639770507812, 608.5950927734375 ],
				[ 644.22857666015625, 847.36981201171875 ],
				[ 772.5394287109375, 738.0081787109375 ],
				[ 404.52120971679688, 529.1458740234375 ],
				[ 258.71890258789062, 670.5416259765625 ],
				[ 507.5203857421875, 964.31439208984375 ],
				[ 661.75360107421875, 832.873779296875 ]
			]
		}
	]
}