{
	"camera_data":
	{
		"location_worldframe": [ 6806.9345703125, -6.5954999923706055, 0 ],
		"quaternion_xyzw_worldframe": [ 0, 0, 0.26289999485015869, 0.96480000019073486 ]
	},
	"objects": [
		{
			"class": "ExoRomper_FullPayload",
			"instance_id": 0,
			"visibility": 0.97369998693466187,
			"location": [ -0.00019999999494757503, 0, 24.704599380493164 ],
			"quaternion_xyzw": [ 0, 0.70709997415542603, 0, 0.70709997415542603 ],
			"pose_transform": [
				[ 1, 0, 0, 0 ],
				[ 0, 0, -1, 0 ],
				[ 0, -1, 0, 0 ],
				[ -0.00019999999494757503, 0, 24.704599380493164, 1 ]
			],
			"cuboid_centroid": [ -0.00050000002374872565, 0, 24.704599380493164 ],
			"projected_cuboid_centroid": [ 981.4783935546875, 558.21337890625 ],
			"bounding_box":
			{
				"top_left": [ -4023.95263671875, -4565.8505859375 ],
				"bottom_right": [ 2572.8193359375, 2237.970703125 ]
			},
			"cuboid": [
				[ 19.291000366210938, -20.600000381469727, -4.8403000831604004 ],
				[ 19.291000366210938, -20.600000381469727, 54.249500274658203 ],
				[ 19.291000366210938, 20.600000381469727, 54.249500274658203 ],
				[ 19.291000366210938, 20.600000381469727, -4.8403000831604004 ],
				[ -19.291500091552734, -20.600000381469727, -4.8397998809814453 ],
				[ -19.29170036315918, -20.600000381469727, 54.25 ],
				[ -19.29170036315918, 20.600000381469727, 54.25 ],
				[ -19.291500091552734, 20.600000381469727, -4.8397998809814453 ]
			],
			"projected_cuboid": [
				[ -4956.1416015625, 6920.23974609375 ],
				[ 1511.155029296875, -9.3092002868652344 ],
				[ 1511.155029296875, 1125.7359619140625 ],
				[ -4956.1416015625, -5803.81005859375 ],
				[ 6919.2451171875, 6920.23974609375 ],
				[ 451.819091796875, -9.3043003082275391 ],
				[ 451.819091796875, 1125.7305908203125 ],
				[ 6919.2451171875, -5803.81005859375 ]
			]
		},
		{
			"class": "ExoRomper_Sat",
			"instance_id": 0,
			"visibility": 0.89289999008178711,
			"location": [ -13.497799873352051, 5.4437999725341797, 41.362800598144531 ],
			"quaternion_xyzw": [ -0.35600000619888306, -0.68409997224807739, -0.2939000129699707, 0.56470000743865967 ],
			"pose_transform": [
				[ -0.19720000028610229, 0.28150001168251038, -0.066299997270107269, 0 ],
				[ -0.037999998778104782, 0.05429999902844429, 0.34369999170303345, 0 ],
				[ -0.28670001029968262, -0.20080000162124634, 0, 0 ],
				[ -13.497799873352051, 5.4437999725341797, 41.362800598144531, 1 ]
			],
			"cuboid_centroid": [ -13.497799873352051, 5.4437999725341797, 41.362800598144531 ],
			"projected_cuboid_centroid": [ 495.44039916992188, 754.90948486328125 ],
			"bounding_box":
			{
				"top_left": [ 515.21148681640625, 218.58610534667969 ],
				"bottom_right": [ 948.8734130859375, 684.84912109375 ]
			},
			"cuboid": [
				[ -20.283000946044922, 6.667600154876709, 43.270999908447266 ],
				[ -19.674299240112305, 5.7985000610351562, 37.771499633789062 ],
				[ -11.720700263977051, 11.369600296020508, 37.771499633789062 ],
				[ -12.329299926757812, 12.238699913024902, 43.270999908447266 ],
				[ -15.275400161743164, -0.48199999332427979, 44.955101013183594 ],
				[ -14.666500091552734, -1.351099967956543, 39.456100463867188 ],
				[ -6.7126002311706543, 4.2199997901916504, 39.455600738525391 ],
				[ -7.3214998245239258, 5.0890998840332031, 44.955101013183594 ]
			],
			"projected_cuboid": [
				[ 283.30938720703125, 788.5059814453125 ],
				[ 205.66819763183594, 787.6455078125 ],
				[ 519.30859375, 1008.0872802734375 ],
				[ 557.0968017578125, 980.9285888671875 ],
				[ 475.385986328125, 542.18792724609375 ],
				[ 427.82830810546875, 507.0347900390625 ],
				[ 728.08740234375, 718.06201171875 ],
				[ 738.9171142578125, 727.4019775390625 ]
			]
		}
	]
}