{
	"camera_data":
	{
		"location_worldframe": [ 6826.21728515625, -10.183799743652344, 0 ],
		"quaternion_xyzw_worldframe": [ 0, 0, 0.90039998292922974, 0.43500000238418579 ]
	},
	"objects": [
		{
			"class": "ExoRomper_FullPayload",
			"instance_id": 0,
			"visibility": 0.98669999837875366,
			"location": [ -0.00050000002374872565, 0, 24.704099655151367 ],
			"quaternion_xyzw": [ 0, 0.70709997415542603, 0, 0.70709997415542603 ],
			"pose_transform": [
				[ 1, 0, 0, 0 ],
				[ 0, 0, -1, 0 ],
				[ 0, -1, 0, 0 ],
				[ -0.00050000002374872565, 0, 24.704099655151367, 1 ]
			],
			"cuboid_centroid": [ -0.00050000002374872565, 0, 24.704099655151367 ],
			"projected_cuboid_centroid": [ 981.5172119140625, 558.21380615234375 ],
			"bounding_box":
			{
				"top_left": [ -4023.06787109375, -4564.90576171875 ],
				"bottom_right": [ 2572.42724609375, 2237.96044921875 ]
			},
			"cuboid": [
				[ 19.291000366210938, -20.600000381469727, -4.8403000831604004 ],
				[ 19.290500640869141, -20.600000381469727, 54.249500274658203 ],
				[ 19.290500640869141, 20.600000381469727, 54.249500274658203 ],
				[ 19.291000366210938, 20.600000381469727, -4.8403000831604004 ],
				[ -19.291999816894531, -20.600000381469727, -4.8403000831604004 ],
				[ -19.291999816894531, -20.600000381469727, 54.249500274658203 ],
				[ -19.291999816894531, 20.600000381469727, 54.249500274658203 ],
				[ -19.291999816894531, 20.600000381469727, -4.8403000831604004 ]
			],
			"projected_cuboid": [
				[ -4954.9482421875, 6918.95361328125 ],
				[ 1511.16845703125, -9.3142995834350586 ],
				[ 1511.16845703125, 1125.7408447265625 ],
				[ -4954.9482421875, -5802.5263671875 ],
				[ 6917.9462890625, 6918.95361328125 ],
				[ 451.82720947265625, -9.3142004013061523 ],
				[ 451.82720947265625, 1125.7408447265625 ],
				[ 6917.9462890625, -5802.5263671875 ]
			]
		},
		{
			"class": "ExoRomper_Sat",
			"instance_id": 0,
			"visibility": 0.95829999446868896,
			"location": [ -1.0972000360488892, 7.3316998481750488, 41.364299774169922 ],
			"quaternion_xyzw": [ -0.5877000093460083, 0.80449998378753662, -0.050799999386072159, -0.069499999284744263 ],
			"pose_transform": [
				[ -0.018300000578165054, -0.057199999690055847, -0.34479999542236328, 0 ],
				[ -0.10490000247955322, -0.32850000262260437, 0.059999998658895493, 0 ],
				[ 0.33340001106262207, -0.10639999806880951, 0, 0 ],
				[ -1.0972000360488892, 7.3316998481750488, 41.364299774169922, 1 ]
			],
			"cuboid_centroid": [ -1.0972000360488892, 7.3316998481750488, 41.364299774169922 ],
			"projected_cuboid_centroid": [ 942.02728271484375, 823.11737060546875 ],
			"bounding_box":
			{
				"top_left": [ 661.7335205078125, 742.95391845703125 ],
				"bottom_right": [ 978.26971435546875, 1144.8331298828125 ]
			},
			"cuboid": [
				[ 2.4579999446868896, 2.5006999969482422, 37.465301513671875 ],
				[ 4.136199951171875, 7.7571001052856445, 36.505401611328125 ],
				[ -5.1146998405456543, 10.710300445556641, 36.504901885986328 ],
				[ -6.7934999465942383, 5.4538998603820801, 37.465301513671875 ],
				[ 2.9219000339508057, 3.9530000686645508, 46.223598480224609 ],
				[ 4.5995998382568359, 9.2094001770019531, 45.263198852539062 ],
				[ -4.6508998870849609, 12.162599563598633, 45.263698577880859 ],
				[ -6.3291001319885254, 6.9061999320983887, 46.223598480224609 ]
			],
			"projected_cuboid": [
				[ 1079.2586669921875, 657.97100830078125 ],
				[ 1150.2716064453125, 875.7974853515625 ],
				[ 772.83331298828125, 996.711181640625 ],
				[ 711.448486328125, 775.7791748046875 ],
				[ 1075.6661376953125, 686.0269775390625 ],
				[ 1132.8828125, 862.30047607421875 ],
				[ 828.48028564453125, 959.80828857421875 ],
				[ 777.5667724609375, 781.513427734375 ]
			]
		}
	]
}