{
	"camera_data":
	{
		"location_worldframe": [ 6805.259765625, -1.7798999547958374, 0 ],
		"quaternion_xyzw_worldframe": [ 0, 0, 0.068599998950958252, 0.9976000189781189 ]
	},
	"objects": [
		{
			"class": "ExoRomper_FullPayload",
			"instance_id": 0,
			"visibility": 1,
			"location": [ -9.9999997473787516e-05, 0, 24.705099105834961 ],
			"quaternion_xyzw": [ 0, 0.70709997415542603, 0, 0.70709997415542603 ],
			"pose_transform": [
				[ 1, 0, 0, 0 ],
				[ 0, 0, -1, 0 ],
				[ 0, -1, 0, 0 ],
				[ -9.9999997473787516e-05, 0, 24.705099105834961, 1 ]
			],
			"cuboid_centroid": [ 0, 0, 24.704599380493164 ],
			"projected_cuboid_centroid": [ 981.4976806640625, 558.21307373046875 ],
			"bounding_box":
			{
				"top_left": [ -4023.36083984375, -4565.24658203125 ],
				"bottom_right": [ 2572.5595703125, 2237.952392578125 ]
			},
			"cuboid": [
				[ 19.291299819946289, -20.600000381469727, -4.8397998809814453 ],
				[ 19.291299819946289, -20.600000381469727, 54.249500274658203 ],
				[ 19.291299819946289, 20.600000381469727, 54.249500274658203 ],
				[ 19.291299819946289, 20.600000381469727, -4.8397998809814453 ],
				[ -19.291299819946289, -20.600000381469727, -4.8397998809814453 ],
				[ -19.291299819946289, -20.600000381469727, 54.249500274658203 ],
				[ -19.291299819946289, 20.600000381469727, 54.249500274658203 ],
				[ -19.291299819946289, 20.600000381469727, -4.8397998809814453 ]
			],
			"projected_cuboid": [
				[ -4955.5927734375, 6919.59619140625 ],
				[ 1511.16845703125, -9.3142995834350586 ],
				[ 1511.16845703125, 1125.7408447265625 ],
				[ -4955.5927734375, -5803.166015625 ],
				[ 6918.54736328125, 6919.59619140625 ],
				[ 451.82501220703125, -9.3142995834350586 ],
				[ 451.82501220703125, 1125.7408447265625 ],
				[ 6918.54736328125, -5803.166015625 ]
			]
		},
		{
			"class": "ExoRomper_Sat",
			"instance_id": 0,
			"visibility": 0.85449999570846558,
			"location": [ -13.886599540710449, 6.066199779510498, 41.364299774169922 ],
			"quaternion_xyzw": [ -0.2054000049829483, -0.34880000352859497, -0.46410000324249268, 0.78789997100830078 ],
			"pose_transform": [
				[ -0.12559999525547028, 0.22660000622272491, 0.23530000448226929, 0 ],
				[ 0.11410000175237656, -0.20579999685287476, 0.25909999012947083, 0 ],
				[ -0.30610001087188721, -0.16969999670982361, 0, 0 ],
				[ -13.886599540710449, 6.066199779510498, 41.364299774169922, 1 ]
			],
			"cuboid_centroid": [ -13.886599540710449, 6.066199779510498, 41.364299774169922 ],
			"projected_cuboid_centroid": [ 481.44769287109375, 777.3956298828125 ],
			"bounding_box":
			{
				"top_left": [ 534.6038818359375, 264.53329467773438 ],
				"bottom_right": [ 973.11480712890625, 681.33367919921875 ]
			},
			"cuboid": [
				[ -18.815799713134766, 4.943699836730957, 46.425300598144531 ],
				[ -20.641199111938477, 8.2369003295898438, 42.279300689697266 ],
				[ -12.147899627685547, 12.944700241088867, 42.279300689697266 ],
				[ -10.322500228881836, 9.6514997482299805, 46.424800872802734 ],
				[ -15.625300407409668, -0.81230002641677856, 40.449199676513672 ],
				[ -17.450700759887695, 2.4809000492095947, 36.302200317382812 ],
				[ -8.9573001861572266, 7.1886000633239746, 36.302200317382812 ],
				[ -7.1319999694824219, 3.8954000473022461, 40.448699951171875 ]
			],
			"projected_cuboid": [
				[ 377.814697265625, 717.36651611328125 ],
				[ 254.30769348144531, 849.38787841796875 ],
				[ 553.52337646484375, 1015.8068237304688 ],
				[ 650.3082275390625, 868.9271240234375 ],
				[ 406.11111450195312, 528.19769287109375 ],
				[ 265.48910522460938, 660.350830078125 ],
				[ 613.972900390625, 854.16998291015625 ],
				[ 718.8671875, 702.14801025390625 ]
			]
		}
	]
}