{
	"camera_data":
	{
		"location_worldframe": [ 6828.1376953125, -8.3062000274658203, 0 ],
		"quaternion_xyzw_worldframe": [ 0, 0, 0.94050002098083496, 0.33970001339912415 ]
	},
	"objects": [
		{
			"class": "ExoRomper_FullPayload",
			"instance_id": 0,
			"visibility": 0.98669999837875366,
			"location": [ 0, 0, 24.705099105834961 ],
			"quaternion_xyzw": [ 0, 0.70709997415542603, 0, 0.70709997415542603 ],
			"pose_transform": [
				[ 1, 0, 0, 0 ],
				[ 0, 0, -1, 0 ],
				[ 0, -1, 0, 0 ],
				[ 0, 0, 24.705099105834961, 1 ]
			],
			"cuboid_centroid": [ 0, 0, 24.705099105834961 ],
			"projected_cuboid_centroid": [ 981.49737548828125, 558.21307373046875 ],
			"bounding_box":
			{
				"top_left": [ -4023.658447265625, -4565.6181640625 ],
				"bottom_right": [ 2572.688232421875, 2237.97314453125 ]
			},
			"cuboid": [
				[ 19.291500091552734, -20.600000381469727, -4.8397998809814453 ],
				[ 19.291000366210938, -20.600000381469727, 54.25 ],
				[ 19.291000366210938, 20.600000381469727, 54.25 ],
				[ 19.291500091552734, 20.600000381469727, -4.8397998809814453 ],
				[ -19.291500091552734, -20.600000381469727, -4.8403000831604004 ],
				[ -19.291500091552734, -20.600000381469727, 54.249500274658203 ],
				[ -19.291500091552734, 20.600000381469727, 54.249500274658203 ],
				[ -19.291500091552734, 20.600000381469727, -4.8403000831604004 ]
			],
			"projected_cuboid": [
				[ -4955.54443359375, 6919.59521484375 ],
				[ 1511.16357421875, -9.3092002868652344 ],
				[ 1511.16357421875, 1125.7357177734375 ],
				[ -4955.54443359375, -5803.169921875 ],
				[ 6917.9462890625, 6918.95166015625 ],
				[ 451.82321166992188, -9.3093996047973633 ],
				[ 451.82321166992188, 1125.7357177734375 ],
				[ 6917.9462890625, -5802.5302734375 ]
			]
		},
		{
			"class": "ExoRomper_Sat",
			"instance_id": 0,
			"visibility": 0.87800002098083496,
			"location": [ -2.250499963760376, 5.1486001014709473, 41.365200042724609 ],
			"quaternion_xyzw": [ 0.10819999873638153, -0.22200000286102295, 0.42460000514984131, 0.87099999189376831 ],
			"pose_transform": [
				[ -0.10320000350475311, -0.13199999928474426, 0.30730000138282776, 0 ],
				[ 0.18930000066757202, 0.24210000038146973, 0.16750000417232513, 0 ],
				[ 0.27570000290870667, -0.21559999883174896, 0, 0 ],
				[ -2.250499963760376, 5.1486001014709473, 41.365200042724609, 1 ]
			],
			"cuboid_centroid": [ -2.250499963760376, 5.1486001014709473, 41.365200042724609 ],
			"projected_cuboid_centroid": [ 900.484375, 744.23602294921875 ],
			"bounding_box":
			{
				"top_left": [ 516.86212158203125, 711.8577880859375 ],
				"bottom_right": [ 950.78167724609375, 1138.215576171875 ]
			},
			"cuboid": [
				[ 1.7783000469207764, 2.4186000823974609, 46.6083984375 ],
				[ -1.250499963760376, -1.4551999568939209, 43.927700042724609 ],
				[ -8.8999004364013672, 4.5267000198364258, 43.927700042724609 ],
				[ -5.8706002235412598, 8.4005002975463867, 46.6083984375 ],
				[ 4.3994002342224121, 5.7704000473022461, 38.802700042724609 ],
				[ 1.3701000213623047, 1.8967000246047974, 36.122600555419922 ],
				[ -6.2788000106811523, 7.8784999847412109, 36.122100830078125 ],
				[ -3.25, 11.752300262451172, 38.802700042724609 ]
			],
			"projected_cuboid": [
				[ 1038.33544921875, 635.76910400390625 ],
				[ 939.0955810546875, 508.70419311523438 ],
				[ 679.7279052734375, 712.22711181640625 ],
				[ 793.88531494140625, 827.58660888671875 ],
				[ 1150.3836669921875, 780.469482421875 ],
				[ 1038.015625, 636.6873779296875 ],
				[ 722.58892822265625, 884.19097900390625 ],
				[ 856.761474609375, 1010.8764038085938 ]
			]
		}
	]
}