{
	"camera_data":
	{
		"location_worldframe": [ 6830.208984375, -4.8241000175476074, 0 ],
		"quaternion_xyzw_worldframe": [ 0, 0, 0.98199999332427979, 0.18889999389648438 ]
	},
	"objects": [
		{
			"class": "ExoRomper_FullPayload",
			"instance_id": 0,
			"visibility": 0.98669999837875366,
			"location": [ 0, 0, 24.705600738525391 ],
			"quaternion_xyzw": [ 0, 0.70709997415542603, 0, 0.70709997415542603 ],
			"pose_transform": [
				[ 1, 0, 0, 0 ],
				[ 0, 0, -1, 0 ],
				[ 0, -1, 0, 0 ],
				[ 0, 0, 24.705600738525391, 1 ]
			],
			"cuboid_centroid": [ 0, 0, 24.705600738525391 ],
			"projected_cuboid_centroid": [ 981.49737548828125, 558.21337890625 ],
			"bounding_box":
			{
				"top_left": [ -4023.364501953125, -4565.19970703125 ],
				"bottom_right": [ 2572.55712890625, 2237.985107421875 ]
			},
			"cuboid": [
				[ 19.291299819946289, -20.600000381469727, -4.8393998146057129 ],
				[ 19.291500091552734, -20.600000381469727, 54.250999450683594 ],
				[ 19.291500091552734, 20.600000381469727, 54.250999450683594 ],
				[ 19.291299819946289, 20.600000381469727, -4.8393998146057129 ],
				[ -19.291500091552734, -20.600000381469727, -4.8393998146057129 ],
				[ -19.291299819946289, -20.600000381469727, 54.250499725341797 ],
				[ -19.291299819946289, 20.600000381469727, 54.250499725341797 ],
				[ -19.291500091552734, 20.600000381469727, -4.8393998146057129 ]
			],
			"projected_cuboid": [
				[ -4955.54443359375, 6919.59619140625 ],
				[ 1511.15869140625, -9.3042001724243164 ],
				[ 1511.15869140625, 1125.730712890625 ],
				[ -4955.54443359375, -5803.169921875 ],
				[ 6918.59521484375, 6919.59423828125 ],
				[ 451.8275146484375, -9.3092002868652344 ],
				[ 451.8275146484375, 1125.7359619140625 ],
				[ 6918.59521484375, -5803.17138671875 ]
			]
		},
		{
			"class": "ExoRomper_Sat",
			"instance_id": 0,
			"visibility": 0.94120001792907715,
			"location": [ -10.824700355529785, 3.1652998924255371, 41.366199493408203 ],
			"quaternion_xyzw": [ -0.1737000048160553, -0.75459998846054077, -0.14200000464916229, 0.61659997701644897 ],
			"pose_transform": [
				[ -0.30849999189376831, 0.15000000596046448, -0.069700002670288086, 0 ],
				[ -0.062700003385543823, 0.030500000342726707, 0.34299999475479126, 0 ],
				[ -0.15309999883174896, -0.31479999423027039, 0, 0 ],
				[ -10.824700355529785, 3.1652998924255371, 41.366199493408203, 1 ]
			],
			"cuboid_centroid": [ -10.824700355529785, 3.1652998924255371, 41.366199493408203 ],
			"projected_cuboid_centroid": [ 591.70941162109375, 672.57757568359375 ],
			"bounding_box":
			{
				"top_left": [ 439.80770874023438, 341.60488891601562 ],
				"bottom_right": [ 869.40301513671875, 778.05609130859375 ]
			},
			"cuboid": [
				[ -17.36720085144043, 0.94749999046325684, 43.225101470947266 ],
				[ -16.363500595092773, 0.45960000157356262, 37.736801147460938 ],
				[ -12.117199897766113, 9.1927003860473633, 37.736301422119141 ],
				[ -13.120599746704102, 9.6806001663208008, 43.225101470947266 ],
				[ -9.5325002670288086, -2.8620998859405518, 44.995601654052734 ],
				[ -8.5291004180908203, -3.3499999046325684, 39.507301330566406 ],
				[ -4.2827000617980957, 5.3831000328063965, 39.507801055908203 ],
				[ -5.2859001159667969, 5.870999813079834, 44.996101379394531 ]
			],
			"projected_cuboid": [
				[ 383.0338134765625, 590.97607421875 ],
				[ 335.60369873046875, 576.41558837890625 ],
				[ 503.21029663085938, 922.29852294921875 ],
				[ 529.35882568359375, 892.93731689453125 ],
				[ 665.93157958984375, 463.14669799804688 ],
				[ 659.93328857421875, 431.48089599609375 ],
				[ 820.0299072265625, 761.855224609375 ],
				[ 806.50592041015625, 753.223876953125 ]
			]
		}
	]
}