{
	"camera_data":
	{
		"location_worldframe": [ 6812.94677734375, -11.918800354003906, 0 ],
		"quaternion_xyzw_worldframe": [ 0, 0, 0.54809999465942383, 0.83639997243881226 ]
	},
	"objects": [
		{
			"class": "ExoRomper_FullPayload",
			"instance_id": 0,
			"visibility": 0.97369998693466187,
			"location": [ 0, 0, 24.705299377441406 ],
			"quaternion_xyzw": [ 0, 0.70709997415542603, 0, 0.70709997415542603 ],
			"pose_transform": [
				[ 1, 0, 0, 0 ],
				[ 0, 0, -1, 0 ],
				[ 0, -1, 0, 0 ],
				[ 0, 0, 24.705299377441406, 1 ]
			],
			"cuboid_centroid": [ 0, 0, 24.705299377441406 ],
			"projected_cuboid_centroid": [ 981.4783935546875, 558.21307373046875 ],
			"bounding_box":
			{
				"top_left": [ -4023.363037109375, -4565.26171875 ],
				"bottom_right": [ 2572.5576171875, 2237.970703125 ]
			},
			"cuboid": [
				[ 19.291999816894531, -20.600000381469727, -4.8397998809814453 ],
				[ 19.291999816894531, -20.600000381469727, 54.25 ],
				[ 19.291999816894531, 20.600000381469727, 54.25 ],
				[ 19.291999816894531, 20.600000381469727, -4.8397998809814453 ],
				[ -19.290500640869141, -20.600000381469727, -4.8396000862121582 ],
				[ -19.290500640869141, -20.600000381469727, 54.25 ],
				[ -19.290500640869141, 20.600000381469727, 54.25 ],
				[ -19.290500640869141, 20.600000381469727, -4.8396000862121582 ]
			],
			"projected_cuboid": [
				[ -4955.43994140625, 6919.27392578125 ],
				[ 1511.1859130859375, -9.3142995834350586 ],
				[ 1511.1859130859375, 1125.7408447265625 ],
				[ -4955.43994140625, -5802.8486328125 ],
				[ 6918.052734375, 6919.27392578125 ],
				[ 451.82949829101562, -9.3118000030517578 ],
				[ 451.82949829101562, 1125.73828125 ],
				[ 6918.052734375, -5802.8486328125 ]
			]
		},
		{
			"class": "ExoRomper_Sat",
			"instance_id": 0,
			"visibility": 0.91490000486373901,
			"location": [ -3.7685999870300293, 3.7121999263763428, 41.364700317382812 ],
			"quaternion_xyzw": [ -0.27000001072883606, 0.86159998178482056, -0.12849999964237213, -0.41010001301765442 ],
			"pose_transform": [
				[ -0.22310000658035278, -0.1550000011920929, -0.22069999575614929, 0 ],
				[ -0.18119999766349792, -0.12600000202655792, 0.27169999480247498, 0 ],
				[ 0.19979999959468842, -0.2874000072479248, 0, 0 ],
				[ -3.7685999870300293, 3.7121999263763428, 41.364700317382812, 1 ]
			],
			"cuboid_centroid": [ -3.7685999870300293, 3.7121999263763428, 41.364700317382812 ],
			"projected_cuboid_centroid": [ 845.7716064453125, 692.3394775390625 ],
			"bounding_box":
			{
				"top_left": [ 450.57229614257812, 639.8638916015625 ],
				"bottom_right": [ 893.00457763671875, 1090.4310302734375 ]
			},
			"cuboid": [
				[ -5.2797999382019043, -3.2516000270843506, 40.735401153564453 ],
				[ -2.3798999786376953, -1.2359999418258667, 36.388401031494141 ],
				[ -7.9229001998901367, 6.7376999855041504, 36.388198852539062 ],
				[ -10.822299957275391, 4.722099781036377, 40.735099792480469 ],
				[ 0.38569998741149902, 0.68660002946853638, 46.340801239013672 ],
				[ 3.285599946975708, 2.7021999359130859, 41.993900299072266 ],
				[ -2.2562999725341797, 10.675900459289551, 41.993900299072266 ],
				[ -5.1561999320983887, 8.6603002548217773, 46.340801239013672 ]
			],
			"projected_cuboid": [
				[ 788.42547607421875, 438.91140747070312 ],
				[ 884.0482177734375, 507.44821166992188 ],
				[ 657.16961669921875, 834.952392578125 ],
				[ 585.7581787109375, 731.46722412109375 ],
				[ 993.886474609375, 580.35748291015625 ],
				[ 1098.0350341796875, 654.38720703125 ],
				[ 901.44207763671875, 938.172607421875 ],
				[ 815.7554931640625, 837.523193359375 ]
			]
		}
	]
}