{
	"camera_data":
	{
		"location_worldframe": [ 6805.1572265625, -0.72430002689361572, 0 ],
		"quaternion_xyzw_worldframe": [ 0, 0, 0.027899999171495438, 0.99959999322891235 ]
	},
	"objects": [
		{
			"class": "ExoRomper_FullPayload",
			"instance_id": 0,
			"visibility": 0.98669999837875366,
			"location": [ 0, 0, 24.705099105834961 ],
			"quaternion_xyzw": [ 0, 0.70709997415542603, 0, 0.70709997415542603 ],
			"pose_transform": [
				[ 1, 0, 0, 0 ],
				[ 0, 0, -1, 0 ],
				[ 0, -1, 0, 0 ],
				[ 0, 0, 24.705099105834961, 1 ]
			],
			"cuboid_centroid": [ 0, 0, 24.705099105834961 ],
			"projected_cuboid_centroid": [ 981.49261474609375, 558.21337890625 ],
			"bounding_box":
			{
				"top_left": [ -4023.658447265625, -4565.58740234375 ],
				"bottom_right": [ 2572.687255859375, 2237.9755859375 ]
			},
			"cuboid": [
				[ 19.291400909423828, -20.600000381469727, -4.8397998809814453 ],
				[ 19.291400909423828, -20.600000381469727, 54.25 ],
				[ 19.291400909423828, 20.600000381469727, 54.25 ],
				[ 19.291400909423828, 20.600000381469727, -4.8397998809814453 ],
				[ -19.291299819946289, -20.600000381469727, -4.8393998146057129 ],
				[ -19.291400909423828, -20.600000381469727, 54.25 ],
				[ -19.291400909423828, 20.600000381469727, 54.25 ],
				[ -19.291299819946289, 20.600000381469727, -4.8393998146057129 ]
			],
			"projected_cuboid": [
				[ -4955.5625, 6919.59423828125 ],
				[ 1511.1610107421875, -9.309300422668457 ],
				[ 1511.1610107421875, 1125.7357177734375 ],
				[ -4955.5625, -5803.17138671875 ],
				[ 6919.154296875, 6920.23779296875 ],
				[ 451.8275146484375, -9.3092002868652344 ],
				[ 451.8275146484375, 1125.7359619140625 ],
				[ 6919.154296875, -5803.8115234375 ]
			]
		},
		{
			"class": "ExoRomper_Sat",
			"instance_id": 0,
			"visibility": 0.95999997854232788,
			"location": [ -8.6583995819091797, 2.5174999237060547, 41.364299774169922 ],
			"quaternion_xyzw": [ 0.063500002026557922, 0.98989999294281006, -0.0081000002101063728, 0.12649999558925629 ],
			"pose_transform": [
				[ 0.087300002574920654, -0.01119999960064888, -0.33880001306533813, 0 ],
				[ -0.335999995470047, 0.043299999088048935, -0.087999999523162842, 0 ],
				[ -0.044700000435113907, -0.34709998965263367, 0, 0 ],
				[ -8.6583995819091797, 2.5174999237060547, 41.364299774169922, 1 ]
			],
			"cuboid_centroid": [ -8.6583995819091797, 2.5174999237060547, 41.364299774169922 ],
			"projected_cuboid_centroid": [ 669.71099853515625, 649.17498779296875 ],
			"bounding_box":
			{
				"top_left": [ 450.14761352539062, 537.1279296875 ],
				"bottom_right": [ 845.66552734375, 802.0618896484375 ]
			},
			"cuboid": [
				[ -10.858799934387207, -2.0945000648498535, 36.357398986816406 ],
				[ -5.4823999404907227, -2.7871999740600586, 37.766101837158203 ],
				[ -4.2414999008178711, 6.843900203704834, 37.765598297119141 ],
				[ -9.6178998947143555, 7.5366001129150391, 36.3583984375 ],
				[ -13.075400352478027, -1.808899998664856, 44.962898254394531 ],
				[ -7.6989998817443848, -2.5016000270843506, 46.370601654052734 ],
				[ -6.4580001831054688, 7.1294999122619629, 46.370098114013672 ],
				[ -11.834400177001953, 7.822199821472168, 44.962398529052734 ]
			],
			"projected_cuboid": [
				[ 536.630126953125, 472.11309814453125 ],
				[ 765.267822265625, 447.910400390625 ],
				[ 814.2083740234375, 829.05938720703125 ],
				[ 587.4774169921875, 868.0177001953125 ],
				[ 548.3427734375, 498.08480834960938 ],
				[ 734.190185546875, 477.58331298828125 ],
				[ 774.04901123046875, 788.00628662109375 ],
				[ 589.447021484375, 818.22698974609375 ]
			]
		}
	]
}