{
	"camera_data":
	{
		"location_worldframe": [ 6830.58544921875, 3.7469000816345215, 0 ],
		"quaternion_xyzw_worldframe": [ 0, 0, -0.98930001258850098, 0.14569999277591705 ]
	},
	"objects": [
		{
			"class": "ExoRomper_FullPayload",
			"instance_id": 0,
			"visibility": 1,
			"location": [ 9.9999997473787516e-05, 0, 24.705099105834961 ],
			"quaternion_xyzw": [ 0, 0.70709997415542603, 0, 0.70709997415542603 ],
			"pose_transform": [
				[ 1, 0, 0, 0 ],
				[ 0, 0, -1, 0 ],
				[ 0, -1, 0, 0 ],
				[ 9.9999997473787516e-05, 0, 24.705099105834961, 1 ]
			],
			"cuboid_centroid": [ 9.9999997473787516e-05, 0, 24.705099105834961 ],
			"projected_cuboid_centroid": [ 981.4879150390625, 558.21337890625 ],
			"bounding_box":
			{
				"top_left": [ -4023.95361328125, -4565.943359375 ],
				"bottom_right": [ 2572.818115234375, 2237.977294921875 ]
			},
			"cuboid": [
				[ 19.291500091552734, -20.600000381469727, -4.8397998809814453 ],
				[ 19.291400909423828, -20.600000381469727, 54.250499725341797 ],
				[ 19.291400909423828, 20.600000381469727, 54.250499725341797 ],
				[ 19.291500091552734, 20.600000381469727, -4.8397998809814453 ],
				[ -19.291099548339844, -20.600000381469727, -4.8393998146057129 ],
				[ -19.291099548339844, -20.600000381469727, 54.25 ],
				[ -19.291099548339844, 20.600000381469727, 54.25 ],
				[ -19.291099548339844, 20.600000381469727, -4.8393998146057129 ]
			],
			"projected_cuboid": [
				[ -4955.54443359375, 6919.59619140625 ],
				[ 1511.154296875, -9.3043003082275391 ],
				[ 1511.154296875, 1125.7305908203125 ],
				[ -4955.54443359375, -5803.169921875 ],
				[ 6919.1484375, 6920.23974609375 ],
				[ 451.8275146484375, -9.309300422668457 ],
				[ 451.8275146484375, 1125.7357177734375 ],
				[ 6919.1484375, -5803.81005859375 ]
			]
		},
		{
			"class": "ExoRomper_Sat",
			"instance_id": 0,
			"visibility": 0.94739997386932373,
			"location": [ -8.5878000259399414, 2.5092999935150146, 41.365699768066406 ],
			"quaternion_xyzw": [ -0.0076999999582767487, -0.13019999861717224, -0.058400001376867294, 0.98970001935958862 ],
			"pose_transform": [
				[ -0.089900001883506775, 0.010700000450015068, 0.33809998631477356, 0 ],
				[ 0.33570000529289246, -0.039799999445676804, 0.090599998831748962, 0 ],
				[ -0.041200000792741776, -0.34760001301765442, 0, 0 ],
				[ -8.5878000259399414, 2.5092999935150146, 41.365699768066406, 1 ]
			],
			"cuboid_centroid": [ -8.5878000259399414, 2.5092999935150146, 41.365699768066406 ],
			"projected_cuboid_centroid": [ 672.256103515625, 648.87408447265625 ],
			"bounding_box":
			{
				"top_left": [ 450.84408569335938, 543.17822265625 ],
				"bottom_right": [ 845.3275146484375, 806.1654052734375 ]
			},
			"cuboid": [
				[ -7.6150999069213867, -2.4953999519348145, 46.38330078125 ],
				[ -12.987400054931641, -1.8586000204086304, 44.934101104736328 ],
				[ -11.844499588012695, 7.784599781036377, 44.934101104736328 ],
				[ -6.4721999168395996, 7.1479001045227051, 46.38330078125 ],
				[ -5.3310999870300293, -2.7660999298095703, 37.7958984375 ],
				[ -10.703399658203125, -2.1293001174926758, 36.346698760986328 ],
				[ -9.5604000091552734, 7.5138998031616211, 36.347198486328125 ],
				[ -4.1880998611450195, 6.8770999908447266, 37.7958984375 ]
			],
			"projected_cuboid": [
				[ 736.9453125, 477.80661010742188 ],
				[ 550.97381591796875, 496.393310546875 ],
				[ 588.86260986328125, 817.140625 ],
				[ 773.65032958984375, 788.53228759765625 ],
				[ 771.38818359375, 448.83261108398438 ],
				[ 542.85821533203125, 470.6553955078125 ],
				[ 589.69732666015625, 867.17962646484375 ],
				[ 816.43902587890625, 830.15692138671875 ]
			]
		}
	]
}