{
	"camera_data":
	{
		"location_worldframe": [ 6810.2744140625, -10.35260009765625, 0 ],
		"quaternion_xyzw_worldframe": [ 0, 0, 0.44449999928474426, 0.89579999446868896 ]
	},
	"objects": [
		{
			"class": "ExoRomper_FullPayload",
			"instance_id": 0,
			"visibility": 0.97369998693466187,
			"location": [ 0.00050000002374872565, 0, 24.705099105834961 ],
			"quaternion_xyzw": [ 0, 0.70709997415542603, 0, 0.70709997415542603 ],
			"pose_transform": [
				[ 1, 0, 0, 0 ],
				[ 0, 0, -1, 0 ],
				[ 0, -1, 0, 0 ],
				[ 0.00050000002374872565, 0, 24.705099105834961, 1 ]
			],
			"cuboid_centroid": [ 0, 0, 24.705099105834961 ],
			"projected_cuboid_centroid": [ 981.51641845703125, 558.21307373046875 ],
			"bounding_box":
			{
				"top_left": [ -4023.363525390625, -4565.26171875 ],
				"bottom_right": [ 2572.55712890625, 2237.96533203125 ]
			},
			"cuboid": [
				[ 19.291500091552734, -20.600000381469727, -4.8403000831604004 ],
				[ 19.291999816894531, -20.600000381469727, 54.249500274658203 ],
				[ 19.291999816894531, 20.600000381469727, 54.249500274658203 ],
				[ 19.291500091552734, 20.600000381469727, -4.8403000831604004 ],
				[ -19.291000366210938, -20.600000381469727, -4.8397998809814453 ],
				[ -19.291000366210938, -20.600000381469727, 54.25 ],
				[ -19.291000366210938, 20.600000381469727, 54.25 ],
				[ -19.291000366210938, 20.600000381469727, -4.8397998809814453 ]
			],
			"projected_cuboid": [
				[ -4955.54443359375, 6919.59423828125 ],
				[ 1511.16357421875, -9.3092002868652344 ],
				[ 1511.16357421875, 1125.7357177734375 ],
				[ -4955.54443359375, -5803.1689453125 ],
				[ 6918.54736328125, 6919.59423828125 ],
				[ 451.831787109375, -9.309300422668457 ],
				[ 451.831787109375, 1125.735595703125 ],
				[ 6918.54736328125, -5803.1689453125 ]
			]
		},
		{
			"class": "ExoRomper_Sat",
			"instance_id": 0,
			"visibility": 0.93019998073577881,
			"location": [ -4.951200008392334, 3.0501999855041504, 41.363800048828125 ],
			"quaternion_xyzw": [ -0.097800001502037048, 0.46630001068115234, 0.18050000071525574, 0.86049997806549072 ],
			"pose_transform": [
				[ 0.26850000023841858, 0.11779999732971191, 0.19110000133514404, 0 ],
				[ 0.17499999701976776, 0.07680000364780426, -0.29319998621940613, 0 ],
				[ 0.14059999585151672, -0.32049998641014099, 0, 0 ],
				[ -4.951200008392334, 3.0501999855041504, 41.363800048828125, 1 ]
			],
			"cuboid_centroid": [ -4.951200008392334, 3.0501999855041504, 41.363800048828125 ],
			"projected_cuboid_centroid": [ 803.20697021484375, 668.42218017578125 ],
			"bounding_box":
			{
				"top_left": [ 438.50210571289062, 595.49127197265625 ],
				"bottom_right": [ 870.53082275390625, 1041.716064453125 ]
			},
			"cuboid": [
				[ 1.8100999593734741, 0.71450001001358032, 41.444801330566406 ],
				[ -0.9901999831199646, -0.51429998874664307, 46.136699676513672 ],
				[ -4.8926000595092773, 8.378199577331543, 46.137199401855469 ],
				[ -2.0917999744415283, 9.6070003509521484, 41.444801330566406 ],
				[ -5.0103001594543457, -2.2778000831604004, 36.590801239013672 ],
				[ -7.8105001449584961, -3.5065999031066895, 41.282199859619141 ],
				[ -11.712400436401367, 5.3859000205993652, 41.282199859619141 ],
				[ -8.9116001129150391, 6.6146998405456543, 36.590301513671875 ]
			],
			"projected_cuboid": [
				[ 1046.5673828125, 583.97979736328125 ],
				[ 949.5150146484375, 541.55377197265625 ],
				[ 823.55242919921875, 829.61578369140625 ],
				[ 906.32232666015625, 904.65252685546875 ],
				[ 777.55157470703125, 465.17510986328125 ],
				[ 699.6837158203125, 431.26278686523438 ],
				[ 558.90887451171875, 753.198486328125 ],
				[ 618.725830078125, 828.39141845703125 ]
			]
		}
	]
}