{
	"camera_data":
	{
		"location_worldframe": [ 6805.36669921875, 2.4328999519348145, 0 ],
		"quaternion_xyzw_worldframe": [ 0, 0, -0.093999996781349182, 0.99559998512268066 ]
	},
	"objects": [
		{
			"class": "ExoRomper_FullPayload",
			"instance_id": 0,
			"visibility": 0.96100002527236938,
			"location": [ -9.9999997473787516e-05, 0, 24.705099105834961 ],
			"quaternion_xyzw": [ 0, 0.70709997415542603, 0, 0.70709997415542603 ],
			"pose_transform": [
				[ 1, 0, 0, 0 ],
				[ 0, 0, -1, 0 ],
				[ 0, -1, 0, 0 ],
				[ -9.9999997473787516e-05, 0, 24.705099105834961, 1 ]
			],
			"cuboid_centroid": [ -0.00019999999494757503, 0, 24.704599380493164 ],
			"projected_cuboid_centroid": [ 981.48828125, 558.21307373046875 ],
			"bounding_box":
			{
				"top_left": [ -4023.364501953125, -4565.26171875 ],
				"bottom_right": [ 2572.55712890625, 2237.966796875 ]
			},
			"cuboid": [
				[ 19.291099548339844, -20.600000381469727, -4.8407998085021973 ],
				[ 19.291099548339844, -20.600000381469727, 54.249500274658203 ],
				[ 19.291099548339844, 20.600000381469727, 54.249500274658203 ],
				[ 19.291099548339844, 20.600000381469727, -4.8407998085021973 ],
				[ -19.291500091552734, -20.600000381469727, -4.8397998809814453 ],
				[ -19.291599273681641, -20.600000381469727, 54.249000549316406 ],
				[ -19.291599273681641, 20.600000381469727, 54.249000549316406 ],
				[ -19.291500091552734, 20.600000381469727, -4.8397998809814453 ]
			],
			"projected_cuboid": [
				[ -4954.9482421875, 6918.95458984375 ],
				[ 1511.16845703125, -9.3143997192382812 ],
				[ 1511.16845703125, 1125.7408447265625 ],
				[ -4954.9482421875, -5802.52880859375 ],
				[ 6918.54736328125, 6919.59619140625 ],
				[ 451.82290649414062, -9.3143997192382812 ],
				[ 451.82290649414062, 1125.7408447265625 ],
				[ 6918.54736328125, -5803.169921875 ]
			]
		},
		{
			"class": "ExoRomper_Sat",
			"instance_id": 0,
			"visibility": 0.96299999952316284,
			"location": [ -6.2202000617980957, 2.6326000690460205, 41.362800598144531 ],
			"quaternion_xyzw": [ -0.10429999977350235, 0.9341999888420105, -0.037900000810623169, -0.33910000324249268 ],
			"pose_transform": [
				[ -0.21899999678134918, -0.049499999731779099, -0.26850000023841858, 0 ],
				[ -0.26190000772476196, -0.059200000017881393, 0.22450000047683716, 0 ],
				[ 0.07720000296831131, -0.34139999747276306, 0, 0 ],
				[ -6.2202000617980957, 2.6326000690460205, 41.362800598144531, 1 ]
			],
			"cuboid_centroid": [ -6.2202000617980957, 2.6326000690460205, 41.362800598144531 ],
			"projected_cuboid_centroid": [ 757.5081787109375, 653.339111328125 ],
			"bounding_box":
			{
				"top_left": [ 441.65869140625, 545.559326171875 ],
				"bottom_right": [ 845.3369140625, 970.48687744140625 ]
			},
			"cuboid": [
				[ -10.025899887084961, -3.2058999538421631, 39.749000549316406 ],
				[ -5.8347997665405273, -2.25819993019104, 36.156700134277344 ],
				[ -7.9766998291015625, 7.2133998870849609, 36.156700134277344 ],
				[ -12.167599678039551, 6.2657999992370605, 39.749500274658203 ],
				[ -4.4635000228881836, -1.9480999708175659, 46.569301605224609 ],
				[ -0.27279999852180481, -1.000499963760376, 42.976600646972656 ],
				[ -2.4145998954772949, 8.4711999893188477, 42.976600646972656 ],
				[ -6.6052999496459961, 7.5234999656677246, 46.569301605224609 ]
			],
			"projected_cuboid": [
				[ 605.8109130859375, 437.67269897460938 ],
				[ 741.1317138671875, 464.869384765625 ],
				[ 652.89312744140625, 856.38507080078125 ],
				[ 525.56072998046875, 793.802978515625 ],
				[ 838.73431396484375, 495.69189453125 ],
				[ 972.046875, 523.4210205078125 ],
				[ 897.81317138671875, 852.80908203125 ],
				[ 770.2344970703125, 799.66522216796875 ]
			]
		}
	]
}