{
	"camera_data":
	{
		"location_worldframe": [ 6805.138671875, -0.19210000336170197, 0 ],
		"quaternion_xyzw_worldframe": [ 0, 0, 0.0074000000022351742, 1 ]
	},
	"objects": [
		{
			"class": "ExoRomper_FullPayload",
			"instance_id": 0,
			"visibility": 0.97369998693466187,
			"location": [ 0, 0, 24.705099105834961 ],
			"quaternion_xyzw": [ 0, 0.70709997415542603, 0, 0.70709997415542603 ],
			"pose_transform": [
				[ 1, 0, 0, 0 ],
				[ 0, 0, -1, 0 ],
				[ 0, -1, 0, 0 ],
				[ 0, 0, 24.705099105834961, 1 ]
			],
			"cuboid_centroid": [ 0, 0, 24.705099105834961 ],
			"projected_cuboid_centroid": [ 981.49462890625, 558.21337890625 ],
			"bounding_box":
			{
				"top_left": [ -4023.658447265625, -4565.58984375 ],
				"bottom_right": [ 2572.687255859375, 2237.986083984375 ]
			},
			"cuboid": [
				[ 19.291299819946289, -20.600000381469727, -4.8397998809814453 ],
				[ 19.291299819946289, -20.600000381469727, 54.25 ],
				[ 19.291299819946289, 20.600000381469727, 54.25 ],
				[ 19.291299819946289, 20.600000381469727, -4.8397998809814453 ],
				[ -19.291299819946289, -20.600000381469727, -4.8397998809814453 ],
				[ -19.291299819946289, -20.600000381469727, 54.25 ],
				[ -19.291299819946289, 20.600000381469727, 54.25 ],
				[ -19.291299819946289, 20.600000381469727, -4.8397998809814453 ]
			],
			"projected_cuboid": [
				[ -4956.1630859375, 6920.23486328125 ],
				[ 1511.1561279296875, -9.3038997650146484 ],
				[ 1511.1561279296875, 1125.730712890625 ],
				[ -4956.1630859375, -5803.8115234375 ],
				[ 6919.14453125, 6920.23486328125 ],
				[ 451.83230590820312, -9.3041000366210938 ],
				[ 451.83230590820312, 1125.7305908203125 ],
				[ 6919.14453125, -5803.8115234375 ]
			]
		},
		{
			"class": "ExoRomper_Sat",
			"instance_id": 0,
			"visibility": 0.9090999960899353,
			"location": [ -4.7028999328613281, 3.1651999950408936, 41.363800048828125 ],
			"quaternion_xyzw": [ -0.084100000560283661, 0.36520001292228699, 0.20800000429153442, 0.9035000205039978 ],
			"pose_transform": [
				[ 0.21870000660419464, 0.1062999963760376, 0.2517000138759613, 0 ],
				[ 0.22640000283718109, 0.11010000109672546, -0.24320000410079956, 0 ],
				[ 0.15309999883174896, -0.31479999423027039, 0, 0 ],
				[ -4.7028999328613281, 3.1651999950408936, 41.363800048828125, 1 ]
			],
			"cuboid_centroid": [ -4.7028999328613281, 3.1651999950408936, 41.363800048828125 ],
			"projected_cuboid_centroid": [ 812.1480712890625, 672.576416015625 ],
			"bounding_box":
			{
				"top_left": [ 439.26681518554688, 598.66009521484375 ],
				"bottom_right": [ 871.64422607421875, 1046.4892578125 ]
			},
			"cuboid": [
				[ 2.0090999603271484, 1.0298999547958374, 42.614700317382812 ],
				[ -1.6131000518798828, -0.7314000129699707, 46.506301879882812 ],
				[ -5.8596000671386719, 8.0017004013061523, 46.506801605224609 ],
				[ -2.237299919128418, 9.7629995346069336, 42.615200042724609 ],
				[ -3.5462000370025635, -1.6713000535964966, 36.221698760986328 ],
				[ -7.1683998107910156, -3.4326999187469482, 40.112800598144531 ],
				[ -11.414799690246582, 5.3003997802734375, 40.113300323486328 ],
				[ -7.792600154876709, 7.0616998672485352, 36.221698760986328 ]
			],
			"projected_cuboid": [
				[ 1051.718505859375, 594.3331298828125 ],
				[ 929.8306884765625, 534.70819091796875 ],
				[ 793.82952880859375, 815.35589599609375 ],
				[ 903.29638671875, 900.6083984375 ],
				[ 835.67230224609375, 489.25149536132812 ],
				[ 715.3154296875, 430.31698608398438 ],
				[ 557.6400146484375, 755.69671630859375 ],
				[ 661.05352783203125, 849.5875244140625 ]
			]
		}
	]
}