{
	"camera_data":
	{
		"location_worldframe": [ 6805.4853515625, 2.9886000156402588, 0 ],
		"quaternion_xyzw_worldframe": [ 0, 0, -0.11569999903440475, 0.99330002069473267 ]
	},
	"objects": [
		{
			"class": "ExoRomper_FullPayload",
			"instance_id": 0,
			"visibility": 0.97369998693466187,
			"location": [ -9.9999997473787516e-05, 0, 24.705099105834961 ],
			"quaternion_xyzw": [ 0, 0.70709997415542603, 0, 0.70709997415542603 ],
			"pose_transform": [
				[ 1, 0, 0, 0 ],
				[ 0, 0, -1, 0 ],
				[ 0, -1, 0, 0 ],
				[ -9.9999997473787516e-05, 0, 24.705099105834961, 1 ]
			],
			"cuboid_centroid": [ 0, 0, 24.705099105834961 ],
			"projected_cuboid_centroid": [ 981.50689697265625, 558.21337890625 ],
			"bounding_box":
			{
				"top_left": [ -4023.657470703125, -4565.6181640625 ],
				"bottom_right": [ 2572.688232421875, 2237.977294921875 ]
			},
			"cuboid": [
				[ 19.291299819946289, -20.600000381469727, -4.8397998809814453 ],
				[ 19.291299819946289, -20.600000381469727, 54.25 ],
				[ 19.291299819946289, 20.600000381469727, 54.25 ],
				[ 19.291299819946289, 20.600000381469727, -4.8397998809814453 ],
				[ -19.291400909423828, -20.600000381469727, -4.8397998809814453 ],
				[ -19.291400909423828, -20.600000381469727, 54.249500274658203 ],
				[ -19.291400909423828, 20.600000381469727, 54.249500274658203 ],
				[ -19.291400909423828, 20.600000381469727, -4.8397998809814453 ]
			],
			"projected_cuboid": [
				[ -4955.54443359375, 6919.59423828125 ],
				[ 1511.16357421875, -9.3092002868652344 ],
				[ 1511.16357421875, 1125.7357177734375 ],
				[ -4955.54443359375, -5803.16796875 ],
				[ 6919.099609375, 6920.23779296875 ],
				[ 451.82720947265625, -9.3141002655029297 ],
				[ 451.82720947265625, 1125.7408447265625 ],
				[ 6919.099609375, -5803.8076171875 ]
			]
		},
		{
			"class": "ExoRomper_Sat",
			"instance_id": 0,
			"visibility": 0.90740001201629639,
			"location": [ -0.92879998683929443, 7.9517998695373535, 41.363300323486328 ],
			"quaternion_xyzw": [ 0.31830000877380371, -0.39620000123977661, 0.53939998149871826, 0.67140001058578491 ],
			"pose_transform": [
				[ -0.065999999642372131, -0.29919999837875366, 0.16920000314712524, 0 ],
				[ 0.036499999463558197, 0.16519999504089355, 0.30640000104904175, 0 ],
				[ 0.34180000424385071, -0.075400002300739288, 0, 0 ],
				[ -0.92879998683929443, 7.9517998695373535, 41.363300323486328, 1 ]
			],
			"cuboid_centroid": [ -0.92879998683929443, 7.9517998695373535, 41.363300323486328 ],
			"projected_cuboid_centroid": [ 948.05572509765625, 845.5311279296875 ],
			"bounding_box":
			{
				"top_left": [ 625.04248046875, 753.0875244140625 ],
				"bottom_right": [ 1045.9859619140625, 1155.62158203125 ]
			},
			"cuboid": [
				[ 3.2653999328613281, 4.427299976348877, 45.963401794433594 ],
				[ 2.6819000244140625, 1.7836999893188477, 41.060100555419922 ],
				[ -6.8007001876831055, 3.8768999576568604, 41.060100555419922 ],
				[ -6.2171998023986816, 6.5205001831054688, 45.963401794433594 ],
				[ 4.9429001808166504, 12.026800155639648, 41.666000366210938 ],
				[ 4.3593997955322266, 9.3831996917724609, 36.763198852539062 ],
				[ -5.1231999397277832, 11.476400375366211, 36.763198852539062 ],
				[ -4.5397000312805176, 14.119899749755859, 41.666000366210938 ]
			],
			"projected_cuboid": [
				[ 1087.3211669921875, 702.17340087890625 ],
				[ 1078.791259765625, 623.13958740234375 ],
				[ 734.7982177734375, 699.32989501953125 ],
				[ 780.0247802734375, 770.23577880859375 ],
				[ 1158.19775390625, 989.61090087890625 ],
				[ 1158.1214599609375, 939.67138671875 ],
				[ 773.9251708984375, 1024.7724609375 ],
				[ 819.21527099609375, 1064.69873046875 ]
			]
		}
	]
}