{
	"camera_data":
	{
		"location_worldframe": [ 6806.2109375, 5.1732001304626465, 0 ],
		"quaternion_xyzw_worldframe": [ 0, 0, -0.20319999754428864, 0.97909998893737793 ]
	},
	"objects": [
		{
			"class": "ExoRomper_FullPayload",
			"instance_id": 0,
			"visibility": 0.98669999837875366,
			"location": [ 0.00019999999494757503, 0, 24.705600738525391 ],
			"quaternion_xyzw": [ 0, 0.70709997415542603, 0, 0.70709997415542603 ],
			"pose_transform": [
				[ 1, 0, 0, 0 ],
				[ 0, 0, -1, 0 ],
				[ 0, -1, 0, 0 ],
				[ 0.00019999999494757503, 0, 24.705600738525391, 1 ]
			],
			"cuboid_centroid": [ 0.00019999999494757503, 0, 24.705600738525391 ],
			"projected_cuboid_centroid": [ 981.49737548828125, 558.21337890625 ],
			"bounding_box":
			{
				"top_left": [ -4023.658447265625, -4565.6181640625 ],
				"bottom_right": [ 2572.688232421875, 2237.96533203125 ]
			},
			"cuboid": [
				[ 19.291500091552734, -20.600000381469727, -4.8393998146057129 ],
				[ 19.291500091552734, -20.600000381469727, 54.250499725341797 ],
				[ 19.291500091552734, 20.600000381469727, 54.250499725341797 ],
				[ 19.291500091552734, 20.600000381469727, -4.8393998146057129 ],
				[ -19.291299819946289, -20.600000381469727, -4.8393998146057129 ],
				[ -19.291000366210938, -20.600000381469727, 54.250499725341797 ],
				[ -19.291000366210938, 20.600000381469727, 54.250499725341797 ],
				[ -19.291299819946289, 20.600000381469727, -4.8393998146057129 ]
			],
			"projected_cuboid": [
				[ -4955.6416015625, 6919.59619140625 ],
				[ 1511.16357421875, -9.309300422668457 ],
				[ 1511.16357421875, 1125.7357177734375 ],
				[ -4955.6416015625, -5803.169921875 ],
				[ 6918.54736328125, 6919.59619140625 ],
				[ 451.831787109375, -9.3092002868652344 ],
				[ 451.831787109375, 1125.7359619140625 ],
				[ 6918.54736328125, -5803.169921875 ]
			]
		},
		{
			"class": "ExoRomper_Sat",
			"instance_id": 0,
			"visibility": 0.92309999465942383,
			"location": [ -11.899399757385254, 3.8122000694274902, 41.364299774169922 ],
			"quaternion_xyzw": [ 0.17900000512599945, 0.54729998111724854, -0.25409999489784241, 0.77710002660751343 ],
			"pose_transform": [
				[ 0.26589998602867126, -0.19470000267028809, 0.11789999902248383, 0 ],
				[ 0.095100000500679016, -0.069600000977516174, -0.3296000063419342, 0 ],
				[ -0.20679999887943268, -0.28240001201629639, 0, 0 ],
				[ -11.899399757385254, 3.8122000694274902, 41.364299774169922, 1 ]
			],
			"cuboid_centroid": [ -11.899399757385254, 3.8122000694274902, 41.364299774169922 ],
			"projected_cuboid_centroid": [ 552.99749755859375, 695.95758056640625 ],
			"bounding_box":
			{
				"top_left": [ 453.6094970703125, 294.80010986328125 ],
				"bottom_right": [ 880.2086181640625, 743.24200439453125 ]
			},
			"cuboid": [
				[ -10.630399703979492, -3.1350998878479004, 40.224098205566406 ],
				[ -12.152299880981445, -2.0206000804901123, 45.497600555419922 ],
				[ -6.4149999618530273, 5.8140997886657715, 45.498001098632812 ],
				[ -4.8933000564575195, 4.6996002197265625, 40.224601745605469 ],
				[ -17.383800506591797, 1.8102999925613403, 37.230499267578125 ],
				[ -18.906000137329102, 2.924799919128418, 42.503398895263672 ],
				[ -13.168499946594238, 10.759599685668945, 42.503398895263672 ],
				[ -11.646699905395508, 9.6450996398925781, 37.229999542236328 ]
			],
			"projected_cuboid": [
				[ 587.85858154296875, 441.72518920898438 ],
				[ 583.640625, 491.83731079101562 ],
				[ 771.4822998046875, 749.20068359375 ],
				[ 800.302978515625, 732.82958984375 ],
				[ 286.0181884765625, 630.88702392578125 ],
				[ 318.95590209960938, 661.06072998046875 ],
				[ 520.0059814453125, 936.55657958984375 ],
				[ 515.52447509765625, 945.4066162109375 ]
			]
		}
	]
}