{
	"camera_data":
	{
		"location_worldframe": [ 6805.6279296875, 3.5385000705718994, 0 ],
		"quaternion_xyzw_worldframe": [ 0, 0, -0.13740000128746033, 0.99049997329711914 ]
	},
	"objects": [
		{
			"class": "ExoRomper_FullPayload",
			"instance_id": 0,
			"visibility": 0.97369998693466187,
			"location": [ -9.9999997473787516e-05, 0, 24.705600738525391 ],
			"quaternion_xyzw": [ 0, 0.70709997415542603, 0, 0.70709997415542603 ],
			"pose_transform": [
				[ 1, 0, 0, 0 ],
				[ 0, 0, -1, 0 ],
				[ 0, -1, 0, 0 ],
				[ -9.9999997473787516e-05, 0, 24.705600738525391, 1 ]
			],
			"cuboid_centroid": [ 0, 0, 24.705600738525391 ],
			"projected_cuboid_centroid": [ 981.49737548828125, 558.21368408203125 ],
			"bounding_box":
			{
				"top_left": [ -4023.66015625, -4565.58740234375 ],
				"bottom_right": [ 2572.687255859375, 2237.97314453125 ]
			},
			"cuboid": [
				[ 19.291099548339844, -20.600000381469727, -4.8393998146057129 ],
				[ 19.291299819946289, -20.600000381469727, 54.250499725341797 ],
				[ 19.291299819946289, 20.600000381469727, 54.250499725341797 ],
				[ 19.291099548339844, 20.600000381469727, -4.8393998146057129 ],
				[ -19.291400909423828, -20.600000381469727, -4.838900089263916 ],
				[ -19.291400909423828, -20.600000381469727, 54.250499725341797 ],
				[ -19.291400909423828, 20.600000381469727, 54.250499725341797 ],
				[ -19.291400909423828, 20.600000381469727, -4.838900089263916 ]
			],
			"projected_cuboid": [
				[ -4955.54443359375, 6919.59423828125 ],
				[ 1511.16357421875, -9.3092002868652344 ],
				[ 1511.16357421875, 1125.7359619140625 ],
				[ -4955.54443359375, -5803.17138671875 ],
				[ 6919.099609375, 6920.236328125 ],
				[ 451.8275146484375, -9.3092002868652344 ],
				[ 451.8275146484375, 1125.7359619140625 ],
				[ 6919.099609375, -5803.81298828125 ]
			]
		},
		{
			"class": "ExoRomper_Sat",
			"instance_id": 0,
			"visibility": 0.89999997615814209,
			"location": [ -1.201200008392334, 7.0261001586914062, 41.364299774169922 ],
			"quaternion_xyzw": [ -0.47879999876022339, 0.68830001354217529, 0.31119999289512634, 0.44740000367164612 ],
			"pose_transform": [
				[ 0.11129999905824661, 0.29989999532699585, -0.1421000063419342, 0 ],
				[ -0.049400001764297485, -0.13320000469684601, -0.31990000605583191, 0 ],
				[ 0.32809999585151672, -0.12169999629259109, 0, 0 ],
				[ -1.201200008392334, 7.0261001586914062, 41.364299774169922, 1 ]
			],
			"cuboid_centroid": [ -1.201200008392334, 7.0261001586914062, 41.364299774169922 ],
			"projected_cuboid_centroid": [ 938.24749755859375, 812.0814208984375 ],
			"bounding_box":
			{
				"top_left": [ 579.4000244140625, 737.53277587890625 ],
				"bottom_right": [ 1008.8433837890625, 1159.02490234375 ]
			},
			"cuboid": [
				[ 4.3687000274658203, 8.0805997848510742, 37.000499725341797 ],
				[ 5.1592998504638672, 10.211799621582031, 42.119598388671875 ],
				[ -3.9451999664306641, 13.589200019836426, 42.120098114013672 ],
				[ -4.7357001304626465, 11.458000183105469, 37.000999450683594 ],
				[ 1.5427000522613525, 0.46290001273155212, 40.6083984375 ],
				[ 2.3334000110626221, 2.5941998958587646, 45.727500915527344 ],
				[ -6.7711000442504883, 5.9716000556945801, 45.728000640869141 ],
				[ -7.5616002082824707, 3.8403999805450439, 40.608898162841797 ]
			],
			"projected_cuboid": [
				[ 1157.3665771484375, 884.61297607421875 ],
				[ 1163.9527587890625, 920.57122802734375 ],
				[ 841.982421875, 1040.4102783203125 ],
				[ 790.85308837890625, 1021.0371704101562 ],
				[ 1038.088623046875, 575.25152587890625 ],
				[ 1057.5079345703125, 643.002685546875 ],
				[ 760.94232177734375, 753.3892822265625 ],
				[ 704.13958740234375, 699.55572509765625 ]
			]
		}
	]
}