{
	"camera_data":
	{
		"location_worldframe": [ 6805.16552734375, 0.85519999265670776, 0 ],
		"quaternion_xyzw_worldframe": [ 0, 0, -0.032900001853704453, 0.99949997663497925 ]
	},
	"objects": [
		{
			"class": "ExoRomper_FullPayload",
			"instance_id": 0,
			"visibility": 0.98669999837875366,
			"location": [ 0, 0, 24.705099105834961 ],
			"quaternion_xyzw": [ 0, 0.70709997415542603, 0, 0.70709997415542603 ],
			"pose_transform": [
				[ 1, 0, 0, 0 ],
				[ 0, 0, -1, 0 ],
				[ 0, -1, 0, 0 ],
				[ 0, 0, 24.705099105834961, 1 ]
			],
			"cuboid_centroid": [ 0, 0, 24.705099105834961 ],
			"projected_cuboid_centroid": [ 981.49688720703125, 558.21337890625 ],
			"bounding_box":
			{
				"top_left": [ -4023.95361328125, -4565.951171875 ],
				"bottom_right": [ 2572.81689453125, 2237.975341796875 ]
			},
			"cuboid": [
				[ 19.291400909423828, -20.600000381469727, -4.8403000831604004 ],
				[ 19.291400909423828, -20.600000381469727, 54.25 ],
				[ 19.291400909423828, 20.600000381469727, 54.25 ],
				[ 19.291400909423828, 20.600000381469727, -4.8403000831604004 ],
				[ -19.291299819946289, -20.600000381469727, -4.8403000831604004 ],
				[ -19.291299819946289, -20.600000381469727, 54.25 ],
				[ -19.291299819946289, 20.600000381469727, 54.25 ],
				[ -19.291299819946289, 20.600000381469727, -4.8403000831604004 ]
			],
			"projected_cuboid": [
				[ -4955.56884765625, 6919.59423828125 ],
				[ 1511.157470703125, -9.3041000366210938 ],
				[ 1511.157470703125, 1125.7308349609375 ],
				[ -4955.56884765625, -5803.17138671875 ],
				[ 6918.53466796875, 6919.59423828125 ],
				[ 451.83309936523438, -9.3041000366210938 ],
				[ 451.83309936523438, 1125.7308349609375 ],
				[ 6918.53466796875, -5803.17138671875 ]
			]
		},
		{
			"class": "ExoRomper_Sat",
			"instance_id": 0,
			"visibility": 0.96549999713897705,
			"location": [ -8.961700439453125, 2.5632998943328857, 41.363300323486328 ],
			"quaternion_xyzw": [ 0.083499997854232788, 0.96880000829696655, -0.019999999552965164, 0.23260000348091125 ],
			"pose_transform": [
				[ 0.15649999678134918, -0.027200000360608101, -0.31189998984336853, 0 ],
				[ -0.30730000138282776, 0.053399998694658279, -0.15889999270439148, 0 ],
				[ -0.059900000691413879, -0.34479999542236328, 0, 0 ],
				[ -8.961700439453125, 2.5632998943328857, 41.363300323486328, 1 ]
			],
			"cuboid_centroid": [ -8.9616003036499023, 2.5632998943328857, 41.363300323486328 ],
			"projected_cuboid_centroid": [ 658.7882080078125, 650.83160400390625 ],
			"bounding_box":
			{
				"top_left": [ 445.68569946289062, 501.0006103515625 ],
				"bottom_right": [ 846.81658935546875, 823.51129150390625 ]
			},
			"cuboid": [
				[ -10.262800216674805, -2.1387999057769775, 36.131301879882812 ],
				[ -5.3460001945495605, -2.9927000999450684, 38.673801422119141 ],
				[ -3.6844000816345215, 6.5749001502990723, 38.673801422119141 ],
				[ -8.6012001037597656, 7.428800106048584, 36.131301879882812 ],
				[ -14.238900184631348, -1.4483000040054321, 44.052700042724609 ],
				[ -9.3220996856689453, -2.3022000789642334, 46.595199584960938 ],
				[ -7.6605000495910645, 7.2653999328613281, 46.594699859619141 ],
				[ -12.577199935913086, 8.1192998886108398, 44.052700042724609 ]
			],
			"projected_cuboid": [
				[ 558.41888427734375, 469.7445068359375 ],
				[ 775.5994873046875, 442.56161499023438 ],
				[ 839.593994140625, 812.299072265625 ],
				[ 626.91802978515625, 865.49932861328125 ],
				[ 500.05868530273438, 509.07919311523438 ],
				[ 683.50128173828125, 484.37130737304688 ],
				[ 736.61419677734375, 791.25457763671875 ],
				[ 556.239501953125, 833.6715087890625 ]
			]
		}
	]
}