{
	"camera_data":
	{
		"location_worldframe": [ 6805.9931640625, 4.6392998695373535, 0 ],
		"quaternion_xyzw_worldframe": [ 0, 0, -0.18140000104904175, 0.98339998722076416 ]
	},
	"objects": [
		{
			"class": "ExoRomper_FullPayload",
			"instance_id": 0,
			"visibility": 0.98669999837875366,
			"location": [ 0, 0, 24.705600738525391 ],
			"quaternion_xyzw": [ 0, 0.70709997415542603, 0, 0.70709997415542603 ],
			"pose_transform": [
				[ 1, 0, 0, 0 ],
				[ 0, 0, -1, 0 ],
				[ 0, -1, 0, 0 ],
				[ 0, 0, 24.705600738525391, 1 ]
			],
			"cuboid_centroid": [ 0, 0, 24.705099105834961 ],
			"projected_cuboid_centroid": [ 981.4879150390625, 558.21307373046875 ],
			"bounding_box":
			{
				"top_left": [ -4023.658447265625, -4565.58740234375 ],
				"bottom_right": [ 2572.688232421875, 2237.970703125 ]
			},
			"cuboid": [
				[ 19.291299819946289, -20.600000381469727, -4.8397998809814453 ],
				[ 19.291500091552734, -20.600000381469727, 54.250499725341797 ],
				[ 19.291500091552734, 20.600000381469727, 54.250499725341797 ],
				[ 19.291299819946289, 20.600000381469727, -4.8397998809814453 ],
				[ -19.291299819946289, -20.600000381469727, -4.8397998809814453 ],
				[ -19.291299819946289, -20.600000381469727, 54.25 ],
				[ -19.291299819946289, 20.600000381469727, 54.25 ],
				[ -19.291299819946289, 20.600000381469727, -4.8397998809814453 ]
			],
			"projected_cuboid": [
				[ -4955.49658203125, 6919.59619140625 ],
				[ 1511.1593017578125, -9.3092002868652344 ],
				[ 1511.1593017578125, 1125.7359619140625 ],
				[ -4955.49658203125, -5803.169921875 ],
				[ 6918.59521484375, 6919.59619140625 ],
				[ 451.8275146484375, -9.3092002868652344 ],
				[ 451.8275146484375, 1125.7359619140625 ],
				[ 6918.59521484375, -5803.169921875 ]
			]
		},
		{
			"class": "ExoRomper_Sat",
			"instance_id": 0,
			"visibility": 0.91430002450942993,
			"location": [ -2.2414999008178711, 5.1592001914978027, 41.363800048828125 ],
			"quaternion_xyzw": [ -0.0043999999761581421, 0.008999999612569809, 0.43900001049041748, 0.89840000867843628 ],
			"pose_transform": [
				[ 0.0043000001460313797, 0.0054999999701976776, 0.3499000072479248, 0 ],
				[ 0.21500000357627869, 0.27610000967979431, -0.0070000002160668373, 0 ],
				[ 0.27610000967979431, -0.2151000052690506, 0, 0 ],
				[ -2.2414999008178711, 5.1592001914978027, 41.363800048828125, 1 ]
			],
			"cuboid_centroid": [ -2.2414999008178711, 5.1591000556945801, 41.363800048828125 ],
			"projected_cuboid_centroid": [ 900.7769775390625, 744.6248779296875 ],
			"bounding_box":
			{
				"top_left": [ 563.97869873046875, 708.2647705078125 ],
				"bottom_right": [ 936.3621826171875, 1101.7689208984375 ]
			},
			"cuboid": [
				[ 3.3640000820159912, 4.4545001983642578, 45.752399444580078 ],
				[ -0.076899997889995575, 0.036800000816583633, 45.863800048828125 ],
				[ -7.737800121307373, 6.004000186920166, 45.864299774169922 ],
				[ -4.2968997955322266, 10.421600341796875, 45.751998901367188 ],
				[ 3.2551000118255615, 4.3143000602722168, 36.864299774169922 ],
				[ -0.18600000441074371, -0.10339999943971634, 36.975601196289062 ],
				[ -7.8468999862670898, 5.863800048828125, 36.976100921630859 ],
				[ -4.4061999320983887, 10.281499862670898, 36.863800048828125 ]
			],
			"projected_cuboid": [
				[ 1091.012451171875, 703.72467041015625 ],
				[ 978.99481201171875, 559.41357421875 ],
				[ 730.19482421875, 753.8643798828125 ],
				[ 841.603515625, 898.65478515625 ],
				[ 1113.0084228515625, 733.12701416015625 ],
				[ 974.0020751953125, 554.0352783203125 ],
				[ 665.39007568359375, 795.22772216796875 ],
				[ 803.462890625, 975.0543212890625 ]
			]
		}
	]
}