{
	"camera_data":
	{
		"location_worldframe": [ 6805.21044921875, 1.3799999952316284, 0 ],
		"quaternion_xyzw_worldframe": [ 0, 0, -0.053199999034404755, 0.99860000610351562 ]
	},
	"objects": [
		{
			"class": "ExoRomper_FullPayload",
			"instance_id": 0,
			"visibility": 0.98669999837875366,
			"location": [ 9.9999997473787516e-05, 0, 24.705099105834961 ],
			"quaternion_xyzw": [ 0, 0.70709997415542603, 0, 0.70709997415542603 ],
			"pose_transform": [
				[ 1, 0, 0, 0 ],
				[ 0, 0, -1, 0 ],
				[ 0, -1, 0, 0 ],
				[ 9.9999997473787516e-05, 0, 24.705099105834961, 1 ]
			],
			"cuboid_centroid": [ 9.9999997473787516e-05, 0, 24.705099105834961 ],
			"projected_cuboid_centroid": [ 981.4879150390625, 558.21337890625 ],
			"bounding_box":
			{
				"top_left": [ -4023.364501953125, -4565.21533203125 ],
				"bottom_right": [ 2572.55615234375, 2237.977294921875 ]
			},
			"cuboid": [
				[ 19.291400909423828, -20.600000381469727, -4.8397998809814453 ],
				[ 19.291400909423828, -20.600000381469727, 54.25 ],
				[ 19.291400909423828, 20.600000381469727, 54.25 ],
				[ 19.291400909423828, 20.600000381469727, -4.8397998809814453 ],
				[ -19.291299819946289, -20.600000381469727, -4.8397998809814453 ],
				[ -19.291299819946289, -20.600000381469727, 54.249500274658203 ],
				[ -19.291299819946289, 20.600000381469727, 54.249500274658203 ],
				[ -19.291299819946289, 20.600000381469727, -4.8397998809814453 ]
			],
			"projected_cuboid": [
				[ -4955.54443359375, 6919.59423828125 ],
				[ 1511.1593017578125, -9.309300422668457 ],
				[ 1511.1593017578125, 1125.7357177734375 ],
				[ -4955.54443359375, -5803.17138671875 ],
				[ 6918.5712890625, 6919.59423828125 ],
				[ 451.82070922851562, -9.3141002655029297 ],
				[ 451.82070922851562, 1125.7413330078125 ],
				[ 6918.5712890625, -5803.17138671875 ]
			]
		},
		{
			"class": "ExoRomper_Sat",
			"instance_id": 0,
			"visibility": 0.98329997062683105,
			"location": [ -8.2817001342773438, 2.4793000221252441, 41.363800048828125 ],
			"quaternion_xyzw": [ 0.034299999475479126, 0.92619997262954712, 0.013899999670684338, -0.37509998679161072 ],
			"pose_transform": [
				[ -0.24289999902248383, 0.017999999225139618, -0.25139999389648438, 0 ],
				[ -0.25069999694824219, 0.018600000068545341, 0.24359999597072601, 0 ],
				[ -0.025900000706315041, -0.34900000691413879, 0, 0 ],
				[ -8.2817001342773438, 2.4793000221252441, 41.363800048828125, 1 ]
			],
			"cuboid_centroid": [ -8.2817001342773438, 2.4793000221252441, 41.363800048828125 ],
			"projected_cuboid_centroid": [ 683.26611328125, 647.79681396484375 ],
			"bounding_box":
			{
				"top_left": [ 462.4801025390625, 470.96090698242188 ],
				"bottom_right": [ 841.2498779296875, 877.26641845703125 ]
			},
			"cuboid": [
				[ -13.731300354003906, -1.9850000143051147, 40.120098114013672 ],
				[ -9.7201995849609375, -2.2827000617980957, 36.222698211669922 ],
				[ -9.0016002655029297, 7.4015002250671387, 36.222698211669922 ],
				[ -13.012800216674805, 7.6991000175476074, 40.120098114013672 ],
				[ -7.5619001388549805, -2.4428000450134277, 46.504398345947266 ],
				[ -3.550800085067749, -2.7404999732971191, 42.606899261474609 ],
				[ -2.8322000503540039, 6.943699836730957, 42.607398986816406 ],
				[ -6.8434000015258789, 7.241300106048584, 46.504398345947266 ]
			],
			"projected_cuboid": [
				[ 471.69869995117188, 484.26568603515625 ],
				[ 581.78582763671875, 464.02859497070312 ],
				[ 611.336181640625, 863.60150146484375 ],
				[ 498.37838745117188, 845.022216796875 ],
				[ 739.2874755859375, 479.70550537109375 ],
				[ 857.35662841796875, 462.08340454101562 ],
				[ 882.47998046875, 801.781005859375 ],
				[ 762.30438232421875, 790.93572998046875 ]
			]
		}
	]
}