{
	"camera_data":
	{
		"location_worldframe": [ 6805.275390625, 1.8890000581741333, 0 ],
		"quaternion_xyzw_worldframe": [ 0, 0, -0.072800002992153168, 0.99730002880096436 ]
	},
	"objects": [
		{
			"class": "ExoRomper_FullPayload",
			"instance_id": 0,
			"visibility": 0.97369998693466187,
			"location": [ 0, 0, 24.704599380493164 ],
			"quaternion_xyzw": [ 0, 0.70709997415542603, 0, 0.70709997415542603 ],
			"pose_transform": [
				[ 1, 0, 0, 0 ],
				[ 0, 0, -1, 0 ],
				[ 0, -1, 0, 0 ],
				[ 0, 0, 24.704599380493164, 1 ]
			],
			"cuboid_centroid": [ 9.9999997473787516e-05, 0, 24.704599380493164 ],
			"projected_cuboid_centroid": [ 981.49737548828125, 558.21337890625 ],
			"bounding_box":
			{
				"top_left": [ -4023.658447265625, -4565.60302734375 ],
				"bottom_right": [ 2572.687255859375, 2237.977294921875 ]
			},
			"cuboid": [
				[ 19.291299819946289, -20.600000381469727, -4.8397998809814453 ],
				[ 19.291400909423828, -20.600000381469727, 54.25 ],
				[ 19.291400909423828, 20.600000381469727, 54.25 ],
				[ 19.291299819946289, 20.600000381469727, -4.8397998809814453 ],
				[ -19.291299819946289, -20.600000381469727, -4.8397998809814453 ],
				[ -19.291299819946289, -20.600000381469727, 54.25 ],
				[ -19.291299819946289, 20.600000381469727, 54.25 ],
				[ -19.291299819946289, 20.600000381469727, -4.8397998809814453 ]
			],
			"projected_cuboid": [
				[ -4956.16552734375, 6920.23779296875 ],
				[ 1511.15869140625, -9.3041000366210938 ],
				[ 1511.15869140625, 1125.7305908203125 ],
				[ -4956.16552734375, -5803.8076171875 ],
				[ 6919.1240234375, 6920.236328125 ],
				[ 451.83200073242188, -9.3041000366210938 ],
				[ 451.83200073242188, 1125.7305908203125 ],
				[ 6919.1240234375, -5803.81005859375 ]
			]
		},
		{
			"class": "ExoRomper_Sat",
			"instance_id": 0,
			"visibility": 0.96079999208450317,
			"location": [ -10.272299766540527, 2.924799919128418, 41.363300323486328 ],
			"quaternion_xyzw": [ 0.13740000128746033, 0.74150002002716064, -0.11969999969005585, 0.64579999446868896 ],
			"pose_transform": [
				[ 0.32370001077651978, -0.1242000013589859, -0.048099998384714127, 0 ],
				[ -0.044900000095367432, 0.017200000584125519, -0.34670001268386841, 0 ],
				[ -0.12540000677108765, -0.32679998874664307, 0, 0 ],
				[ -10.272299766540527, 2.924799919128418, 41.363300323486328, 1 ]
			],
			"cuboid_centroid": [ -10.272299766540527, 2.924799919128418, 41.363300323486328 ],
			"projected_cuboid_centroid": [ 611.594482421875, 663.89471435546875 ],
			"bounding_box":
			{
				"top_left": [ 443.64608764648438, 359.41799926757812 ],
				"bottom_right": [ 867.1068115234375, 811.10601806640625 ]
			},
			"cuboid": [
				[ -8.2607002258300781, -3.0480000972747803, 37.979000091552734 ],
				[ -7.542600154876709, -3.3236000537872314, 43.526901245117188 ],
				[ -4.0629000663757324, 5.7421998977661133, 43.526401519775391 ],
				[ -4.7809000015258789, 6.0178999900817871, 37.979499816894531 ],
				[ -16.481599807739258, 0.10740000009536743, 39.200199127197266 ],
				[ -15.76360034942627, -0.16820000112056732, 44.747600555419922 ],
				[ -12.28380012512207, 8.897700309753418, 44.748001098632812 ],
				[ -13.001999855041504, 9.1732997894287109, 39.200199127197266 ]
			],
			"projected_cuboid": [
				[ 657.52081298828125, 438.26858520507812 ],
				[ 723.38958740234375, 444.09210205078125 ],
				[ 842.46221923828125, 755.3828125 ],
				[ 793.99658203125, 795.02532958984375 ],
				[ 355.2423095703125, 562.309814453125 ],
				[ 456.781494140625, 552.59613037109375 ],
				[ 572.61651611328125, 855.3892822265625 ],
				[ 487.46160888671875, 907.955810546875 ]
			]
		}
	]
}