{
	"camera_data":
	{
		"location_worldframe": [ 6805.1416015625, 0.33730000257492065, 0 ],
		"quaternion_xyzw_worldframe": [ 0, 0, -0.013000000268220901, 0.99989998340606689 ]
	},
	"objects": [
		{
			"class": "ExoRomper_FullPayload",
			"instance_id": 0,
			"visibility": 0.98669999837875366,
			"location": [ 0, 0, 24.705099105834961 ],
			"quaternion_xyzw": [ 0, 0.70709997415542603, 0, 0.70709997415542603 ],
			"pose_transform": [
				[ 1, 0, 0, 0 ],
				[ 0, 0, -1, 0 ],
				[ 0, -1, 0, 0 ],
				[ 0, 0, 24.705099105834961, 1 ]
			],
			"cuboid_centroid": [ 0, 0, 24.705099105834961 ],
			"projected_cuboid_centroid": [ 981.4949951171875, 558.21307373046875 ],
			"bounding_box":
			{
				"top_left": [ -4023.658447265625, -4565.59130859375 ],
				"bottom_right": [ 2572.687255859375, 2237.9658203125 ]
			},
			"cuboid": [
				[ 19.291299819946289, -20.600000381469727, -4.8397998809814453 ],
				[ 19.291299819946289, -20.600000381469727, 54.25 ],
				[ 19.291299819946289, 20.600000381469727, 54.25 ],
				[ 19.291299819946289, 20.600000381469727, -4.8397998809814453 ],
				[ -19.291299819946289, -20.600000381469727, -4.8397998809814453 ],
				[ -19.291400909423828, -20.600000381469727, 54.25 ],
				[ -19.291400909423828, 20.600000381469727, 54.25 ],
				[ -19.291299819946289, 20.600000381469727, -4.8397998809814453 ]
			],
			"projected_cuboid": [
				[ -4955.5625, 6919.59765625 ],
				[ 1511.1619873046875, -9.309300422668457 ],
				[ 1511.1619873046875, 1125.7357177734375 ],
				[ -4955.5625, -5803.16796875 ],
				[ 6918.541015625, 6919.59619140625 ],
				[ 451.8275146484375, -9.3094997406005859 ],
				[ 451.8275146484375, 1125.7357177734375 ],
				[ 6918.541015625, -5803.169921875 ]
			]
		},
		{
			"class": "ExoRomper_Sat",
			"instance_id": 0,
			"visibility": 0.91070002317428589,
			"location": [ -12.196900367736816, 4.0423002243041992, 41.363800048828125 ],
			"quaternion_xyzw": [ 0.18410000205039978, 0.51560002565383911, -0.28130000829696655, 0.78810000419616699 ],
			"pose_transform": [
				[ 0.24819999933242798, -0.20309999585151672, 0.14020000398159027, 0 ],
				[ 0.10849999636411667, -0.088799998164176941, -0.32069998979568481, 0 ],
				[ -0.2215999960899353, -0.27090001106262207, 0, 0 ],
				[ -12.196900367736816, 4.0423002243041992, 41.363800048828125, 1 ]
			],
			"cuboid_centroid": [ -12.196900367736816, 4.0423002243041992, 41.363800048828125 ],
			"projected_cuboid_centroid": [ 542.2891845703125, 704.27008056640625 ],
			"bounding_box":
			{
				"top_left": [ 458.89511108398438, 284.73208618164062 ],
				"bottom_right": [ 888.4613037109375, 733.52032470703125 ]
			},
			"cuboid": [
				[ -11.251299858093262, -3.005000114440918, 40.578601837158203 ],
				[ -12.987700462341309, -1.5842000246047974, 45.710399627685547 ],
				[ -6.8383002281188965, 5.9313998222351074, 45.710399627685547 ],
				[ -5.1019001007080078, 4.5104999542236328, 40.578601837158203 ],
				[ -17.555400848388672, 2.1531999111175537, 37.017601013183594 ],
				[ -19.291799545288086, 3.5739998817443848, 42.148899078369141 ],
				[ -13.142399787902832, 11.089599609375, 42.148899078369141 ],
				[ -11.406000137329102, 9.6687002182006836, 37.017601013183594 ]
			],
			"projected_cuboid": [
				[ 568.49932861328125, 447.53518676757812 ],
				[ 558.28302001953125, 506.41619873046875 ],
				[ 758.66497802734375, 752.14727783203125 ],
				[ 794.22369384765625, 724.3428955078125 ],
				[ 275.10708618164062, 645.14837646484375 ],
				[ 299.74139404296875, 684.94561767578125 ],
				[ 517.055419921875, 951.440673828125 ],
				[ 522.5457763671875, 948.58441162109375 ]
			]
		}
	]
}