{
	"camera_data":
	{
		"location_worldframe": [ 6805.794921875, 4.0833001136779785, 0 ],
		"quaternion_xyzw_worldframe": [ 0, 0, -0.1590999960899353, 0.98729997873306274 ]
	},
	"objects": [
		{
			"class": "ExoRomper_FullPayload",
			"instance_id": 0,
			"visibility": 0.97369998693466187,
			"location": [ 0, 0, 24.705600738525391 ],
			"quaternion_xyzw": [ 0, 0.70709997415542603, 0, 0.70709997415542603 ],
			"pose_transform": [
				[ 1, 0, 0, 0 ],
				[ 0, 0, -1, 0 ],
				[ 0, -1, 0, 0 ],
				[ 0, 0, 24.705600738525391, 1 ]
			],
			"cuboid_centroid": [ -0.00019999999494757503, 0, 24.705099105834961 ],
			"projected_cuboid_centroid": [ 981.4879150390625, 558.21368408203125 ],
			"bounding_box":
			{
				"top_left": [ -4023.66015625, -4565.58740234375 ],
				"bottom_right": [ 2572.687255859375, 2237.977294921875 ]
			},
			"cuboid": [
				[ 19.291299819946289, -20.600000381469727, -4.8397998809814453 ],
				[ 19.291299819946289, -20.600000381469727, 54.250499725341797 ],
				[ 19.291299819946289, 20.600000381469727, 54.250499725341797 ],
				[ 19.291299819946289, 20.600000381469727, -4.8397998809814453 ],
				[ -19.291500091552734, -20.600000381469727, -4.8397998809814453 ],
				[ -19.291500091552734, -20.600000381469727, 54.25 ],
				[ -19.291500091552734, 20.600000381469727, 54.25 ],
				[ -19.291500091552734, 20.600000381469727, -4.8397998809814453 ]
			],
			"projected_cuboid": [
				[ -4955.54443359375, 6919.59423828125 ],
				[ 1511.15869140625, -9.3041000366210938 ],
				[ 1511.15869140625, 1125.7308349609375 ],
				[ -4955.54443359375, -5803.17138671875 ],
				[ 6918.54736328125, 6919.59619140625 ],
				[ 451.82321166992188, -9.309300422668457 ],
				[ 451.82321166992188, 1125.7357177734375 ],
				[ 6918.54736328125, -5803.169921875 ]
			]
		},
		{
			"class": "ExoRomper_Sat",
			"instance_id": 0,
			"visibility": 0.93480002880096436,
			"location": [ -5.6118001937866211, 2.7994000911712646, 41.363800048828125 ],
			"quaternion_xyzw": [ 0.12780000269412994, -0.81089997291564941, 0.088899999856948853, 0.56410002708435059 ],
			"pose_transform": [
				[ -0.31220000982284546, -0.10090000182390213, -0.12179999798536301, 0 ],
				[ -0.11590000241994858, -0.037399999797344208, 0.32809999585151672, 0 ],
				[ 0.10760000348091125, -0.33300000429153442, 0, 0 ],
				[ -5.6118001937866211, 2.7994000911712646, 41.363800048828125, 1 ]
			],
			"cuboid_centroid": [ -5.6118001937866211, 2.7994000911712646, 41.363800048828125 ],
			"projected_cuboid_centroid": [ 779.42071533203125, 659.3607177734375 ],
			"bounding_box":
			{
				"top_left": [ 442.58139038085938, 587.8953857421875 ],
				"bottom_right": [ 861.42047119140625, 1006.6796264648438 ]
			},
			"cuboid": [
				[ -9.011199951171875, -3.4015998840332031, 42.443401336669922 ],
				[ -7.1571998596191406, -2.8025000095367432, 37.192401885986328 ],
				[ -10.142800331115723, 6.4379000663757324, 37.191898345947266 ],
				[ -11.997099876403809, 5.8387999534606934, 42.443401336669922 ],
				[ -1.0806000232696533, -0.83910000324249268, 45.536098480224609 ],
				[ 0.77369999885559082, -0.23999999463558197, 40.285198211669922 ],
				[ -2.211899995803833, 9.0003995895385742, 40.285198211669922 ],
				[ -4.0658998489379883, 8.4013004302978516, 45.536098480224609 ]
			],
			"projected_cuboid": [
				[ 665.2542724609375, 438.43319702148438 ],
				[ 694.8563232421875, 445.59408569335938 ],
				[ 575.28778076171875, 816.918212890625 ],
				[ 560.47857666015625, 763.817626953125 ],
				[ 946.15447998046875, 530.673095703125 ],
				[ 1010.1036987304688, 549.3076171875 ],
				[ 899.7091064453125, 892.12432861328125 ],
				[ 848.4951171875, 833.9581298828125 ]
			]
		}
	]
}